# stock 已核验结论	contract_address<TAB>verdict<TAB>checked_at(Unix 秒)
0x0009480d55af09cbae26e35b277ca809b2e37777	rejected	1790434717
0x000ae314e2a2172a039b26378814c252734f556a	rejected	1790434325
0x000fd5fcbb57bd524359324c830e9ea083ed7777	rejected	1790432513
0x0011a78186f5c38467fc72767e2ea3aa91567777	rejected	1790667953
0x0015681ba779f79c3e39069f13dff93a525d7777	rejected	1790650172
0x001790e6059cfb19837475a6d0dcc2bfb0777777	rejected	1790432834
0x0018f68d0b1d3e7c53a4bf4f9af27a9f355c7777	rejected	1790433506
0x0030bcdfd5f600d6a0711d8873e2a968963a7777	rejected	1790433924
0x0049954b4a191630f633f9a2e3a88463c5b07777	rejected	1790668124
0x004ac936b217adc357fd080dadeda81c6ace7777	rejected	1790668343
0x004bb5b58d200fa91f1153057e5ed4c6a7487777	rejected	1790667948
0x004c50688e538270ac7090dde1a77c2f01a57777	rejected	1790649861
0x00504699cdb3181233ccdcac60ff952d96997777	rejected	1790433386
0x0054240c4b828eded02a7fe8832e649c0a7e26d2	rejected	1790431414
0x00579c217e6a109e5ae7155de4a9fdf490427777	rejected	1790650205
0x005fb440bef100631eb42439086d9587c5bf7777	rejected	1790433882
0x0060664a2703aa3a12203eac0c6d8d8e15707777	rejected	1790650547
0x00658dec65dcf99bd46530beebd2cc0c422d9862	rejected	1790650482
0x006bb086b99f86a999caaee9ed636acc4b447777	rejected	1790431650
0x006fd1957444125a7bb1950ac73212e184957777	rejected	1790650077
0x007babe166b10d88aa3d6cbf89b13a46c7c17777	rejected	1790668327
0x007e1de4feb8b3ad02c42ad85210f172a0d77777	rejected	1790650815
0x009342a7313c533441b1d5f14cbdbd23aa097777	rejected	1790431615
0x009ae6fb7b11d12fea7347f671b22cf8453d7777	rejected	1790668023
0x009f5a6a0e196cfda118aba2a872c4c2e0c0aa55	rejected	1790431636
0x00a0034eb0a314e892aedadb36dc4be8f66d7777	rejected	1790650214
0x00a1b6d8d41d4d6f1f890d637589e69a98dc7777	rejected	1790432700
0x00a23d931b37d52991807bee818b8ca0ea007777	rejected	1790649796
0x00a4e9e18b53943aeb6f512c713aec66c3977777	rejected	1790433547
0x00a5702fa25255d252f21e93ff28061259d27777	rejected	1790431406
0x00b2505e605f24d1fa1930d111fc24e32ec47777	rejected	1790668321
0x00be9302370f2b45145d5021708218ec07397777	rejected	1790432508
0x00c35b9cb15c75d7b128860a201f1dbbb7997777	rejected	1790651497
0x00c5b1c8ea2e215982ccf0354c137b3081967777	rejected	1790650266
0x00c6e3b5d5d54e3e72b90b3ef9298b6e97147777	rejected	1790667855
0x00d229ee88d6391c379ffa67a0252504ae3a7777	rejected	1790668020
0x00de57f4c56b5b4f7df736cc5a61b63092f17777	rejected	1790650774
0x00dfff31d25a6c648d78edb4b58b8bc206657777	rejected	1790650843
0x00e5f6b046f630e166dafe0b8d6537469446e76f	rejected	1790650186
0x00e9739e05c95bfec2de5f61dc9b95e233d17777	rejected	1790433438
0x00f02797f75d53a625eb49f6c1e0effc9bf37777	rejected	1790649902
0x00f3e89432106418fca7b2e48e70d1c9fd5e7777	rejected	1790433509
0x00f9f0030a798fc5669bbe689b470d55d11a7777	rejected	1790431605
0x00fceac3d7d688c5d0a779f1d27d647673c37777	rejected	1790649954
0x010a63f5e99bfc77b1eac9b3f62c88e026787777	rejected	1790649937
0x010cc14e369752b94c38c0cf5c4821e3a8677777	rejected	1790650224
0x010fd699e6c33e800737e40eb5d529c776f27777	rejected	1790433548
0x0110b5e7494bc03d12cfcd866c9ff39af8b17777	rejected	1790434342
0x0117d857e8d0534e9c33c95d513e19c1f3f47777	rejected	1790649834
0x0117f6d56328e98020aef8346893409809e47777	rejected	1790667593
0x011a5918ac6ffbb2e212f61210d6769598177777	rejected	1790650347
0x0121d2e929bf5cc9b1b71b14e0634a2eaa2f7777	rejected	1790431397
0x01298e80270c8531fb0c64e97067f2b3bd6c7777	rejected	1790650727
0x012a350e7d3d45d18f00da04fbedfadb80a37777	rejected	1790434816
0x012f91334d05fa8b3c0d40821a463e3db3ba7777	rejected	1790650014
0x01330f99bdad54749c6e834291e370da933e7777	rejected	1790650304
0x013e7b3c4de17936c6b63a7f981cf482fcb67777	rejected	1790431424
0x01404ebca3417fcf3c8a5fec920de5e867007777	rejected	1790667981
0x01417b02585a10dfb511d8f9aa30d8379f537777	rejected	1790650803
0x01438e1b5d5b5d6308d691c22c96ac4caa307777	rejected	1790650520
0x01461b8a1b1a632620c84fe4c65ca4267dff7777	rejected	1790649824
0x015061131db17d7344d599e51a559e0d52167777	rejected	1790650163
0x01509bcfb707fdebfa907fe4eac9384593897777	rejected	1790433602
0x0155d32c622d1ac362a4824445ab486036187777	rejected	1790668033
0x015f1ca22cb3351c7b1b21684017dd110f667777	rejected	1790434031
0x01613c1d1e0cb09ed9e17cd1e3e64d9c14cd0507	rejected	1790434973
0x01613f5d42e80545dae3104f8f684d64a07f7777	rejected	1790649997
0x0161d58e2adf6559176a17a133d5294f2f647777	rejected	1790667947
0x0166a8ea97b43e12cd5066655429984f413d8cf7	rejected	1790650361
0x016ad5e39ce75413f1d7bd656c65e836eb3a7777	rejected	1790433535
0x01790f075b1ca83b44726481133f1f1d162e7777	rejected	1790650352
0x0184e9e68a0a92e7a90cfa94bac17acd300e7777	rejected	1790434376
0x0188cbc4138c305da95ca412ad6440c3ba397777	rejected	1790667745
0x0190815fb1fbc7ba73d2ed83408e19d1b9297777	rejected	1790651040
0x0190a8e0d626c734b333922abfcc68da8d9ba63e	rejected	1790649944
0x019896ce2451c5989f7f0e4436e41ed241207777	rejected	1790651179
0x019e514f7a44ef6b76cc89d09caf293b8db87777	rejected	1790433663
0x01af8c9120d4114b2a78c727a933733cc5507777	rejected	1790649982
0x01b3148aa909bcf55f853967cde902f193527777	rejected	1790650525
0x01b7a9085abe2d9ba4058a99380e2c83c2007777	rejected	1790667869
0x01bc201fb18b72b5108fe872b85e0e5b579b7777	rejected	1790668350
0x01bcb65a9e052d04c720be61598f4428c8dc7777	rejected	1790431511
0x01bea207a83a11d6a255270084e67006e9747777	rejected	1790433856
0x01bff44174f387490dbce7c5a0f5fd5fca877777	rejected	1790668037
0x01ccd7e6da58d2162efe64cd68de9d8266e87777	rejected	1790668021
0x01ce540926a7519b6ad9c0c9631bd8e61f6aa201	rejected	1790650836
0x01ce74f6ba9dc5608b5ad9e4f79c9cb87c967777	rejected	1790433833
0x01d3c71da2410bbcc59603296e5f8f40dfd97777	rejected	1790667919
0x01e4f41d91bf598dedff332357a9f9f782fd7777	rejected	1790668092
0x01eb133f2bcaf45a5b1862460950f87896127777	rejected	1790650781
0x01f118569d643f24e0e5ca2f0a82711727077777	rejected	1790650407
0x01f46a819e7e15def30d2347bab8fea8287d7777	rejected	1790650132
0x01f51b2c3ce09fff5bbec5c62d8807de61cb7777	rejected	1790432974
0x01f5a0e8191e1dee46b2816ea4102721a9d07777	rejected	1790431622
0x01f9abc4dfbe87b8ebaabf935dc4b75360617777	rejected	1790650392
0x02078e4c26fbeca3887594f38cc81827d93c7777	rejected	1790667996
0x020be8fcd01f46fc0bd838901f1ae2700b1e7777	rejected	1790667865
0x020e433f5b47de98b2ae10ef926d1e7251627777	rejected	1790650873
0x02128be61d2cec44d6dc7e573f0339dd00247777	rejected	1790432710
0x0212fa371ec68830d96390dfd3db447db0183c95	rejected	1790650687
0x02141fd590ae3b30b256397e274b129225a039ff	rejected	1790649740
0x02224b6dc77defe9f05092d82af1c679d1c77777	rejected	1790650455
0x0226da313f05a550bf4fc1537feb4800d4d67777	rejected	1790668039
0x022acc34928670024e7880a69dd4d4ae949bfc24	rejected	1790650310
0x02329b784caf0b947b8f7ac3be707dfd43297777	rejected	1790650215
0x02337e49895855830c4d76033811ddc6cdc87777	rejected	1790650239
0x023acfb6e8f37ba26642f78d0e715ef2a0ea7777	rejected	1790433506
0x023eb971c2608ae4aaf56fe3b1c80dd2d5147777	rejected	1790650535
0x02427334b686676a9843f0681072522244447777	rejected	1790431596
0x024ccd30145f1cfd7ca4457a4d56ed661d947777	rejected	1790650921
0x024eda0a2c0818f71f544a21bf2df7f373307777	rejected	1790667881
0x02505cd78e137f68f8f9e83f9178dd1496d57777	rejected	1790650786
0x025d9cfa55957ef26483f3729a4a332fbe967777	rejected	1790667957
0x02615fb0f20425102c99b1823fe38751f53b7777	rejected	1790667373
0x0268ea85c9cdfac7f4762f33e43600017dff7777	rejected	1790650725
0x026c12512ab737ae79efb28de4a94928b9bf7777	rejected	1790650368
0x027c02bba465cdd5bbc21238c18ae02543727777	rejected	1790433668
0x0281135b49e36e76a88f0a72a895d625de788888	rejected	1790434617
0x0282deb8fb1246b3ceac3f04b064674773417777	rejected	1790650328
0x028645eb9ae95e66dc3f5b348a7970caeec17777	rejected	1790649953
0x028999fa9a2184131029b26f654b7a20bd3cb361	rejected	1790650036
0x028eba4a78d57286b50ea1a0a94906e571db4f00	rejected	1790649767
0x028f82daceace38b4a44f59c7c8cd4be8984ffff	rejected	1790431416
0x029593cb9a9a790b60a558f059861ee70c5c7777	rejected	1790667930
0x0298767fecf0849c81f292fc0d970a056fea7777	rejected	1790667871
0x02a1b459ff6c4d1e72d1ea4f496e78a391ab7777	rejected	1790650849
0x02accd2adeb4f91cf5d171e3f48d2ff660157777	rejected	1790433890
0x02ad4a4338c3dd928b5596922e4dba4a56ee7777	rejected	1790433435
0x02af29aacb36701f415ce7b6b34e9004431f7777	rejected	1790667852
0x02b230d29ce143dcaeadfef65043df4ab77b7777	rejected	1790433671
0x02b358e4054b3fd0ad4a17f187d484552ba57777	rejected	1790651046
0x02b5d29da5393b36aae7dd752eea651c90157777	rejected	1790650794
0x02b7673bf9c2f89007d90b80c8c09e04eee27777	rejected	1790668064
0x02c64b9aeeb4fb6eac37a9c72c9c82089d507777	rejected	1790434999
0x02ca1e3408926a3bbc5bfbfca25a818de7077777	rejected	1790433823
0x02d12f8ce83bd4d0d106255a6cfbef16d5977777	rejected	1790434711
0x02d5952ed66023fcd2b2cfdf9c6c839129c17777	rejected	1790649821
0x02e1f219a68bcd0056938c44dce2b7190f907777	rejected	1790667840
0x02e75d28a8aa2a0033b8cf866fcf0bb0e1ee4444	rejected	1790434194
0x02f0540999f36dc29095737e29ab735558717777	rejected	1790650457
0x02f22ab9687f85ad081c22840826d2c3a7137777	rejected	1790649842
0x02f7e346a44d78e068119f19bebb0822b8527777	rejected	1790650468
0x02ffb3fa315938fee74f67a84c7243d6976a7777	rejected	1790650459
0x03000095b648bed2d804031de788775e30d07777	rejected	1790650135
0x03042b082046b5f10e1396ea38c9ed8a6d8d7777	rejected	1790432716
0x03048b3cb1fdc25d72fce755e9d1fb8ecc1c7777	rejected	1790433451
0x0308a0cb7cc91b3a7815685a3f456f126e237777	rejected	1790434011
0x0309c81187b6c43edbd0c3e7be7023d911277777	rejected	1790650727
0x030a2b4f7b30258e95a73154657f8c8f75367777	rejected	1790433729
0x0311ba98b74bd13b5fad6e4efff83454d0d77777	rejected	1790650384
0x03130acbcd94df1999b6ab9adedee42c4b987777	rejected	1790434040
0x031b41e504677879370e9dbcf937283a8691fa7f	rejected	1790434582
0x031cd1feb038cee739dcc2507144923a23777777	rejected	1790667876
0x03336458352f442ff866a937859b7dd2a78f7777	rejected	1790650095
0x03362d961ae43eaea70a17676a299a37756d7777	rejected	1790650174
0x033985b125e58ab9676e3b2174a2c29125a37777	rejected	1790650788
0x0345e748c34360d1fd36c60a9ccd394475847777	rejected	1790433515
0x034766ea10f9fe5fa66764cdaa8412d8371d7777	rejected	1790434578
0x03592100319d8a30d66bec06d63f2e576eb57777	rejected	1790668066
0x03689e5c91f77afc83e0ea72538cd2e1c48e7777	rejected	1790668350
0x037098d2599157ab091c21d242ba73ec6d4b6729	rejected	1790650412
0x03753feb37ec7b69d72d616849ccec40a4f77777	rejected	1790668082
0x037e7cd99d8ba3a1195a948c4b7b322d6c2e7777	rejected	1790668161
0x037fec69147f85602a795e5cac49c4718b1a7777	rejected	1790432989
0x038823539d8a14f421aa4c2a656140b61aa07777	rejected	1790650797
0x038fbddc4c99b761c317a71162633416d5f37777	rejected	1790667707
0x0393c28065c54e48b45bdb05eff5c401cf891da1	rejected	1790434324
0x03a9fd5114c852fea7a76d89c71b8fde5ada7777	rejected	1790433822
0x03aca5a840783076a5bee7fd608a9ab7f9f77777	rejected	1790649978
0x03b1609657cce57b0429a0fce761e3b9b3897777	rejected	1790651032
0x03b2e57ae59c78a529852df49694c0834cf77777	rejected	1790668017
0x03bcb4a070477f06a9de71f887169be6fd5d7777	rejected	1790668035
0x03c0a8266eb312b83fee86725b91204531a57777	rejected	1790650159
0x03c59bbf8ba49ce79831403b86acbc40d3167777	rejected	1790433611
0x03d6034e31fe419c2fe6f66426c2b6e6ab4c7777	rejected	1790432702
0x03dbbf9617e55285823b1da89c4f1ada54c07777	rejected	1790668351
0x03dcabde61d9c4b8adf736c36c88fd62b6997777	rejected	1790649736
0x03e832e17dd69bc4165590995cd986c758187777	rejected	1790432173
0x03eab0c487a39c73fe8ff63c9395d58b830f7777	rejected	1790433533
0x03f292ff252763eea5039deb6f0db7b0caa17777	rejected	1790650518
0x03f2a116348960632319eb2408f7cec0a8557777	rejected	1790667927
0x03fe2959954294ccf23b1ea10bb49c9071f77777	rejected	1790431636
0x0407dc97c3e53b745f145cf9ba548031ebef7777	rejected	1790431666
0x040b90aa99be6f0d38d86f30a274a194ccac7777	rejected	1790668026
0x04107a976f22ae9a7733f326fc226cb364d87777	rejected	1790434368
0x0418f729206580924883643718d917a0c3937777	rejected	1790650351
0x042c1726b497121bb8448e4658230e25b9227777	rejected	1790668043
0x04367b8be213b14dd8443558f383f14e06677777	rejected	1790432876
0x0437c519e1bd3116b135eba558b9e36dd9517777	rejected	1790667843
0x0439042cd90945b04eb607c0ee2c8f2584297777	rejected	1790432822
0x0442ab19c1d1c45b87474fab669348a32bf17777	rejected	1790432949
0x0448bfb22637cf96c8116b8cae24d1e5553e7777	rejected	1790650384
0x04530ddc4e83323f25ccc39a6a803880c9d37777	rejected	1790667373
0x045688c6964831ff062dd5b1e3d98f2b97be7777	rejected	1790650862
0x0458270fd6d60a37d54b1d4ea0a21adc13ec7777	rejected	1790433452
0x045c4324039da91c52c55df5d785385aab073dcf	rejected	1790434581
0x045e42d5091d2aa7ec83f08787f1e1a050757777	rejected	1790650215
0x046f6c880da985a5c06f9c7f949655b745e07777	rejected	1790433819
0x0473a49eb554c46171b88842fac8cca3f8387777	rejected	1790650165
0x047b8fd0c4abaec96a3bb38079cb83ec72d47777	rejected	1790650096
0x047d4f93045292bdc2cc7ced1ecf71dd12377777	rejected	1790434373
0x0489394f569fecc30765175075fd968011ff7777	rejected	1790433665
0x048cffc7bd5108a4bcef011312207470e0337777	rejected	1790650072
0x0495bfd4e1518004dd049c2344c16566e3cc7777	rejected	1790433904
0x049975c10d94038534ee281c94ebe13867df7777	rejected	1790649927
0x04997e91cc9fe0f88ed3c449a72196a30c707777	rejected	1790650426
0x04a06eb9245993f38913cda8d79b7aed69147777	rejected	1790650414
0x04a8839d5e9ec6e0e647d6bc22037f86fe2b7777	rejected	1790667359
0x04ab3074bc7cccc23ea36d5bbe68d88fbbe37777	rejected	1790668091
0x04b0e9ebec91538a99480fbbdd75d7f0ba9c7777	rejected	1790649751
0x04bfe86076e81c244df00d588a4390c875a97777	rejected	1790650231
0x04ce92aab943114a14857880e59c8a2d63f87777	rejected	1790433556
0x04d02068d11db8ebb9481f86b46fbe50d6957777	rejected	1790650294
0x04e422c176e63144b68c03e8cb4ec6bd60517777	rejected	1790650496
0x04e69ea47b4ba6d5e7db7798d8fbb1be50fd7777	rejected	1790650761
0x04ebd84c85caa3164989bc160eab68c55d5d7777	rejected	1790649818
0x04f24bbc6bce634a9344d8fd0d75d76097c57777	rejected	1790649970
0x04f30f5d751679b1f1460c3c8c2976cb9f9c7777	rejected	1790650452
0x04f60d35fce7b7b0b00bf1475ce1efd2ea847777	rejected	1790649916
0x04fa880dc396a1e62bbbc71ac286f237ad5d7777	rejected	1790434040
0x04fa8e37ce1cbac6206f6c1c91d2f007ee0b7777	rejected	1790650938
0x04fb1f8d40cf32df1816ace24b8446ddfe517777	rejected	1790650744
0x04fcb5fb7cb8e18051d081720abfd282ff8e7777	rejected	1790668137
0x04fd1941273c007348710954c2586870472f7777	rejected	1790650697
0x0506aed6a0172301787b03050a32c2546bfb7777	rejected	1790650678
0x050afb5dc163d46af4bab36037f13c45f78e7777	rejected	1790650082
0x050ddea52aedceb0fe6a4cd8add42935a83e7777	rejected	1790650423
0x052dcad5d3cc92615332b9ae8e024f3dbf0d7777	rejected	1790434819
0x0547e52cefa6d95972b0a09abdbfe01d5db67777	rejected	1790433922
0x054f866a57c5991c06b1da8d32c908cb2e027777	rejected	1790650838
0x055094209af6fd9350a0073e1991dc56a7f97777	rejected	1790650150
0x05520904f017d27ce822172dd0375dc0129b7777	rejected	1790667512
0x0554a456e7430e421aaff888a6e8c27b9a3d7777	rejected	1790433566
0x055559889b50882f43d95d7a6ebc2d31d5617777	rejected	1790650694
0x0558c6d52b0a84c0fd8cd6727cc304b161f37777	rejected	1790650526
0x0559ea4cf3cf1c9a63f16af01d5fafc6848d7777	rejected	1790434381
0x0574e53f8214d0402c8388b4402113a74354d1b0	rejected	1790668251
0x05751f663b5c339813ad12707921486520e07777	rejected	1790650735
0x0587097436b08c090c4409fa68999f5831437777	rejected	1790433448
0x058983749bbcddc64d3a009a2e73abf467fc7777	rejected	1790668159
0x058cbf3d51761dbcb8f38247325df1ab19e47777	rejected	1790667979
0x059308e90e83d4b09bd8e55a7daac51691177777	rejected	1790431520
0x059b6c55262fe295afa20b65035a7409e31a7777	rejected	1790650582
0x05b4def28b2f970d4cd5258cf1853f8c0cd47777	rejected	1790650899
0x05ba060bafffdd759c0c0b8139c71345bab07777	rejected	1790650527
0x05c6f9d8c2f5fb9635310e144d9346b10d327777	rejected	1790649946
0x05cd7f7ff994bd552f4141f390dbf90558b27777	rejected	1790650002
0x05dad6306f4f845825f9a81c4f612669c9797777	rejected	1790433711
0x05dbdce8b431c3152674a3bb268ae7e9f7917777	rejected	1790432733
0x05dca3880955beb000e286e9d42dbeeb01407777	rejected	1790649952
0x05e6aed2961fbdd87b27530af8fc16c01e3b7777	rejected	1790431389
0x05f26513db789332eb5d93382dbf0b2a20b47777	rejected	1790650822
0x05f7f63514e5d72aaf5439bfeaf0390b5f0d7777	rejected	1790668118
0x06011279d7c04294cfa92a0a29d9c40edb267777	rejected	1790433996
0x06030796eda8d48af91a35e16ef5ebddd0bc7777	rejected	1790668005
0x0608a175712cfd0072f677a862e7167ace8f7777	rejected	1790667362
0x0609b1782317d980327b1d9c1490dae5366e7777	rejected	1790667701
0x06131658f8371fabdfd0b2a17f7afdaad4927777	rejected	1790433467
0x061446ae658c050cf5942b2e59d23d9f76067777	rejected	1790667698
0x061bb6b23248e28d854a9ed36e6d7fe8a59e7777	rejected	1790431640
0x06246e6d5494d13b9195a69a57f66fe367087777	rejected	1790434790
0x06280b8093b1d01f20ce934902aa29bc2ec77777	rejected	1790433390
0x06298deb58e52f512f91a7d3116aba20c80e7777	rejected	1790432678
0x062b93cc12881630879faf5f357705b3afdbc0c0	rejected	1790650897
0x0637d87b7e574ecf0915f4b3f31ba9360b947777	rejected	1790651097
0x063a53cf5cbade312a7a229bf21133989a987777	rejected	1790650686
0x063ecb5db01c68e50408e69ccbd14aa19c2a7777	rejected	1790667755
0x0648961300355ae150d0843cc0c3c521c23a7777	rejected	1790649988
0x06499f420589ba7bb69770d0d37bc6880c8ea568	rejected	1790650887
0x064b9b3ca741e7dbc205e44d6d3c0a01ffdd7777	rejected	1790667602
0x06532d8ab0bd2e90769f8079f8185334d5227777	rejected	1790432506
0x065a3cae1bf38a3a8b62f44be661a0b76d667777	rejected	1790649916
0x065ad1e4a9bc3e9d555b5ccd7074d426331d7777	rejected	1790650726
0x065f3b0970ae571020b25a8b360aa102e1f77777	rejected	1790649928
0x066068c58148e8b78ff029ad4543468e24687777	rejected	1790668024
0x06671632baed9496d071f5c993d0d42c235b7777	rejected	1790667516
0x066aae9bdc47de5d6fcfd945923e587d7c777777	rejected	1790650424
0x066ac117554412de575e7b4e064107cf689e7777	rejected	1790650214
0x068b3fb95549e5656eea4edf6993960603667777	rejected	1790434403
0x068b4082553af817000b220c81ddd23867d17777	rejected	1790649917
0x068b4309f190704623000176b113686daabb7777	rejected	1790432830
0x068c9ee8ab2ae6a94bd1a8998809d0b01c857777	rejected	1790650575
0x0699d6c9128549b249ca7151b2befb0aa6bd7777	rejected	1790650149
0x06af75f999d0be06ead9292f7900dc6e83a17777	rejected	1790650695
0x06b1a9521545af4636c559e53d37aaa1ef6f7777	rejected	1790650885
0x06b348b4b2315c27ed59d2fdd74ca4a6be9a7777	rejected	1790432537
0x06b775b79cdeafa08782828fa65b4f82cd3b7777	rejected	1790650751
0x06ba737dbac0543a4e9005a76452642321a0745b	rejected	1790433594
0x06c3c5ccdba6067ae035102f7d81a6c364477777	rejected	1790650775
0x06c97077ecadcaea91d29ddb632f7fd57cbd7777	rejected	1790650499
0x06de40238ddaf510559046a9fa58ef7049757777	rejected	1790667732
0x06e00ad4165a6424f6d15c840eea43de73a07777	rejected	1790432969
0x06e1c3d38dcdb74f9a196598ea34a559f1af7777	rejected	1790434142
0x06ec9ae77ec975ec89cdcb1d47bd7d8eac8a7777	rejected	1790650556
0x06f351c7a1ccdc1a473d760a48538bed50cb7777	rejected	1790667702
0x06f531d2f44e6a01d1a84b91819f7d1cef6e7777	rejected	1790650551
0x06fa9b7285f319084cf9c158b59e61f4a9777777	rejected	1790650472
0x06fbaaeba7138c0f45ef3483f47b137179587777	rejected	1790650846
0x06fc33dfe9d84c188883590c601932c56c817777	rejected	1790650052
0x06fe2980f07742338cb7aacc57500647990e7777	rejected	1790650750
0x0700f752cdb8fc4cf6539bdf5681ea6153d67777	rejected	1790667894
0x070cd758124db6870daed533822ca3e10ebe9359	rejected	1790667692
0x070d740744ec31bdee5d212895bb77f8d3807777	rejected	1790649836
0x07103f17b12c803d9c28ed9fe2e3324ef60d7777	rejected	1790434616
0x0712dab56a6ea27ec26795b6dcb7d3e1549b7777	rejected	1790433441
0x07131d552fdbb34eebdfd0e731781246a4027f45	rejected	1790434345
0x071a2e3bffcae20aceae5c47147b89fc3c8f7777	rejected	1790433502
0x071fef3f8537a166e7caa1f4a7dbaca143537777	rejected	1790667598
0x072d2d106f772cb630fd6d77f197d8f74c03f669	rejected	1790434596
0x07304bc62429cabacc8b3de75bea29c107867777	rejected	1790433609
0x07370bc7984f84bb7b108e1405bedae0e9687777	rejected	1790650653
0x0739c30a7796262c4924666922835663667c7777	rejected	1790667608
0x0739c58793af4459adbeb08867d154d2c0017777	rejected	1790667703
0x073e514308d34d042d80550622a5c1754cab7777	rejected	1790650341
0x0747162f9d14bdfd2d0c73dd75b2757588027777	rejected	1790650842
0x074c88e28bada6119cfb5928560e3a8f8f687777	rejected	1790649954
0x074e3d84bed2a9e77c1b2046b6f96b7de7d57777	rejected	1790667769
0x075abb37df89a5147c78ca908fcebd47cb127777	rejected	1790432705
0x0763677d6877702e8dbe5c4fd4616422c9177777	rejected	1790649823
0x0764970a280419e21eed7688f4506e26f9797777	rejected	1790649853
0x0765abcc8d7f79ea570c3ad9ea34fb532be87777	rejected	1790431618
0x076c546e8dedfcd38873d21e73ce1bfea0a37777	rejected	1790650161
0x07705d34cd417f7462deef1d5c356dfa5e4f7777	rejected	1790434018
0x0773c09b07f9ce3e85277acabdbad9d5dd397777	rejected	1790433735
0x077e93090587764c44a7bccfd4a8b90197077777	rejected	1790432950
0x078ad151b129d97a26c8cda61fca0d292ca97777	rejected	1790650245
0x0794250fdcf100ba6131031586a252c2a1df7777	rejected	1790434495
0x079d05945b457d5c2fb1c302c5e6fac82c547777	rejected	1790650370
0x07a30a52d525d03710047fd58fa7c14769117777	rejected	1790667759
0x07a6b382d16e69f1bc3cd2c6405d05ff57577777	rejected	1790650181
0x07a6c705bb45a2730ba0b0c9046dcc64c2617777	rejected	1790433509
0x07a7b9f953f9aa2aab85f9d11ab47eb1e17b7777	rejected	1790650134
0x07ae55450379d95e6aa8372da94f82b094d97777	rejected	1790667594
0x07b50350a4fdf30814815c61b500db5748fd7777	rejected	1790431509
0x07bd96318961c0ade10728156101e515b7827777	rejected	1790650293
0x07c39d4529c8cb473ab53f4915b6269bf4a67777	rejected	1790432861
0x07c3f08e5f7c4b721a053084061cab2070047777	rejected	1790668150
0x07c444c6f0d26c3b873ad50fe8021f10766b7777	rejected	1790434503
0x07c5bd78cc9322c4d6c1327a937be97f6af1d41f	rejected	1790667599
0x07c877cc27d078c73ce8a54c545c0b17b32d7777	rejected	1790433682
0x07d53313d5f164e191381d9aee159a6b36817777	rejected	1790434040
0x07d7770a5b1a92f214113fe1530d17fcf3627777	rejected	1790668151
0x07e8112f526e0068e7e7e7bd8ea43baaadec7777	rejected	1790651077
0x080cbc85ab662ca5c34a156feed81310645e7777	rejected	1790650063
0x08113b5737a57a13e6bcac4638300e5610cc7777	rejected	1790667869
0x081803f401b45fbc67df4ec87f1f6fd33ee57777	rejected	1790434970
0x081864f6c02b76651714a09992588ec419637777	rejected	1790650774
0x081a4e9618d300f20be477891fabd574964e7777	rejected	1790433451
0x081a878d835d76201d999cc37720b995b5777777	rejected	1790650830
0x08246a4b12660568d45df58d121441a9c98c7777	rejected	1790668323
0x08246e7a5bb88cc896db0815ba10b304c7127777	rejected	1790433133
0x082873b9ec6d3adcf86f1a3152fce83c09a17777	rejected	1790650653
0x082bbb65ef4e8f3fb775436aac15d6e04cae7777	rejected	1790668151
0x082bc210498cbdb28f6bafca13e5baa306187777	rejected	1790431394
0x082e314f4e63651e7621b38e9be1d19ea1347777	rejected	1790649987
0x0830f4205bd39ec1c55cfac7ba34e885c1de7777	rejected	1790649889
0x083214d04e42c91004bfa416e9c73ab3cde67777	rejected	1790668248
0x0833946c29eeed019bc1cca2a030523168ae7777	rejected	1790651097
0x083daee7eecdbcb96c3d1a5faaec736c4f387777	rejected	1790649900
0x08507b228dfee8bb339afcb422d664e7ee177777	rejected	1790650577
0x08561c5ef727ed5ab9a8f2f04b4a08e1f07a7777	rejected	1790431432
0x0857ac2de3f6797dfb1249b7f8288275fd927777	rejected	1790668333
0x085fe2e254162152c4e07d87f76c458c98047777	rejected	1790649752
0x0861aa87b3af05936e6d64bdc8066dcddba47777	rejected	1790668345
0x0868ef042d5ed6fe236933571baa5ee3d6377777	rejected	1790433691
0x0870b324b1094dc0fcd68878c6ee254aedb77777	rejected	1790432165
0x08785691b1e3bd98ad4cc40bf611f0ad65377777	rejected	1790650929
0x0878690c8ee2d2b8bca7bcd4d802694ea90a7777	rejected	1790667845
0x087b0f971f2d95f039a02dcd9adb585053e17777	rejected	1790434003
0x08843cd956521e3fda8f9a69b9bebc7088dc7777	rejected	1790434399
0x088582f8aef66c209fdec337ca4e983b2cc57777	rejected	1790432873
0x0889a41e6e7d8da078c828ebfb26690e2a2e7777	rejected	1790667925
0x08914532b9f68b784134e4fa27e6c6bbb1fb7777	rejected	1790650489
0x0893e97c14c0a6a21cd9af594ed68ac745377777	rejected	1790649895
0x089541d71502123e35a98678cf9e6f0c7c157777	rejected	1790432537
0x08971cd8289344012f894a54fe8cfd1167d2ffff	rejected	1790650428
0x089c3df50623550661163756bec1b4e6d23f7777	rejected	1790650494
0x089cef9cccc74764fc17d68d5d5abd51c21a7777	rejected	1790650329
0x08aa17a10afd4d8a3b2de3afec9f415b33407777	rejected	1790434614
0x08b0c93230c9eacdf41f14f1558d87a7566c7777	rejected	1790667724
0x08b10654a1904be0b28c68eac4d5dbbe44737777	rejected	1790667966
0x08b2d59f625b36bb78d9cd03667605a6ad367777	rejected	1790668131
0x08b329ed860039eb91c4cfbd1ecc422520f17777	rejected	1790433751
0x08ba61ebebeaeb59c247bee71585f54d39c1e56f	rejected	1790668059
0x08bb7d8b5688dab53346a54ecebc4c27023d7777	rejected	1790433664
0x08c40cae108d8b73b1090864b9f49250fa997777	rejected	1790650733
0x08c6cd9f8e4f402c17798b083645f54159857777	rejected	1790649725
0x08c8bc94ea7fc39417806b0a4dad44bf5c357777	rejected	1790667846
0x08cbadfb4ecd0694cc0e8f94bd98c753cf6a7777	rejected	1790667746
0x08d284ff3b944bebc9971614321dcadddd7e7777	rejected	1790667900
0x08e4a92aa1f89e0621b7322d7556d105884d7777	rejected	1790650076
0x08ec43ee2bc11341f03acee0f48aa89bc61e7777	rejected	1790650770
0x08ee5487a291314a6cf7a6ca2485a7f6f0407777	rejected	1790432681
0x08f08f3f95c09b4f0768b21ec3e6ae53af6b7777	rejected	1790434481
0x08f51cc034255b01c5959683ef4be4afdf507777	rejected	1790433455
0x08fb82bb70de798ad3594aa9e76442b51f587777	rejected	1790650373
0x08ff2de8596de1f51ee45d7400eaae84733d7777	rejected	1790667737
0x09052d81ad07e6f43f9c2795be6da21bc7847777	rejected	1790668069
0x09070e1ddc8d9ce7b83b1b4b559b5aa50fcf7777	rejected	1790649726
0x090de3c019d95795768e78337ce3aa2a3caf7777	rejected	1790431513
0x0913a20276e66c4011453398680ff35b42ed7777	rejected	1790434701
0x0914d00316292232c6a39bce21fb90ba36c17777	rejected	1790668083
0x0919b39f5f6ce5c5872042efeb3fcd87411f7777	rejected	1790649965
0x0928f814ef33f6ec794db4d4cfa35cf061a77777	rejected	1790650114
0x092a71e05cee217c13981148f0a0e15f5b477777	rejected	1790649836
0x09372b384050a6876fff7dd04332dbc01afc7777	rejected	1790431600
0x093771812edb2cd5c2c435c8944dbea512657777	rejected	1790650146
0x094176473ab7416ee7c7c26dc432e1ca7e897777	rejected	1790433904
0x0947c98eddd06611f4162b0c93b7c1b16cbc7777	rejected	1790434987
0x094fc86736b8ac126bec45ec6e1b475d5b487777	rejected	1790650777
0x0956cacc9199a708e6902e662cdfe4d6d7a17777	rejected	1790650070
0x095956b142431eb9cf88b99f392540b91acbf4ad	rejected	1790651062
0x096d66dafc490e7b03653b229bb04b878fe97777	rejected	1790650497
0x0978eedd2555be0f16ffa6ec03f18a4665e57777	rejected	1790432953
0x0982b30226e0a70318e7a423ccf4f00f9d797777	rejected	1790650383
0x0982b48e4946d0ba4b3a55bf93bf78609ff67777	rejected	1790667988
0x098554e746f413e9db3c5a302ebde0b7119d7777	rejected	1790433740
0x098b43e058585b2a6f16020999a2ad27541f7777	rejected	1790667944
0x098c5b26f0b90f3b8b3d1d620cbbd5b62ef37777	rejected	1790432875
0x098d136a23ca2ad249877ed65e0eea10cf5f7777	rejected	1790668258
0x098f785d58358f1dcffda3fa7f9ba3457d947777	rejected	1790650823
0x0995a1ae74d3d60546997f2d0c713c1d97fa7777	rejected	1790650043
0x09960f6df61140c60a5736d49a8671956d1d7777	rejected	1790650427
0x09a3ad3b9dd6af055d374c7253d4d17734537777	rejected	1790433599
0x09a93413a331b81cb04e930f9ecb768e33697777	rejected	1790650243
0x09aabe425e68876657fbeec5a68f98dd84e27777	rejected	1790651075
0x09ad337477dde011660bb6b8000304cab2a77777	rejected	1790650690
0x09b07206cb47283142c65612678660c4a5767777	rejected	1790431509
0x09b316b4c6aa0699286ef0a4ff095abb85c47777	rejected	1790650568
0x09bef253d1b2aff3bfec9dbbfbcee8c04c3d7777	rejected	1790667865
0x09cb2d32f95f5d84c6b5faa9c1b8dfc9ddf97777	rejected	1790649908
0x09cb76e5f7ad7911a92997a68ad048a6fe3a7777	rejected	1790667932
0x09d4901e4bbc8ffe2c68c863380989221a7f7777	rejected	1790650232
0x09d538a28787d109ddb50585026e7ec78d847777	rejected	1790668251
0x09dd03d1a3b33a57d183b6648953193e35d17777	rejected	1790650504
0x09e15c5aa81b114a1cbbbac8edc86af5dfb57777	rejected	1790668146
0x09e652df4c5b80d7113aaea28be2ddd1ac127777	rejected	1790667856
0x09e78903e0a9345806a1638e7828cb4bd67e7777	rejected	1790431393
0x09f11eb1c6d230802de304dc78918e3c80c97777	rejected	1790651028
0x0a008f70229a2cb6ef864aac4a87824a720f7777	rejected	1790667873
0x0a0629e8ab23c1e025becc6d5590d59c965b7777	rejected	1790432495
0x0a10c6e97b7d5baec08c54fe0a95f6c4958a7777	rejected	1790650178
0x0a11d339453d9675f675c16e634934ae1fdf7777	rejected	1790650566
0x0a1441c120b0e93cd58d0b93ca14602d81bc7777	rejected	1790434790
0x0a28a59b87320258d3686d8b9c339d6456657777	rejected	1790434316
0x0a34b14f081484378d4b65984dc9bf311c8d7777	rejected	1790433600
0x0a378ef89d6dd3185c70b58a51c081637e697777	rejected	1790649903
0x0a3f4deb278db95dd032f290ee4df91d6d957777	rejected	1790650663
0x0a42ecfb73bbd10e964d0bcfee6ab68eac407777	rejected	1790667892
0x0a43fc31a73013089df59194872ecae4cae14444	rejected	1790434499
0x0a467f3e59da9cfa5fc65fbef6c0ffcf60167777	rejected	1790650545
0x0a4688d0681f5f4f3e2dd967b67b31988e757777	rejected	1790431637
0x0a4add2a7dcdfb0712d44a909d09646a9ee27777	rejected	1790650447
0x0a5ae5e9b3f65ba6449b402fbe596ff8be177777	rejected	1790649738
0x0a5c78a366a9401b19bc10485cf36fef5c397777	rejected	1790650145
0x0a65a7111b81571f75cda062c9680ecb558a7777	rejected	1790651042
0x0a6f129efc072bd90493056a4c2da09e88737777	rejected	1790651187
0x0a72eac55e0289cbbd3fd3f5af2b8072e68f7777	rejected	1790432537
0x0a74054423f2f19300a74af1a17faeea4ce17777	rejected	1790650419
0x0a7acc1a645c373b427e4c7db382df9ba6637777	rejected	1790667935
0x0a7fad30cab0657df92cb514b24d60bf6c7f7777	rejected	1790649776
0x0a83760df2cb9812ced88f096753559f1afd7777	rejected	1790650714
0x0a84500ac4905eb8f54757114bc0a2d357b67777	rejected	1790667366
0x0a8e0495ec1264b4b8fa35acb94b4e1d87487777	rejected	1790668152
0x0a965061e769fa86bebbf667eea1f8c225087777	rejected	1790650889
0x0a988fe9bcc0a33c05766513e78745eb2f537777	rejected	1790650405
0x0a9a33f524a70e67a5778d87a55bf77d26987777	rejected	1790650083
0x0a9e2c36a6852cf6db3349aaba2b905e6e6a7777	rejected	1790433628
0x0aa86e593c222d9fcacfcf5b622d695647a37777	rejected	1790432161
0x0aaa19ea9cfe275a774785783d6813a94d5e7777	rejected	1790431404
0x0ab99c871c06acdae716c5025d72f2ea89f27777	rejected	1790433446
0x0abd70725e54195c1256e7dfaa5d1b1e60c63292	rejected	1790431444
0x0acb2a5ad0171236207ffa0bad81718921347777	rejected	1790650108
0x0acefcd3a068fbacebf982094777304264a47777	rejected	1790668098
0x0ad1be651431f5fea15ec904b73e9b5fb1a97777	rejected	1790649809
0x0ad7aaab0e87ab3f45890ada775e71ae54187777	rejected	1790650539
0x0ae640f1c026483e77454cd43d079e5ecc1e7777	rejected	1790667891
0x0ae90ca508d042a883a556fe4090328e111f7777	rejected	1790650151
0x0af2525bbb9388742009c44c2ca400ff41ff7777	rejected	1790668328
0x0af861eda6662b3066682cdd5c094a4c241f7777	rejected	1790667912
0x0afa7c7e7bfdbb0cf1a4509f0c74bfd2cbad7777	rejected	1790649991
0x0b0234ca8e2781dc8c50d020335aa99637907777	rejected	1790650679
0x0b0c3b5426c3c1be750698035ac6900af8c57777	rejected	1790433996
0x0b11e84984317d6986ea7cfd85be0cd65fb77777	rejected	1790650182
0x0b218079ea662223b8150dbb55f451cfb0357777	rejected	1790431440
0x0b284071194c74f889b1ae28ff0a5bed95d87777	rejected	1790431635
0x0b29106ea5bce53a6f9134e4ee0b0e8e77ee7777	rejected	1790433507
0x0b2ff17381cb3338345f0f0a6630bea289dc7777	rejected	1790434718
0x0b31842b06b8c00e22ed2a1f416e7bd8a07e7777	rejected	1790650551
0x0b3663d3275a10f2926ca7276a57f0f9e4687777	rejected	1790667994
0x0b369f7132c84fdb7d3fda825e32609f7f5f7777	rejected	1790650376
0x0b3995349f1893c5101185a18755a794e9077777	rejected	1790667690
0x0b39ba43a93690fbf65d3e1b9963fdc568ed7777	rejected	1790432711
0x0b43c50916300c46cfdf7ac1b98f37fdb0b37777	rejected	1790650065
0x0b5c496fe3abb7b023010e68e1e3081113d17777	rejected	1790650832
0x0b5d25e8baa9578c0a8ef89053f3179206a27777	rejected	1790649895
0x0b684a9cbf71ff412593ff4af3a8d28175f27777	rejected	1790668046
0x0b6b6f89bcb490cff7886c0111a18bcd320d7777	rejected	1790649924
0x0b6e89528cf41f7481ddd6e9afc4135779257777	rejected	1790434586
0x0b817b95cf1e68bd48b6e25b809fc20286917777	rejected	1790668107
0x0b82e372a56e0bb342bf6ab716a33119c67a7777	rejected	1790650580
0x0b8b3df1fb4fb273afcb130e8357241ae0019060	rejected	1790650847
0x0b8efe5effbd6a9d1c318d5b8aded59e296a7777	rejected	1790432509
0x0b8f7cdfd8c2ecf35a11524277b6af60c6667777	rejected	1790433506
0x0b9975e090c8401c91f0c1f66693631366ef7777	rejected	1790668020
0x0b9a87a2606ca8b2ae98b6acb267c75b4a717777	rejected	1790668138
0x0b9dff64c3bdcdf904a71a1df978cfe6511e7777	rejected	1790668106
0x0b9e89dec665aa441162b31ba7fefcc82aee7777	rejected	1790650583
0x0ba44a21b682ba63b8db2475455003b6f2aa7777	rejected	1790650454
0x0bb2a8daafd07c315899e9ff0ee05f29e6ef7777	rejected	1790668045
0x0bb3fa77e0809f42948e435f04883c25415e8263	rejected	1790434494
0x0bbe0cc0eedd2b6552a19049e1e49114429a7777	rejected	1790649857
0x0bc552351eb3209b80f7c24e7e5f30bfd3bc7777	rejected	1790650026
0x0bc65a1a69b014300d419ca2bd3f43e1b5487777	rejected	1790433857
0x0bd1c92bb96d5b110cce6b75500a1c750dba7777	rejected	1790667727
0x0bdba275631f7a691e19378be030846924c47777	rejected	1790650922
0x0be79f3607f3ba5e649461832fa72e084e577777	rejected	1790650178
0x0beb86178a3ddba80d0186a22dbd4adcff317777	rejected	1790651047
0x0bed7356d4d1bcda2d0d46f6dd946a4cd6577777	rejected	1790649994
0x0bf267b3cecf363a78bd86d3122342387a487777	rejected	1790431425
0x0bf4c2fe34254f6276dc8b5fcb9f50f57b907777	rejected	1790434813
0x0bf4da86ff91c087cadfc0500c513ff039c17777	rejected	1790650337
0x0bf53d8f193da603bcbbd651cb8bc99002f30acb	rejected	1790650702
0x0bf5490a036c77286c73dd75ebb9e10751767777	rejected	1790651094
0x0bf741a35b8a9cdf914919e8056f2260b51e7777	rejected	1790651045
0x0c0971b698bffafd934c31d8544571e08dd47777	rejected	1790433633
0x0c151ed576ab05f4edc58e2bc67fe120c7167777	rejected	1790434146
0x0c192056fa0b90dc3afb348ae5389e46440c7777	rejected	1790667854
0x0c2160358b076d41ea22caad9df50957d28b7777	rejected	1790650550
0x0c31db42cff85572375fb4942bb5f58c2c367777	rejected	1790432725
0x0c32432b21895415825089d0fe60cf1323d67777	rejected	1790431629
0x0c3311a10c9219de2fec3bee8674bae011827777	rejected	1790650817
0x0c3697b5bd0ec9f19acc240221860466e665b006	rejected	1790434400
0x0c3a2aa2d6eb8244a39cea5bb84a1833e2787777	rejected	1790668248
0x0c4b9ef9b08ce6137bdfb7d2c35c81448dcc7777	rejected	1790650537
0x0c5674c95778bb686a38d0c607e2bc3dc8207777	rejected	1790668023
0x0c5727c1070564a017731e09513c9f6368e77777	rejected	1790650110
0x0c57e8ed175d5448c7d31763dd2a6dbcb6017777	rejected	1790668246
0x0c586773c80d7432137ed25fa3824dd284e07777	rejected	1790434317
0x0c5c9034ce10e0c78ed4b57111c88689dbfa7777	rejected	1790433484
0x0c5cd6fc4c9ed0bef8006de20dfa49a8b1f17777	rejected	1790434011
0x0c5e3f6fa65a5ff1e56fbda1991aa73c3a847777	rejected	1790650855
0x0c6a49b932171c14612fc1d2264754ab94e47777	rejected	1790431398
0x0c6a9e79bd71f4cf0354edd1e8f4f4ac34057777	rejected	1790667868
0x0c73545c7bdfc36834fc8bd21ff576810c077777	rejected	1790667879
0x0c7ad180938f3664b0ccb304bb054abb1e547777	rejected	1790650011
0x0c7d08ac77b3360798b78f99301006477e1f7777	rejected	1790650681
0x0c8f2b679e4a0f854dd96b2ce20a79f697197777	rejected	1790649900
0x0c9183f717a1fa42fda653cdb4332f6028467777	rejected	1790649906
0x0c97125501a6386e719a3d9533f5dda6827a7777	rejected	1790432684
0x0c9bb5d740dcc6f04ce362a73640e82862ff7777	rejected	1790650366
0x0c9f0e7a8269d3a56ff02230a10587d30db87777	rejected	1790651052
0x0ca613efdfb1f5b2639cb289bbf170d1c77e7777	rejected	1790649904
0x0caed51b34f1e3c990579a34c93682c73f127777	rejected	1790651031
0x0cb52c819901172b2d760ba2aea4f349eb887777	rejected	1790432863
0x0cb65b69fbf27232a43ef69efdb2aa59c9d77777	rejected	1790431397
0x0cbe03e935b1ca642c6e4eeed51ea78cd94f7777	rejected	1790433998
0x0cc19f519f0c2a0a8eb9f13b4b8342915bdf7777	rejected	1790435001
0x0cc58ddab41f91558ea04bb750c526d491187777	rejected	1790433624
0x0cd2108264c5f1c378a1ab340f4361cc51347777	rejected	1790432163
0x0cd37456aa89c3eb8fa4819248d54ba0956d7777	rejected	1790650267
0x0cd565824aa9d6177c203d779ce4d80996787777	rejected	1790431627
0x0cdc0fb81d36c8bf6bf46f44496da5a0c6007777	rejected	1790432489
0x0cdc121a149b028eb3a1109e40c57d84d2927777	rejected	1790650694
0x0cf29316784573ad11deedfb1e7d0820db727777	rejected	1790649780
0x0cf7cb456190c6c4533dd0b6fda58894cc8a7777	rejected	1790649791
0x0d038ad8b79fa75e040e4e9e5a94ac4ac4697777	rejected	1790433483
0x0d0d20f68fd6a70995a2c9325852017509e17777	rejected	1790650244
0x0d106859845cfbf579ad961f4a2997482bb47777	rejected	1790650854
0x0d1626c24943a4239265041a263200809c127777	rejected	1790434610
0x0d1aeba5f92a9c7989941278a2a3e74914e67777	rejected	1790433497
0x0d1ed0efe247994fc9f65aa7563b2b777b7a7777	rejected	1790649914
0x0d31c5f7cd500854a5863a5df9cb27dee92d7777	rejected	1790668165
0x0d3617548ad1aa6ba09b8c177933d3f9e7467777	rejected	1790650147
0x0d41f02edbefaf36dbccfc6719f9993c61607777	rejected	1790433473
0x0d44619c91c7668a549c951496009c7c0e607777	rejected	1790650520
0x0d4793f24b51de90cf65f19ad8f975bdb6f97777	rejected	1790434039
0x0d48adfd77ee06974e6ce65395b694db65f47777	rejected	1790650216
0x0d4c55c4b0f6676fe4a3de70cd535ad409b89757	rejected	1790668343
0x0d4d5376f44e743f12d1c2e3043f976c2abd7777	rejected	1790433585
0x0d5136819118db009f7cbf748bbbd7798c226a16	rejected	1790667596
0x0d52d46036c27e99b0de80b4bd19490cf2b47777	rejected	1790650562
0x0d54563c57de9559a5cc93e17d5531006e897777	rejected	1790668117
0x0d5706ada85228a8d671f6f5d5b7a958887d7777	rejected	1790433524
0x0d5b6962ec49e19b9321e8154a1f8c2f9d747777	rejected	1790667885
0x0d66241868462e6263209021be396f2e42de7777	rejected	1790667896
0x0d739d6754b9d82df1d97b2a65e69405f4177777	rejected	1790433387
0x0d75848069e885e0238de1b2ce779a6737387777	rejected	1790650073
0x0d7930be260066ef1129e9af8bc257ca708f7777	rejected	1790650802
0x0d81e43dee91a50d38a8af4bdae5d9e55a497777	rejected	1790650673
0x0d8847c7d02552bca663ab9efc0ac65437038888	rejected	1790434346
0x0d8ad54c17cd1b120e4ecd208a2a10a686537777	rejected	1790667861
0x0d8ce2a99bb6e3b7db580ed848240e4a0f9ae153	rejected	1790434317
0x0d999efc26b491f9cba35c3a3b9bd31473297777	rejected	1790649878
0x0d9d1b673b7e548321b5d13eeb4516cf76d47777	rejected	1790650824
0x0d9e622cb8948d518c2a89eb9394ecd5acda7777	rejected	1790433672
0x0d9e74d5b3c13205c25d8dd91785286bddda7777	rejected	1790649905
0x0d9f628efa47372527f2348f11b5068613607777	rejected	1790667886
0x0da4fe395ab55bfc9d4aeaef5085a0b73a987777	rejected	1790432505
0x0da7f4dc47b7652726641c015dccdd9b3b037777	rejected	1790667879
0x0da89e8882b70bf1ea4b1a2ea1d3405a0b2c7777	rejected	1790433474
0x0dac078a7511c3587dc3aad2c0991950093d7777	rejected	1790434384
0x0dac3fc6b2c152720ff6e885f022a2bfe63a7777	rejected	1790650088
0x0db646392647de7f7ba099c1f0208d6d1bc37777	rejected	1790432501
0x0db73dc2ccc289e0fefd93878dab8a09b2fa7777	rejected	1790667933
0x0db796720c2e805b85ca7a6eb270c0090a937777	rejected	1790433933
0x0dbce9725008bd3caa95ea29cfc8f4aac61c7777	rejected	1790432828
0x0dc6022c26ceb351013cee6a18d68e8f7b5e7777	rejected	1790650076
0x0dc941007645ec32320c914197172ddb93b37777	rejected	1790668323
0x0dc9baf679c89abdfb8173d17f9ab3d42b697777	rejected	1790651039
0x0ddfa0db2d1be5309ab9991e7e705e7fbace7777	rejected	1790668129
0x0de7563b2ed6d8c898ca82697bcda828943d7777	rejected	1790649877
0x0de9d7d5002b9f15c017be64314ad31ee2cb7777	rejected	1790667904
0x0dea3980783b1efa908e58d54ad78091fc0d7777	rejected	1790650100
0x0deabe9bea0bc23d7281593727019a8554b87777	rejected	1790432824
0x0df522ff2fd68942971eb82ddf160988d4767777	rejected	1790667997
0x0df55fc1718edc8b5819de1812131471beda7777	rejected	1790434343
0x0e01f47ff9fa19a93d11afaad4a3441f1e267777	rejected	1790431661
0x0e03d8e79845968ea19ba665918d680823197777	rejected	1790434331
0x0e03e2bca1230cc5151fa7de114df1eaf9757777	rejected	1790649914
0x0e100d6fffd29b48d19cd7d805d5f0aeffa37777	rejected	1790650396
0x0e18c525fe94c46f30eba240b157010b19eb7777	rejected	1790650143
0x0e1b4b221b10ce9069c96a9e119914d011227777	rejected	1790650579
0x0e1fdef845a741c5c794973e3578cc99babdefd6	rejected	1790432708
0x0e2275bc168ddb056fafa3075b49acf36da77777	rejected	1790650123
0x0e241e0c149993120e85ecc14bb810b2a2577777	rejected	1790434351
0x0e25912e5e3a057cb63d1d1a61c7c0e171e07777	rejected	1790650542
0x0e26feb32c653d7a0dff7f3e902e9d9809277777	rejected	1790650703
0x0e28265cc917d9fda3a9da5d65059c0bfb957777	rejected	1790650216
0x0e2c4e2aa27280f9c2fd45a06ef10e532da47777	rejected	1790650892
0x0e30903aa2315a85df68e086b123ba51d9ba7777	rejected	1790667594
0x0e323198cdfd9928831d929a1c78c0c04bdc7777	rejected	1790434007
0x0e3fb0fe90dd58b216efd3074ced7addbdb67777	rejected	1790667616
0x0e43dce2e9b7076bac4a2f57ec6287711ebb9ad3	rejected	1790433492
0x0e46370831d6ab86f674053223908391959e7777	rejected	1790649817
0x0e47c1cdd98c4151d5a729c0ec3adaa79fc27777	rejected	1790650504
0x0e4897c40a700168978b0e47e97bbcc569667777	rejected	1790650056
0x0e49d62721126c116bdd1d8a6af9b16f972edfa4	rejected	1790434974
0x0e513c4d75861ab94069a15b422e1a8f2acc7777	rejected	1790650691
0x0e59ca5d6be8204b95135968d100e6a751977777	rejected	1790432675
0x0e5bfb0f7bc6ce0631e0e8393399a62074c97777	rejected	1790668096
0x0e5cd61a50a0ea2b534219dfcd25b5af55797777	rejected	1790433666
0x0e5e46313de1ff2cf4890a1bdc1717cb16297777	rejected	1790434609
0x0e6303fdfad73a50cc98927fbe759c37aa117777	rejected	1790650802
0x0e65c8d100565acca82da9c07cf4a17402777777	rejected	1790433838
0x0e6f1ce5d2c17fc521cb325b9a3318b391fb7777	rejected	1790667965
0x0e70f4939234486200015cebf23049ebafe37777	rejected	1790667745
0x0e739be13ac491dde35ff9195e0e37ac5a3c7777	rejected	1790649759
0x0e75c4fdc17b54c5fc7c2320c3f70aa9ce647777	rejected	1790434400
0x0e8c533090d1d6faf8bc30c16642646360d87777	rejected	1790649960
0x0e8cec53bc405924d292cb0e5d1e53f3f6d97777	rejected	1790434596
0x0e8cee4ece760585445b240720ed863c33187777	rejected	1790649881
0x0e90d4f7760185cd2a3ed98121e4115b743b7777	rejected	1790650367
0x0e910e6c2cd3460f965df118187889d9dc7a7777	rejected	1790650781
0x0e92f13bcba06fcdf346039d286ac941dba17777	rejected	1790650264
0x0e954c8907768032d183fec145440e473be57777	rejected	1790650588
0x0ead3d3a27d632932e1cbcf6964d0b938d2e7777	rejected	1790433556
0x0eb1fa07804cda1d03a126af8945b87be7f37777	rejected	1790432699
0x0eb265894f947fc449c9fed484a20190bf027777	rejected	1790649779
0x0eb74d91473b44df1c38c85586e9f0a479bf7777	rejected	1790650284
0x0eb8c40273323fc93a05b2d4f92c36cbb29d7777	rejected	1790667760
0x0ebac9ed0b61e00825a0efe45f704e420b227777	rejected	1790650331
0x0ec229c4443465cce904a5c57007969185377777	rejected	1790650524
0x0ecb836990ffdd4517e534b230fc1e6e65c97777	rejected	1790650564
0x0ede8344c5dc16ff5da8af5dbd65529d4d657777	rejected	1790650025
0x0edea386084bd2be14da097a33844c96724e7777	rejected	1790869675
0x0ee135f5bc0749a8987a4dd97f405e29576b7777	rejected	1790667739
0x0eeb0542b4cf1d517b6ffee4fe0e325d065c7777	rejected	1790434604
0x0efe2915bc0a2522c06aaa453049e4d135dd7777	rejected	1790650521
0x0f00851a5284332b60d9b71dfa31945877277777	rejected	1790433451
0x0f019cfb4159ece0341f5e7dd4b20738dc167777	rejected	1790651182
0x0f09d096313a93732b6e8fd970599b4ef7547777	rejected	1790650457
0x0f0f7d46e28316888deec96e430282eba1857777	rejected	1790433497
0x0f157629e2297ba8bc7fcced169dd8862fa67777	rejected	1790667921
0x0f1940f342223706e3a1d417d248597a35cd7777	rejected	1790650499
0x0f33dbf5308677afd50687129e1477dfcb3b7777	rejected	1790433723
0x0f3663f0f0dd4a6b95b31f5207834f5d15817777	rejected	1790650478
0x0f3969034bba559b401a2efc08338ac988757777	rejected	1790668119
0x0f4b48232b08d01a4502466f166b4fd16b297777	rejected	1790434040
0x0f4e6904d9251fca2ec9d3c6954c7715652e7777	rejected	1790432730
0x0f5bda047c36e98db1c72a3839bcfa39cf2f7777	rejected	1790650206
0x0f5de9bc8d13a5cb9dc9b79554011e577fcd7777	rejected	1790434798
0x0f6c5aef5c3ab67d6c86d39b018b17242b537777	rejected	1790869675
0x0f6d0d86de61327e04f4c713111a131f3ce77777	rejected	1790650551
0x0f6e674f7e69dbd7fa6528b3d3430ccf90b17777	rejected	1790433723
0x0f6fe40280bb63e57445a3b5ead028aacea07777	rejected	1790668350
0x0f7b159ee3815b2fc285282637e66cb08ae17777	rejected	1790650306
0x0f8b97861605c6c387550c8e9ff93b0de6b87777	rejected	1790650829
0x0f8f8357b96492682a4d8f2e2e892d3f6ee87777	rejected	1790433456
0x0f93cc02176ad5835cf0d05ffb02326f909a7777	rejected	1790667706
0x0f987c7c7e2abceff7abb6bca3295399bfd67777	rejected	1790651017
0x0fa61e22c33a6ca0e8bf6acb93ede2dfad2b7777	rejected	1790649736
0x0fa762d61528ef98c2b55affb2e9597eb6877777	rejected	1790668130
0x0fba6697cf62d320a11045fe43df173551747777	rejected	1790650354
0x0fbadcd7010a909127c40ad333704a894f0f7777	rejected	1790667353
0x0fdc5dbb52fb09dfaf371e892d620c9991867777	rejected	1790650401
0x0fe0fc176b5526ca94d1c4cd8597528c69ca7777	rejected	1790434478
0x0fe66ea04da65e4affaba812370abc83fca67777	rejected	1790650721
0x0fe8b153aad58a5623b21730eedf021949267777	rejected	1790667614
0x0feaf50e7074b0e4db8293efc84ac27a40897777	rejected	1790433627
0x0ff10af36a3ed2b00b5d8c802b53d9bb1b047777	rejected	1790434487
0x0ff63249888efe41e7414c5be96de5c958277777	rejected	1790650222
0x10070aec057790f428debdd6fb17413119677777	rejected	1790650924
0x10080664e918757f4d3692cea5f1ae9ac9147777	rejected	1790668008
0x1012bfa52ec60950bec0b12fa0c98a4d21687777	rejected	1790650109
0x1012c0529782b4e73a0315d022f8b636760c7777	rejected	1790433433
0x101f52d599e81b6692103e8ca58625321b987777	rejected	1790650727
0x1023656d4a62dbda5c762ea065620e9859ba7777	rejected	1790650556
0x10293e57399000b590ea88e59abec1af0a927777	rejected	1790650781
0x102a80a48d1b4f55e4431e66a5bfc0203a9e9954	rejected	1790434404
0x1033b2ecbe3b84479e88bd28240b6db6d6d27777	rejected	1790433556
0x10387efc8ac8c158294a182ff56809aa594b7777	rejected	1790649925
0x103d48c8938afe46ed44ae10cbc7dd6f13f37777	rejected	1790650483
0x10472d36b8664f17c3b8743d3bbaa525836f7777	rejected	1790650371
0x1047c2d92c6f0db9b69c371b178a421fa43391de	rejected	1790434816
0x105a592230c94833a6979fb771f3256492c67777	rejected	1790650087
0x1067d3a9153559f4ab16840ba2c317c29a7b7777	rejected	1790434832
0x1069ebd61f35925c35b1b43784def0e516057777	rejected	1790650394
0x106a4143978abb7138e415194830afd06a919fd7	rejected	1790668155
0x106a7fb33a87a9ad32dac125d94a0d39b0ae7777	rejected	1790434043
0x1084046dde5b546a9142b9ecd9227ce9ae997777	rejected	1790668018
0x1086331c269ad3f2fbe990f968c86698bbfb7777	rejected	1790434348
0x108876c3df3d893350e9b780563b3697aa3e7777	rejected	1790434995
0x108b682c1408cc1e8488b78c8334b898917e7777	rejected	1790650064
0x108dfabd802025aaf79dfdeb4f2c394a01bf7777	rejected	1790650234
0x108f590ed11f4d59a860c287dc876eaf05f87777	rejected	1790649651
0x10965a56add2de57e084fa3e307994d325c77777	rejected	1790650582
0x109ac6a5385cfa5543e64b1210504dcb863b7777	rejected	1790432750
0x109ae2e9072798ac6dfe3991406d29094d4c7777	rejected	1790651106
0x109b29726bb63e98f99361581587de0963a77777	rejected	1790667969
0x109bd799e4727a8696ab1db85ed5a260a0a27777	rejected	1790432737
0x10a6b3942e78a2d0742582cb099dc58d8c207777	rejected	1790650702
0x10a81ff53371b7b0124ff287f5146f030e6b7777	rejected	1790434003
0x10ae77c4c1c3b37cf01a88d6a76eea1dfef27777	rejected	1790431272
0x10b339d1e6d2ba3b62cd3f0d04f841ea1c177777	rejected	1790650563
0x10b64095209fe44b6040d8858dc88d3de6a07777	rejected	1790650811
0x10b72c2342399f6c1ec50e1b455df9c758ef7777	rejected	1790650251
0x10b94847d996e7953bd9ac53843f0f905821ffff	rejected	1790434205
0x10ba8e5649fe449b718659b129b4ec67e2457777	rejected	1790433490
0x10cdc94027b00e231b6f02ec9d38a2ed6e9b7777	rejected	1790434480
0x10d0f723403b171687a241c0854595ea5f8c7777	rejected	1790434351
0x10d1591e3ba80518d7bc38db371e3b5f9fe6da22	rejected	1790650084
0x10d70901e80fc926a510b3976b772cf5fdc77777	rejected	1790667853
0x10d9f8e826038dbef3be397386c966c55d7e7777	rejected	1790433623
0x10e813a115773bb62a0ddaf8aa90f816398e7777	rejected	1790433705
0x10ee511b6b516c77d5fd270bfde2597e9e727777	rejected	1790433691
0x10eecb7f49114d1d98d83d72d611ed4846e97777	rejected	1790432019
0x10f33174d1d09cd7f3cb79e85c68e2c2988c7777	rejected	1790650920
0x10fa96e6e3cabcde1b793538df240850dcce7777	rejected	1790667750
0x10fcef910e606bb774eebe83539721de24617777	rejected	1790434802
0x10ffeb5905c8e4a749ec66ba239fa289711e7777	rejected	1790434484
0x111654c85a0dc6037cb397245961e0cf0a477777	rejected	1790649990
0x1117a3dd8d1f457695d68ef068d5351dfe237777	rejected	1790433716
0x111825ec49c5762a51b4aa340ffa70348c077777	rejected	1790649840
0x1118ef0dfede65c1842bacde9376128a29527777	rejected	1790650230
0x111d74cb8e96c7095d7344225899907dbb577777	rejected	1790668037
0x111f29a8d966cb3f412c82a0fead9fab1e957777	rejected	1790434003
0x112c4aca1c0df8456a83236f3f415c6e45b17777	rejected	1790431388
0x112ec4f990158a904845c33cc7d4b7d754d37777	rejected	1790650497
0x113d68c8cca4fe5ba25f49c00784079d168e7777	rejected	1790434823
0x113ed6daace586dfa26ba01989105c118d7e7777	rejected	1790667992
0x113ee8a7f5f99cd7a7a074f651e21354512b7777	rejected	1790650275
0x1141a2dceb7e94a70007638ead144733e97a7777	rejected	1790434348
0x1143daf639665cda364048aafedd6c37bdf07777	rejected	1790650143
0x1145372ba50fe19e25a2ecc9e3d79241ff187777	rejected	1790667976
0x1156442a64eee990fbcd685834f1fc649a0a7777	rejected	1790650675
0x1159634b7b08752b7bb3474f02139a6759307777	rejected	1790431628
0x115ce3c957a6e3ed9377a6669668659a805e7777	rejected	1790434713
0x116c7cb2cc5f4b67894fa3350bbab453977e7777	rejected	1790650229
0x11780c12dc796ce034a54c0c9ab9df46301c7777	rejected	1790667965
0x117db710dce6fc33d727ba61c708f97cea3e7777	rejected	1790649868
0x1191e9cdfc36abe7e7372dabcd783d24e53c7777	rejected	1790650050
0x119d0e3d14b8b4367a4213885fdbbfb36c5b7777	rejected	1790650171
0x11ae844c1271e73493e871ddfe9183f5af367777	rejected	1790650416
0x11b0405d5ecffacc275c05dfae4a435b77e27777	rejected	1790649913
0x11b1526c4bf0173e4fcb77f1a2259bf8f56d7777	rejected	1790431605
0x11b1a5fd8b280c59d11bc4a80d7d4bac1aca7777	rejected	1790668041
0x11b4389346d66896ddd4452d82f5c7b1a9fa7777	rejected	1790650030
0x11b739237b1f1a1a3631937024e8a2eb16c07777	rejected	1790431393
0x11b81e48baf72d34195d1f6b8a0450fcec587777	rejected	1790650773
0x11c7b522c77631a951d2cbebb672604f7bb57777	rejected	1790431788
0x11cc59e6a1a1eacd50391bb85a5ec1b7c88d7777	rejected	1790650681
0x11cc5b61a5d15175e48bd18e2b69c44bfe1a7777	rejected	1790650195
0x11d63ca691f71f259b43642f329a6fed14257777	rejected	1790432710
0x11d8f641f11f9792880687e59cb5df371a227777	rejected	1790433918
0x11dc57db7f5ddeae94191149fb1f67e0cf337777	rejected	1790649979
0x11e021866a641ec19d03091beeac5728b8017777	rejected	1790433691
0x11e04ff30b0832a27b5d4478526cd44d8a247777	rejected	1790650671
0x11e2edd83f7cd80cbb9004097e45bae832257777	rejected	1790433451
0x11eaf04ed9b9eb51eb72f94029bd168ace7c7777	rejected	1790650316
0x11eb19f13c3ea39d9d2a2e72a5caa9b0bfc97777	rejected	1790649827
0x11ec42b2cee61cb30330c12af7b3a01fd5db7777	rejected	1790649921
0x11f71adc078588f06c89a1ce55d270ac3f847777	rejected	1790650369
0x1205b34e11e2cb62bada2d919e5a63ab0cf67777	rejected	1790650777
0x1211e16d7c34358930aa2934ebfd1c7dff4c7777	rejected	1790650096
0x1212d63ebd92069c3b1cf1656215d54788ee7777	rejected	1790667753
0x122397dfff7a73d45be09a3a9c5b20f848fa7777	rejected	1790667363
0x12240a9287b3d78e955f27aff277315c497a7777	rejected	1790668169
0x122489ff8fab7ed441395b9e19788ea941ce7777	rejected	1790432858
0x12280d4195fff527a40a44b64142058ee9927777	rejected	1790432982
0x1229deeb479ebf658b605ed86d6369e90a5b7777	rejected	1790650820
0x122ad401aafed2aed6280bcb9ad2dad3c24a7777	rejected	1790432672
0x122d5741cc6f3a44bcfeddbf53d6dc4bc5887777	rejected	1790651321
0x123be2bbecbef4746fe2201eced50b3fad907777	rejected	1790650145
0x1241b7489795da6bd87c512ef2f30841ab3c7777	rejected	1790649933
0x124874fa5ce139a45ecb38256a20cbd57a707777	rejected	1790650463
0x12497cde9f13e6ffd872a997229d26a0fae87777	rejected	1790431513
0x1249b6bd789c96aee14488f027d3540569077777	rejected	1790667921
0x124d053498892d125673af9dfee9180c9fcc7777	rejected	1790668006
0x125350ac8e38a58a87448442b0fec102f88d7777	rejected	1790432490
0x1256d440a4fef32b9428d56852a72dcf4bad7777	rejected	1790650127
0x125aebe35439c8547c5f9485eb9893f66db17777	rejected	1790668346
0x125ef21792967b122c960b77380c270c9c007777	rejected	1790668029
0x12607551d3a018eed5e1f0ad94a7f3c1b2793d92	rejected	1790650554
0x1261cc6cb53b2fe0879239039148e59fdce07777	rejected	1790433537
0x1263c5be24a45c223947f935be2be55a3d337777	rejected	1790667694
0x12677b5960012e1a075eecb893c8b99daa1a7777	rejected	1790433663
0x126797b46685c87324570ebc8d9dee17351e7777	rejected	1790432852
0x126e0fe7b88b81c55205d7817aef942dc1d77777	rejected	1790650095
0x12702bc6de3cef07e15719d903b90650f67f7777	rejected	1790667999
0x1271a444e8446e59d424cbcc2a7391e870ca7777	rejected	1790650545
0x1278aff6027b954e11b17cbb10a7de8745017777	rejected	1790668116
0x1279c3194ad1225db9740578c5e38acceb377777	rejected	1790650035
0x1281b890288ab5ff1045b38cb62810dcc9737777	rejected	1790432720
0x128380cd67dec5755813e656a8d9501990277777	rejected	1790668106
0x1283b6c38345079acb0b17b61e9a93a591a17777	rejected	1790434201
0x1288f71878dc9b8fdedf48cb08cdfd3ac81b7777	rejected	1790433823
0x128f301e38b18a079ac2aed238dfbcf430c77777	rejected	1790649783
0x128f4bb311254e155bc26b9c9d9b809877e27777	rejected	1790667838
0x1296eae7f3f120384f33aaa716280de544c87777	rejected	1790650036
0x129ef247e40e809534eed9366e24646cd2398606	rejected	1790432725
0x12a1463add6cb702c73620bdcf53d312f3817777	rejected	1790650864
0x12a4480a41a384d04ed6b42fe021f961caea7777	rejected	1790650307
0x12a50b9ff37e27513442580a7a5275d629622f04	rejected	1790649850
0x12a7b180b413e37f842f9129e5fa168533c67777	rejected	1790667882
0x12a7f0bc26900fe9235ed4c4acb89ff6f7df556c	rejected	1790431404
0x12a878782b2d09d3e28485567be1b0072f7d7777	rejected	1790667739
0x12ad9eea8f8678a5fec30f9d8fcd81236ae57777	rejected	1790431393
0x12ae41525ab980cafb2a46335a4ece4874b77777	rejected	1790434011
0x12b4356c65340fb02cdff01293f95febb1512f3b	rejected	1790432965
0x12bd08b41137cf5d76dff7fa659937abdbff7777	rejected	1790433660
0x12be0fc74f7d7d3c1adf68eddacfde9446217777	rejected	1790433558
0x12c8fe173c5f73687bc214ee5b875598142fb7cd	rejected	1790650485
0x12cb739eeed886a11d802db39f143dfada997777	rejected	1790650569
0x12d45725688295a9c5cfdb9f25fedbebf75b7777	rejected	1790432838
0x12d7619100abff0712658d11ce2de01979e57777	rejected	1790649895
0x12d7e1e7a59e07149bc4a79e80ac96da30787777	rejected	1790433635
0x12d80762af7cbf500096efc8ac5a4b3006c92666	rejected	1790667918
0x12d83b22efd8295e3f3bab46d83247dc5f7c7777	rejected	1790650725
0x12da2c3f9d2915d65283bf0939b20ec15f787777	rejected	1790649999
0x12dc64c114440bf546c3208f4615c4952d457777	rejected	1790650198
0x12e702138e17b6c350327e361d2f895471e27777	rejected	1790668058
0x12f7092f4ecd4817ceb589025639eb9296667777	rejected	1790667909
0x12f77d2b18a42081b30b5678e9390365e5a77777	rejected	1790433749
0x12f83751c165b4560139886a9d271017adda7777	rejected	1790649747
0x12fde235e50034a729b49910f276c5dd67997777	rejected	1790650381
0x13024dbee4451464b91705a6ca516b39f3277777	rejected	1790431273
0x130e25eae57d4c9b23e16052fe0ac5041805c6cc	rejected	1790433491
0x130e87f5221738b412a689d31bac21ab52d37777	rejected	1790650106
0x1312a66242ed012e632b0fb2baf05de54b8b7777	rejected	1790433552
0x131f0dff32c1180c78d70c0fa7d88c5b16ff7777	rejected	1790432516
0x1320fd5169492d9b0e87b64bbaf088353c197777	rejected	1790432847
0x132106e0c3966152f3ee1f513823f69c15c47777	rejected	1790650140
0x13283d0ad6265e9de36dba9abeed032743177777	rejected	1790431661
0x132b9e2f5b0da62ecab60f5b5439d830fe877777	rejected	1790650934
0x134120d08b55c12da2e7fd6e10c008d3cd037777	rejected	1790650156
0x13451648299cd169ea15f5bd8b5b61a27588d682	rejected	1790433593
0x1347c5ce8146b985ee0150194966863b44817777	rejected	1790433828
0x135149e91a8e4ac3d0a3d68fe0a10a94fc867777	rejected	1790650879
0x1352efa8789c44a7ca3a920570c52a5156a67777	rejected	1790431398
0x135a7fb0b068ab34ddb3a6df8d8fca79b4ba7777	rejected	1790649918
0x13872e88794e75f769ae99abf179725846bd7777	rejected	1790650822
0x1391727626ca15a15fbdf6d93b00f1882d067777	rejected	1790649873
0x1393451b1190cf8989632bbcc54b689cb6c47777	rejected	1790651053
0x139b22bb5706e2174ba137ebc9cc66c471127777	rejected	1790432500
0x13aae0732528686821adc72deb91b90722a67777	rejected	1790649816
0x13abd2d91b35ed4116cd77bf0c2596ab18587777	rejected	1790650819
0x13adc206c3d5785f859d44935097f58187567777	rejected	1790431593
0x13ae269f7832dc3888bc7f812fd893c275c57777	rejected	1790650072
0x13ae7cb5268839d9070d38d45b9890e852a97777	rejected	1790650781
0x13b0f3918b15711e26ea6dac19ca18b4c6b07777	rejected	1790434404
0x13b8ded134abba923bc39dafcbb2d900460a7777	rejected	1790649803
0x13c146bddf4270be57a6b6fa0b6aba1185337777	rejected	1790668131
0x13c6f8e1d7da1f553c5a87b2642e492484117777	rejected	1790649741
0x13c9280f8f79ed497fd97708a892418af7637777	rejected	1790433668
0x13dddc5a79e65b80a5c4cc78182be0874bc77777	rejected	1790433640
0x13de1b4cc32cb51a9baf45dbac2de3d4217b7777	rejected	1790668130
0x13eb7caf701f633627a3d115c2273cf2310b6666	rejected	1790434605
0x13ec4fbac4c0def365bf2743e084623b42197777	rejected	1790667872
0x13f5e888ed00c8c5d8344aecf3248f881efe7777	rejected	1790433605
0x14001be682216b8bc91460403956ab39ad477777	rejected	1790431509
0x1407b554a7b882531ff3802d4013a9494cbb7777	rejected	1790649811
0x140d2be8e3ad330d75ed54fc4d92a43e0e807777	rejected	1790650125
0x141fcd015d5f26e23e01f6b293b0ae77ea7b7777	rejected	1790650691
0x14206236ef3e05157f385a84e818316988037777	rejected	1790650007
0x143030f8422c03a2d88a1701aba61accfc2b7777	rejected	1790433697
0x143ad6f5dc3a547870b2b29404af4c954e597777	rejected	1790651048
0x143c9f0a61d4ed3a89b32dd7190f7e6968f37777	rejected	1790651050
0x144278e8cd385b9c7837ead3281e7723e7a57777	rejected	1790433580
0x1449225ae5ee8edfa3d79c1ac28e7565518d7777	rejected	1790650881
0x14552ec752ebebc8cefd5d484dba62dde8287777	rejected	1790650668
0x145c6a153ffba26bccad95e3c7a23d60acc67777	rejected	1790650809
0x14639a0d60079882258aa774ffcd049c00e17777	rejected	1790433577
0x1468a97dff9e627a857936fc53730826792b7777	rejected	1790433534
0x146e14ac7571b70896280e61e09418e14b977777	rejected	1790434341
0x1475c949f40c019e5fc610deb6b34f9844c77777	rejected	1790650652
0x148df8af90d1c77248a1100da598c799c5957777	rejected	1790432876
0x14966fdca62572f31ab8f6590126a52df97b7777	rejected	1790433586
0x14a3d5381abd780a570b01c26e2a4dcf59b77777	rejected	1790668056
0x14a76d5052516b69627fd4a5802868ca747961e1	rejected	1790434708
0x14a91860ea669914384d79312709361218527777	rejected	1790431674
0x14b6990c5d64c425f946f9b0393a187acb5d7777	rejected	1790650221
0x14bd2fc454e56fcfc3dc5b81040260da9a1d7777	rejected	1790668090
0x14cbf718beb200aa5b85bc18a2bd0f0c17aa7777	rejected	1790432840
0x14d9e82da7548180935b5ca9e52e6d39a6247777	rejected	1790433466
0x14ddb02f892c06555a1125a46038c1a6b4397777	rejected	1790667857
0x14e64d129a797a45f1a93cbc3104830fb7d77777	rejected	1790434800
0x14e6d44df94ea673493013ffeb6493ab7a9e7777	rejected	1790667740
0x14ec115383135cc510705a509324dbb7ba9e7777	rejected	1790650308
0x14efeee59b571d67d9529ad7d24da1dc7f957777	rejected	1790434331
0x14f0c5f312e490c8f9fbaea664b33d2859f87777	rejected	1790433660
0x14f5c44610c30a7de5ef48210d1a8f74bd5c7777	rejected	1790433873
0x14f6e32c8c477b953875d4cac8b587c687e87777	rejected	1790650486
0x14f94cb551a20c4d70876edb21b07eb3f6bc7777	rejected	1790432979
0x14ff5a7af1f4e31626ac9ebd52ae109d5b6e33ca	rejected	1790668331
0x14ffa6c996cb31d158fac45e7b43a8bddae37777	rejected	1790433882
0x15006eb9226cdfad540bb86f0f12843397bb7777	rejected	1790651040
0x1506e42845720932014d1bbbba97a0a7b43326ac	rejected	1790668109
0x150f8516c29582c60921e348b3676c978afa7777	rejected	1790667597
0x1513391ae1ee034e6981b34b77d8f48e6c867777	rejected	1790432826
0x15164fdbff9cc5a5a0eec930e560cc99061c7777	rejected	1790650225
0x15182578c1d7251459d707fad70d334b7de87777	rejected	1790650738
0x151b83ad8e720895e761d1f641692682c07d7777	rejected	1790649776
0x15208e5f11e5b4753d2f542cc984b5defacc7777	rejected	1790431444
0x152369f87428ba9cdd3ce79360135a03a6d77777	rejected	1790433551
0x152c28dd5c1315dc445e4a2e7fccb4a43c217777	rejected	1790650373
0x152e93981a99ce0d892c541f39c21e4862d67777	rejected	1790433847
0x153380ae0fa22403a46e414875ac9a3946f37777	rejected	1790650413
0x153482872f07afb37011cee6c140db1321477777	rejected	1790650821
0x153da826b3e5966cbaa51bfdbd3f53b4d14c7777	rejected	1790650229
0x1547fdd49cd0e05959651ebc1a258a5404667777	rejected	1790667742
0x154edc5f3f7a0a17e227f47d41e21889c7387777	rejected	1790431616
0x15510ceae92efda7b92ff08627cb8c5c7b627777	rejected	1790431513
0x155ba522c1e370330d82b123b49aa8a797877777	rejected	1790650121
0x15673972e3511d26ccb81211a8af59b0957e7777	rejected	1790651024
0x156ab3346823b651294766e23e6cf87254d68962	rejected	1790434337
0x156e4f7fcc2f807f66102bce8e4b6747f91e7777	rejected	1790650672
0x156febc2b922552ed7b22f275f706d2b6d807777	rejected	1790649903
0x15746a615bff56ad0feafc66cc22a8f32dd97777	rejected	1790650117
0x1575d3e2551a3726c9216db50da5842969fb7777	rejected	1790650138
0x158330126abb070506687556fc917928d61e7777	rejected	1790650153
0x15858d25e61ac022a29798cb48b9b9f098287777	rejected	1790650197
0x1587fc49635d66e33cc6d9fae9802eaf5e957777	rejected	1790668150
0x159201a167213b98d71e8c408d276d87acf97777	rejected	1790649862
0x1592ed145f3c947aa8ba5df3a97af8f4b2a17777	rejected	1790650818
0x1594e4e7bf091ba1827436063a1d25ab227e7777	rejected	1790650509
0x1597b19ace72cc097a74e1d35e277c6122977777	rejected	1790433689
0x159cd2a9193149f32076ec02329f598d5fcd7777	rejected	1790650766
0x15ba10d7d0b7fd6153746ea0a99e591f7dc17777	rejected	1790650796
0x15bbeaba137b312b2fb3c3b128be5dbae9027777	rejected	1790432871
0x15bda219518da0196cd4a904249eb934dfeb7777	rejected	1790434826
0x15bfb9ba77e16c5ca8435066345634f3e6867777	rejected	1790433859
0x15d55086870059e70ea356772a508551e62e7777	rejected	1790649999
0x15e3ceb457291607e433c397b68c1ddf8c327777	rejected	1790650018
0x15e84259a7a7e91f9cb367dcf03f883e1bc57777	rejected	1790667891
0x15ee4af2f08ce74dcaad53dc7629b8c2a2fa7777	rejected	1790650760
0x15ef70adc767afff71e0d4773c00595b90907777	rejected	1790650040
0x15f08bdcbd6166f4d56fdddd9c0f4671c67c7337	rejected	1790650838
0x15f5ef71d7b499b1bc8a07a71b1a0709a8a47777	rejected	1790433447
0x15f65fdc6e694285779f95e9391b90c781287777	rejected	1790432996
0x15f940db67df746ff691678bc7b5bdec921d7777	rejected	1790433831
0x160110d45d5c89cc2b72594d016fb84fe53a7777	rejected	1790431400
0x160864f9945c52063a7c9f5dcd57c0c89eacbe6a	rejected	1790668175
0x16126ecca5e2c1145fa1828229106c9931847777	rejected	1790667981
0x161b286cb65409119d755849c2581d6c79777777	rejected	1790433558
0x161bb9e9e207496773e6f5759d054ab9398c77cc	rejected	1790434817
0x161dfb9cb23a06741767b28ec379c74e104d7777	rejected	1790433732
0x1626d5f01ace1fadaad49b1fd2465a2b1c357777	rejected	1790667874
0x162848e75b11f5a5f6ad966eeb3e5b5ffd0d7777	rejected	1790650076
0x16324757caa391bd5084297edef53c4f76db7777	rejected	1790668128
0x163a58515b9547ba1f8b2513d104b619f21b8888	rejected	1790649823
0x163b77362bec200a62fa0d295af1d3a02a777777	rejected	1790668040
0x163d4744df5757c44daf0c1b6267e7f7b1777777	rejected	1790651022
0x1643b0c88d7c919ea1c885a0e2b0fb6e82757777	rejected	1790649844
0x16442103b8d9b6b1f0db140012c6279885f37777	rejected	1790433714
0x1647eb32400185eb54c832618b7223b85f3e7777	rejected	1790650841
0x1648f3d1aa18ba037eb397326156e5da23b57777	rejected	1790667928
0x1655f43c99a6ec2ab113c4a6482c0600163d7777	rejected	1790650100
0x16570fcbefebcbc0649b6a9861680fbaaccb7777	rejected	1790433668
0x16579c12285059d60729e0d2f1cb6ec698187777	rejected	1790649873
0x1668a2e9cb0047c1f416793ef86f6b682ee17777	rejected	1790431870
0x166d956a383f1d71944a03ecca17edeb0fe07777	rejected	1790668060
0x166e3b14e4b30cbed36403a3409605e699337777	rejected	1790431424
0x1677f1e7a2b17bafa72bf2439d1918940fef7777	rejected	1790434347
0x167a356998ae38b1925918c0e7168e8ecf637777	rejected	1790667962
0x167abcb1fa3afb43b2d5061088914f94312e7777	rejected	1790667905
0x167dd4a76fe71f49976667da98e712d3b1037777	rejected	1790433359
0x16818c593635aaa23ead824d39af0d3f82cf7777	rejected	1790650281
0x168193a6250ddbebbc25a6a144d3bbef77cc7777	rejected	1790651858
0x168196d8846edf5a356aa14861cae85216eb7777	rejected	1790432852
0x1684e8f48e3a408d77b02adafddb7acc88b17777	rejected	1790649815
0x168a0b4ebedab4c78e6bead9b3759e39604c7777	rejected	1790434693
0x168f5bfbbb68fdc5bddb5df9aff35e9e4d5f7777	rejected	1790433651
0x169698bb0bda3c68d568ec86149167c4e5537777	rejected	1790649989
0x16a6985e4bf20b09e70f695310076551e7427777	rejected	1790667869
0x16a8becd564ddf7e44b8f610cf497bf6ec0c7777	rejected	1790432869
0x16a9246e80c1de8c2479dc1fd2744e84a6867777	rejected	1790433446
0x16af28913772efa0d3933815cafc682400737777	rejected	1790650650
0x16af401dcd80bc884335339360a0349317eb63a9	rejected	1790434017
0x16b3c83f6b7027b866e1aa6013672cc749917777	rejected	1790649850
0x16b83bd28a679c3133e1a1a7d66e00772c4ed634	rejected	1790650721
0x16bacc9a20c68e719a48d4d4f9d0dedf2cae7777	rejected	1790650060
0x16c06ab7e34e7958f18a263ea818d9aee1ea7777	rejected	1790650304
0x16cd4fe7e8880ecc3ba222795229e20489fc2c76	rejected	1790650051
0x16d79414a9193c6e5ff39a6bf931094dc4447777	rejected	1790431632
0x16d7b516fcebaaf91f8ae49a31f66ec849177777	rejected	1790432164
0x16db4a093c9f7e004e318a2525ffd1f905197777	rejected	1790432850
0x16ec13d40c81414b707c1b3a0deadcef2b1f7777	rejected	1790650515
0x16ec672c12cec633a1bc58d88e4570cf0cdf7777	rejected	1790433197
0x16f2b271b0e2cb2eb46f84d08fa245f484437777	rejected	1790649870
0x16f409297247983b9ddec063886834ed86d77777	rejected	1790649777
0x16fcfe457d628e402af3633b0f77a96b48247777	rejected	1790650199
0x170968cb413854cb88b02ec319e1a11b8be27777	rejected	1790431406
0x1712af8c250af3921059efed3e5aa43e03267777	rejected	1790667990
0x171c1009fbdeb2c88d069b64b00055c5bc667777	rejected	1790668064
0x1721a48c57dcc28720b27bb952b8229885e77777	rejected	1790431394
0x172446168ed4d705be05dfc8b8eba3c5d4f87777	rejected	1790434580
0x172fd58830e8e03c46e376413f8d41ae4f6b7777	rejected	1790649841
0x1739ed39144bb9cfb4929339ef36423bdadd7777	rejected	1790650655
0x173ff671ec358cf4e0b47bb5dd28df976a5d7777	rejected	1790651050
0x17419cca0d18aa28ca27c491a2391721e7697777	rejected	1790433841
0x1755df6ed9fc8b80a264f6447863179dc1357777	rejected	1790431642
0x175bbef5977f07c272dd7d61c7dd105291a47777	rejected	1790650818
0x175f1b0999af0ac4f601b81bd1102fd3cbd87777	rejected	1790650538
0x177d5a1beb505fcf9681585167eedf2c7d847777	rejected	1790650119
0x177e60b8b2431bb9c4adfe7840e05f01a3557777	rejected	1790431410
0x178239e274d95be49244f010122a25be29137777	rejected	1790667932
0x1786a3ca90edf86c88415681f54af60c006e7777	rejected	1790433840
0x178c5536f499aebad3cfb5c64222c41dc2b77777	rejected	1790432985
0x1791808e892a397d62867ede2694263450c37777	rejected	1790650003
0x17925b8b6dc18c30fe0dcf3e201320e15c1c7777	rejected	1790650410
0x179ec1a3018a24ccd4eae5f6eb88eac59d3d7777	rejected	1790650924
0x17afbe8f812f7c4cb08f04e4f467b31be9d67777	rejected	1790650680
0x17bfdac53bd19ca7d2a6786a68ba68b35baa7777	rejected	1790649763
0x17c5f2e484c9e94f2b1ffdd195b38501ec877777	rejected	1790667766
0x17ca6d4f10cd030cd3538ac33c039ab6fa2f7777	rejected	1790668029
0x17ceb377f7d73aba91b5e1832285063ce871abb0	rejected	1790649787
0x17d645fdbc09f6c7e59cbc1349be5b7070127777	rejected	1790433622
0x17da7a559900b3bf94d7f93546c6f2b8016c7777	rejected	1790649925
0x17e524c356f088a92136ec144afe4bca8e387777	rejected	1790668128
0x17e913a6ca78804a677e78352820ed0be39c7777	rejected	1790667611
0x17eaa3d17978f16aa08e522a229b59e86eb97777	rejected	1790434011
0x17eafd08994305d8ace37efb82f1523177ec70ee	rejected	1790434378
0x17ed6b95d873402fe4876e7eaca02b13672f7777	rejected	1790649839
0x17f157bc1aa607226cc4956dfbc50cf219257777	rejected	1790650282
0x17f34c49ca7ace754ba565c69c25c1f8236a7777	rejected	1790650362
0x17f5ff361fa6f2f1f9f7e75278a4442a9b9e7777	rejected	1790668119
0x17f836e68ca450cebaeb2ad4b7ad445fccdb7777	rejected	1790433527
0x17fc1b6a254dc9feae7bbd399bc4ee0c74737777	rejected	1790651081
0x17fc85bde27bbfdafd548e9bdbdcb6e940187777	rejected	1790668111
0x18007958a98d5c5bee483e31651bf7319c9a7777	rejected	1790668337
0x1803fcec1da86b9453446f5a6a2d5e7d4a4f7777	rejected	1790650663
0x1809fd78f0f5f672b94cde37e106e485977f7777	rejected	1790433543
0x181e2c6b63b637ea03dcf3890e4313f4b33e7777	rejected	1790650844
0x1822788744bd496c7e289c4a638799bdeb337777	rejected	1790650305
0x182b18e9baa060da7afc734534f9a6089a877777	rejected	1790649764
0x1838ece30fdcfb0a051c0ced2482336eeffa7777	rejected	1790650434
0x184540d381c01547d452c88c65e77542d09b7955	rejected	1790650666
0x1845f686c13bfac4590ca685ac5583226dbd7777	rejected	1790432946
0x1846eab8b549c61fe5904c89647dee9db7d07777	rejected	1790650491
0x185cc4bbb4e38c11e9fb60d206b1453f299c7777	rejected	1790667968
0x185d36cc21d845b0cc8fbaa5f45e9ba3a6097777	rejected	1790434816
0x185e8cfc2d28175dd43194eaf08977f580f27777	rejected	1790431632
0x185f9a4d42d9c9fc7ef5c6fe98fc288677287777	rejected	1790434693
0x1864c20a13bad490e6b892f3d69b331960557777	rejected	1790650686
0x186c5290b2e094ddf38814a577d115b8bed67777	rejected	1790433556
0x1873154f845b9242fff05c1f3e0e83e713c57777	rejected	1790434375
0x187c680ec089cafbd935903c604e90c436b57777	rejected	1790433133
0x187c8ef7f228ed1a361f21f9e5e41b851b0e7777	rejected	1790431639
0x18887814fe016a6406e4d187355c6fc808037777	rejected	1790650731
0x188f0fa94133154845ac8c0bbc8eb0bbfa427777	rejected	1790649864
0x188f99b05fe896863622b2b9cba47636107d7777	rejected	1790649768
0x1891d7d9b54673df7bc53ee4e2aa281323dc7777	rejected	1790667702
0x189c49e06164bfd707f3a05d6ca9ec1fadf27777	rejected	1790433736
0x189c56ba1a32a81d75fa85b8e97f1a6bc38c80aa	rejected	1790650548
0x18a25a829d68c7f419ec8ea61c993f2390c0aff4	rejected	1790434487
0x18a37e8126905d86bb651cedcd92dd60c1d07777	rejected	1790650563
0x18a665dff4d5392221b630db3ada0281bfcf7777	rejected	1790433669
0x18ab1f7bb3975dd4670953460fb1f0c0670b7777	rejected	1790432673
0x18b57b24b98d8e5500d271d866fdbf09ba937777	rejected	1790650719
0x18b90459abea3dffdd3e77cf7915287d49e87777	rejected	1790668147
0x18bc38890d28c0cfbc1b9fc4c550f76dfa187777	rejected	1790434587
0x18c12aa659ab1c125f2fdfec6c0daab564e77777	rejected	1790432674
0x18c23df4f0589b83eea1d534fe3baca5c4e87777	rejected	1790650242
0x18d102e0795a1c67a4cbec632bfbbe9814907777	rejected	1790667519
0x18d1e75281c591f210a0c069f3e9eb6834c8db23	rejected	1790650274
0x18d9de2123ba9878c200150fca30a57eb56a7777	rejected	1790432756
0x18db5d348b09508d032adfd6d560a1c380f67777	rejected	1790650140
0x18db86eaaab028d5fe0d028827ec26961a007777	rejected	1790651044
0x18dbd79843846b69553d9362f42c21f3affd7777	rejected	1790434007
0x18dc902e38e40983070489b0e26a5b03b6b87777	rejected	1790433556
0x18e4934c318a24ed73ad29d8d684814d71017777	rejected	1790651042
0x18e6995b15ea6973e619f887bf481596a4467777	rejected	1790667608
0x18ef1b500e543ad994d6f80eae0318894a047777	rejected	1790431632
0x18efd027b5c8e75bb204d0b3524618873fb57777	rejected	1790433497
0x18f8379738931a503255649506b192908e397777	rejected	1790649956
0x190aacc64b91ad71f3f230465131a42ba1dc7777	rejected	1790650854
0x190cd77a46373acd75171b1d3e7b23430ad28e6b	rejected	1790650923
0x190eb6ff1bc6490bfa383713e5cd76dc57917777	rejected	1790668053
0x190f4e5a8b81b3b847ff2c90a7c1c8b92a037777	rejected	1790431281
0x191d609ae080f2d24d8d2c42caf58d89083f7777	rejected	1790650524
0x1921e112e30574b52f7bb43cfc691e359f3e7777	rejected	1790434698
0x1922565ac48be71b5ee62ca2dcb49c3398217777	rejected	1790650760
0x1925edfb09df873889fa71de4e8f96a82312c832	rejected	1790433894
0x19368f221954a4957aa8f6add8c991ac86997777	rejected	1790434592
0x1936913b33892253955f93d0639d7c7844927777	rejected	1790649916
0x1938b3c5390528c0c85e370d3bf49275b25d7777	rejected	1790668029
0x193950eefb16b48e596f239ed946ba0b25897777	rejected	1790434596
0x194533b278ce323ae7dddd217608fe7c3be07777	rejected	1790649838
0x1949101889795c20a29cf48cf691349ab71d7777	rejected	1790667721
0x1949101f9caa49a726a643d8d2115ed2ea377777	rejected	1790649729
0x194942b8f2939e72ba96fcae041bdf9311897777	rejected	1790650489
0x1949ae3056a1ebb90b390295e00f7151fa737777	rejected	1790650330
0x194d29ed7b944b2a026ed025b2148eda627f7777	rejected	1790650066
0x195274173e4d36ce014e511cdf851c3dc2ff7777	rejected	1790434493
0x1958d43541ae570c454795046b90e97423217777	rejected	1790433622
0x195a18b25f54a692e1ff9088ff619a3ae0dd7777	rejected	1790668054
0x195d2e38285b72d534a8b95191fa9a21dc76f9bf	rejected	1790650307
0x19602fc4392701cd47e2636eece4913500827777	rejected	1790650246
0x1965ed6519a8644f6d01423ed11742ed59587777	rejected	1790433628
0x19703dbdccea52cb694b0bd98d8783a392a07777	rejected	1790667957
0x197151cdb918f52305997e5d1965081ddda27777	rejected	1790433549
0x19771f04331b5a66ad4d0191e4931fda3149256c	rejected	1790433457
0x197e846713615532eab661469cf8863807a07777	rejected	1790650429
0x1983648453b9d0198786d5d55e76b9ee80577777	rejected	1790651016
0x198babff17be676996f355016b4d49b032ac7777	rejected	1790433472
0x198dba421a7db566a90da5de7901abe3443b4444	rejected	1790651346
0x1999b63bc8a4fbed31ab405a1d75145737ca7777	rejected	1790431672
0x19a41f7fc6e09db6ea69d62fc7920625c6147777	rejected	1790650576
0x19b4590c692a2d00972fe886c34f68b714737777	rejected	1790667885
0x19b935d5dace5c5860e627ab4b0db82028d87777	rejected	1790432735
0x19d07672d9b1bdc5a9045dcb7261e1e24d727777	rejected	1790650461
0x19d8d74a664eebb07feb3c6000831370d15b7777	rejected	1790650708
0x19db68de7391b134cb54ff2f4eebae271ffc7777	rejected	1790432716
0x19dc65e70bc83ff5ca477cc7eb7613b46443ea63	rejected	1790433520
0x19f7f9cec37e513b758d508accc5a7400afe7777	rejected	1790667758
0x19f95f7f245b287038098e8091788a9657bc7777	rejected	1790869675
0x19fc7f564bde45deb37ce935dc902fc1b8247777	rejected	1790433526
0x1a04769b5cc46525bd0644d3a3b49660c5597777	rejected	1790650400
0x1a16aa6e350225af729a5b702637f56e00947777	rejected	1790433484
0x1a249f00f2bad6c0a5e879ba0721899b57967777	rejected	1790433446
0x1a2881ceb74071f50037d0aade0eb8a8b97a7777	rejected	1790668142
0x1a2f0b086ff0f2f9dd4f61337aa36b1dc22c7777	rejected	1790650038
0x1a35d46177b2505fdba094b69c695bee5f247777	rejected	1790650885
0x1a3a292cde4676623f68fc422c86439dc4757777	rejected	1790433473
0x1a46a6f126540b0065f1695e18f804d0159d7777	rejected	1790433527
0x1a4b499833a79a09ad7cf1d42d7dacf71e92eb00	rejected	1790434325
0x1a4e6ce63cae6c236203496b1b800da96bd07777	rejected	1790667856
0x1a4f515d2187dfaafcce8a2e3c85e79a94507777	rejected	1790433840
0x1a5a7df0368bcc3aa1c438a5f6e4922208567777	rejected	1790650776
0x1a5c021ed1a0def7d34ec3ddbab13a8d5d3a7777	rejected	1790649764
0x1a5f9d77ca46646cd4937fd8d093f460b66f4444	rejected	1790434823
0x1a6cd937352ec1ea092aaa7f0e40e62f95787777	rejected	1790667591
0x1a6d98ce04ab834c9326b7f55bbc1eaa20187777	rejected	1790650188
0x1a823621f048d439b5c4691774fc4b86d6897777	rejected	1790650132
0x1a9340df3ebc534972364a6d1cd336b3848e7777	rejected	1790650443
0x1aa331c845af01c3ca321168882e62c208f17777	rejected	1790650724
0x1aa796275390f435667504740dc08672eb657777	rejected	1790650380
0x1aba676f8e272c0898c55674aae7e10477337777	rejected	1790668124
0x1abcf179f99a8c7fa6aa2366fa2e9ac6a6f67777	rejected	1790668114
0x1abd4c18b768e0575f25cd31216a290d66af7777	rejected	1790667717
0x1ac68dcda6d5b36dab9f9d1e0efd32f92f5c7777	rejected	1790667851
0x1acf96eeaf2ed1952f0b938572e484d2e8ad7777	rejected	1790649961
0x1ad1e62d1d0e3014f61a0dca1187465594b27777	rejected	1790431619
0x1ad46d97fe510959760e40e6b443c5eef2817777	rejected	1790650930
0x1adccff999be6c1fad23a0c7f035a7a450987777	rejected	1790433509
0x1add9643eb1421bea3bb7cb0424a00491d387777	rejected	1790650354
0x1aeabf18f5b2043b694a7b9c6d8306db68147777	rejected	1790433577
0x1af3432d5b170dfca7b557554ecc13ea32c07777	rejected	1790667887
0x1af9c44ebc40aa8bb68d0830ea471175b6437777	rejected	1790668095
0x1aff4f542ded0c3b0e3be6a5871bb7e19ea5554e	rejected	1790431403
0x1b01d34240fe64d4abaa691f303551049a767777	rejected	1790667872
0x1b0265b7f63265d54848d2f3e526231436427777	rejected	1790649735
0x1b0c3e15c10e50aa6c98a12ebc945f0b02287777	rejected	1790649944
0x1b14ded995686b85842555452afae7f2c5737777	rejected	1790432880
0x1b1fc1f9b2c77352822dd709df4cac844ae17777	rejected	1790649854
0x1b246e68a16eb941bd96467c00c57552fde37777	rejected	1790667954
0x1b3443bfdca057f138435e127a75f53fa64b7777	rejected	1790432755
0x1b45c1f043321198babd731437c321c117dc7777	rejected	1790649927
0x1b46858b46e21c02d645f81a80468d0ef2f37777	rejected	1790433438
0x1b529c086d2ff2e84488af8be98d34b9c4f07777	rejected	1790650570
0x1b5424b2c7a4ac4c04b28a8fa8574379666e7777	rejected	1790667697
0x1b5c221248474d24f9581c0da1666afbb4147777	rejected	1790432722
0x1b5e2c9802423cb64ca00f291876f48737f77777	rejected	1790650420
0x1b610fac2423528fabc457d152ba0c4dd4c8f211	rejected	1790432943
0x1b6e0e04e43c6919cff52242e82318d45f717777	rejected	1790650357
0x1b78eb20f9da8e82c80e9f40f25f81936be77777	rejected	1790650485
0x1b89e10e83ceb1016aeb6ac1e34e1681be867777	rejected	1790667523
0x1b8b12ad89012f4ed96188f0cf9e464001b67777	rejected	1790650263
0x1b8dbb0a0d3c429086532b67bde9abeaf4397777	rejected	1790433723
0x1b949b6f0b242ea223d9e38553759109ea3f7777	rejected	1790650418
0x1b9ec0532a09fb22a2d06672bcf69fced4c27777	rejected	1790433732
0x1b9f52c12920bcb0f91f238fac050b8ffd647777	rejected	1790667698
0x1ba42e5193dfa8b03d15dd1b86a3113bbbef8eeb	rejected	1790433999
0x1ba7e3e7c0e9a3db3c3510f930fa17d080007777	rejected	1790650885
0x1bb59d94503c93841ae4f37fd1762b70bddf7777	rejected	1790650487
0x1bb7b8979c81010738dd39e24fef19fe66737777	rejected	1790667764
0x1bbbb8c2b7b50095afc9788ea4f1e4cca7e67777	rejected	1790650032
0x1bbd2e1743480e5af54a30534650bb5a5a237777	rejected	1790668183
0x1bc22d9f10a478e871815e6ee69c12be74207777	rejected	1790434714
0x1bda60bc93ca93a4a184b46fb5bca9bd70097777	rejected	1790433870
0x1bdbfb68626640f4410cce6d9e7e730c95b07777	rejected	1790431430
0x1be0c0ac9f175bc13344edc7c9f38d2642f87777	rejected	1790431623
0x1be5b14853b583968a078d1948d0c64a65017777	rejected	1790433444
0x1bec2be42a1c8ee38c9738a53e5c5d70b5f57777	rejected	1790668047
0x1bf24b5101377b965b03f5a0dae79e2e23e90157	rejected	1790433501
0x1bf2d09d10c09aaf481cba4e3c250e26a92d7777	rejected	1790650939
0x1bfb1b64025c24787fa6836b01675d2eca157777	rejected	1790668099
0x1c10338c643d7d20d52665a06fcffea6b3467777	rejected	1790668120
0x1c14ec18fea181ac38cc73cd887dc7c38e047777	rejected	1790650572
0x1c1d1963398220a6eeaf3b16177e73e7f7067777	rejected	1790434788
0x1c23f64d1ebbf3a648d1ea730f7c1e9aac347777	rejected	1790650857
0x1c25a8c51f624aadc2cd7484deea8d1815fa7777	rejected	1790433850
0x1c2fa414a706284a8aad4dfb763c533ef41a7777	rejected	1790650779
0x1c30321ff62e7ee0fd5f6ca319c681fac1a97777	rejected	1790433636
0x1c34187b7eb35c7684ae4b143a0bc89aea7b7777	rejected	1790650670
0x1c3640d3b6d919ab3702efb6397bbf4a6be47777	rejected	1790668324
0x1c37e7777895a651f9b07d9f23ee7e4c855b7777	rejected	1790649654
0x1c3fbc0cddcf1aeba0c067834d2c579d06afffff	rejected	1790434581
0x1c56af1f73f0cedd60074f9d15fea7d3f2367777	rejected	1790667994
0x1c5a16aee514b9e0e7b586069915dbd79ef17777	rejected	1790434178
0x1c5edda160c288afac28b85b7bec7f9e50cd7777	rejected	1790650571
0x1c75e57f905fd3b7efff8d2c0022ea6a2bda7777	rejected	1790650108
0x1c768ea29180b49a230c783f7771523413337777	rejected	1790650248
0x1c79da239a9a832816be432adca1c89206d17777	rejected	1790649814
0x1c7c91c815104076113b7b385808425dc8447777	rejected	1790650223
0x1c87ebf7f34e4981976a921b314f8146a1c47777	rejected	1790649959
0x1c91e29fb8c7a32300e52ec86aef5b5cdee67777	rejected	1790650500
0x1c92077f8096e2ded176f30cb2ac43f44954ad1f	rejected	1790433477
0x1c9a43b77eed490468d299c8d2ddb29d75af7777	rejected	1790650792
0x1c9fa24084e60929b70e7f4293f1064bbf7e7777	rejected	1790650302
0x1c9fba6062837f5a90bb040dc12eeb64cabe7777	rejected	1790433498
0x1ca0300db8c184c8dc5b77332f8db83683277777	rejected	1790650435
0x1ca0317aab46b4dd2593d7c5748a94f0854d7777	rejected	1790434621
0x1ca0439f2945cf51f3bb5e2a50febabd70b27777	rejected	1790649751
0x1ca9fb24e0a0e3c26b8f0dd4b8a40a85ba1f7777	rejected	1790432677
0x1cbcdd75ae04c217f7e227e13ae561d405597777	rejected	1790650722
0x1cbf315817b3b3d913a813c16a0e47f3920b7777	rejected	1790432724
0x1cc291ec9e4e0a855d10b240e814ada7babf7777	rejected	1790434602
0x1cc75392c0542de61db17a88ad589e9f6ec77777	rejected	1790434793
0x1ccbb441df6fd9e5604fd75a2f890067efb07777	rejected	1790650405
0x1ccec39909e7fc65e67be32460569b4f25787777	rejected	1790651035
0x1cd1d0c2fe51f5995d01b811521d23c801807777	rejected	1790650319
0x1cd9e5402941142a2d5359f282eb3ec4729e7777	rejected	1790667620
0x1ce10369a0b44f42f1c2c02c59425c0346d27777	rejected	1790650893
0x1ce4643abb17c0bcf48895c0df677abdd3b27777	rejected	1790650419
0x1ce4a931881ab8c5b6143e351d6af1aa44b07777	rejected	1790650051
0x1ce874ffa640167ee109dc0db4b56b2b130d7777	rejected	1790650296
0x1ceb823c03fa23a0b8667700a2fa8a3f0f3e7777	rejected	1790650557
0x1cebf4a9070e543499fd8075c1cc84a392037777	rejected	1790649961
0x1cf4e7e184213988a36b09b849267004acf77777	rejected	1790433560
0x1cf8b7f724652553a8adbd27ba049b454ecf7777	rejected	1790433567
0x1cfa9cfa0d4f54876c2e307e0fd1b164c170c3f9	rejected	1790649722
0x1d046ac5fcadd8bef439dc515a42f8fb163a7777	rejected	1790434346
0x1d20b68dc5d78c552ddb99a79e6b258f67897777	rejected	1790650251
0x1d221c76df886b3798dd5e62ca600c83986cc3d6	rejected	1790434365
0x1d28da1cba6add503b147438664559848d2b7777	rejected	1790650427
0x1d2a477c8d26e139cdc5abf5766d4d14b5a17777	rejected	1790649753
0x1d2f0da169ceb9fc7b3144628db156f3f6c60dbe	rejected	1790433668
0x1d311bb595a0fd130b4a97010da60e4082c17777	rejected	1790649988
0x1d31b294006d97b91addb2e1f0547a27efde7777	rejected	1790650526
0x1d382ba61bcba861cccf7e7a8e6c21da21f87777	rejected	1790649909
0x1d429e5351dbc96e7825e2abb59be786686c7777	rejected	1790667595
0x1d45e4bdfa7ddc88ae1e98eb31d7326012047777	rejected	1790649853
0x1d4c093832fee41c45b484a10435414eb7b17777	rejected	1790432974
0x1d4ecafd3c81a349aff5e6cad0b26e047cdd7777	rejected	1790668162
0x1d5172b83aa083877c786e7e4d173aedb7d926f3	rejected	1790649805
0x1d56d03486d02815af93e73fc128cb5ac65f7777	rejected	1790650709
0x1d583103b34e8f21d80317ba7821fd03a7ef7777	rejected	1790433995
0x1d5a1468018a2f3752d1d3981f4761c683bc7777	rejected	1790649966
0x1d650c1cf8f2b62d552d180061b0e549a8687777	rejected	1790650446
0x1d698d435f5257b6aa4e54abe1ffcbe4391d7777	rejected	1790668325
0x1d71f159f2b7a2bb2623466040d172da054b7777	rejected	1790668010
0x1d7a8bac5458bf5274656ca704b02a9d4c2f7777	rejected	1790650710
0x1d82c4fd9bd425c9eb5d00dba5e0f44a3e917777	rejected	1790433671
0x1d83c3fe46e1c0924513dfac3287bc59cdcc7777	rejected	1790432537
0x1d87470f353f3490e51c7244446af5aabaaf7777	rejected	1790649934
0x1d8a7d65f8bfa1217c580c530ccbeb39d5b50c8d	rejected	1790650806
0x1d8af28686d54f8d49e8c8735363a6903f627777	rejected	1790649982
0x1d8babe089ef174e6671afb2cf64756412377777	rejected	1790650001
0x1d9132a95b64e75c028ee11ed508b2d9d2097777	rejected	1790432741
0x1d9452fe2beda95f0891466c51336292325f7777	rejected	1790649980
0x1d9d71e6145ab90f1795c3bb91252eaf51c27777	rejected	1790649966
0x1d9fb7b903311a2b94020946e7a1219c1b197777	rejected	1790432996
0x1da9729ab7b95460190f61722268701da8e07777	rejected	1790667754
0x1dae6bbbe00231da9b6555bc04044959dced7777	rejected	1790667750
0x1db5534c307117523803ac36f605d69e52d49129	rejected	1790650556
0x1db90b97e9ca25f69643989b37ba41210ea07777	rejected	1790649823
0x1dbb3c2e86e73c90d460a93dcb8e33185e8f7777	rejected	1790668034
0x1dbeea72da1bf0fd36dad3de7606f52e759d7777	rejected	1790650879
0x1dc173eb996e5b664b45821a2e5829d4706b7777	rejected	1790433550
0x1dc5aa2d8bc7e4382b9b2385e6270b3a21db7777	rejected	1790434501
0x1dcff2449ccf2d73463e8975a69ae02b78ee7777	rejected	1790650153
0x1dd5a0ea1126c20a104c83a1524a061b26957777	rejected	1790668115
0x1dd66fc25cce48973f7e1ec075c8f80097a37777	rejected	1790668073
0x1dd7b1ffa29db94734d09d83ccb7d4fa01c27777	rejected	1790650418
0x1dda2e07cdd7fd072e46c81c2ad4a280bb1e7777	rejected	1790667993
0x1ddbf9141cfce59c4502ceb86f64972e3bd67777	rejected	1790667923
0x1de62aa00b280cf0edb5d8c3ef9b177af0417777	rejected	1790650160
0x1de883df5123ac35fb31514008d36e3e68b67777	rejected	1790650871
0x1debac97398b22389ef3d008b18252e989ca7777	rejected	1790434016
0x1dee6a70070f3b1d521b97efc0be89ae741e7777	rejected	1790667910
0x1def818019c37aaad44b8a7454d4866d381e23c2	rejected	1790651061
0x1defd2258d4949d88d482ba8d111e0b2473c7777	rejected	1790649763
0x1e0718fcdfc0cf8c9119e6ebe1157800b0fe7777	rejected	1790650187
0x1e0ee86ae7f801cb313b1dd4eae74da8707d7777	rejected	1790650030
0x1e1a05a78a339cdcfc76ad0ab5f56462c8ba7777	rejected	1790651104
0x1e21a6d643204de9bf62cc7aa72bdf89ed357777	rejected	1790651019
0x1e2f662ca3a6ce9130ea59b3840b28d89cb47777	rejected	1790433506
0x1e351a7da79bfa73fdbb2a25a68c352508e27777	rejected	1790432729
0x1e3914f491e0f086008dbb46703f0274edcb7777	rejected	1790650744
0x1e3b453ebfec71ba745457e8752ff08ac1547777	rejected	1790433385
0x1e3ce7de2c949be223dcdfb2d86c58febaa27777	rejected	1790431432
0x1e3ed808b60688c3bbf235c67159376d1ad77777	rejected	1790434178
0x1e4346a27faf4eac76b43d5daa532261f0c07777	rejected	1790650109
0x1e452f3b67a606c6f75fb965bde2ee01af037777	rejected	1790434350
0x1e4937c6aa82fe56299f24e9883819b19d5a7777	rejected	1790431606
0x1e4b5cc85d1dacf02b4546ad2365ab30d7467777	rejected	1790650133
0x1e4d24ed12aa84befefe547a292e7c6f56097777	rejected	1790649808
0x1e5362c969c45b8dddcbb30594d98028836f7777	rejected	1790432857
0x1e55118cd98e07c352fb035c0f3575b39fa07777	rejected	1790433196
0x1e58220d7ecdd3412bdf03e6bd0fa5f9da977777	rejected	1790433893
0x1e5d067a24446c1d59dfbf3ff6eab2d38c917777	rejected	1790433873
0x1e6b8cfcafe47d3376365f709771f426b4c17777	rejected	1790668104
0x1e6e639c0f6dc115e211a88f4075b3128b297777	rejected	1790434378
0x1e708ced1b235c1709de4d7ae4d1f123e1747777	rejected	1790433515
0x1e730c8f81bdd2ba4d94bb1fc8b7b263877e7777	rejected	1790668245
0x1e75667880af6f39f0bf523650bbbb91274d7777	rejected	1790433863
0x1e7b307f04827b89244e2c479811d5a249157777	rejected	1790650066
0x1e83e3e2abc23eabaa5a43e03eec648604aabe36	rejected	1790651068
0x1e87d46535069a7b5a4b7a0afd86c10c74837777	rejected	1790433716
0x1e890b23b66d9fd75f215b7ee31bf3a601707777	rejected	1790650386
0x1e94ca9172483a84f719935b3c61b21de8317777	rejected	1790650194
0x1e9794e0e95c90000cb687d1b87ee67d6ad77777	rejected	1790433889
0x1e98f86a8c85fc6e73c35c3b3c47e3de36267777	rejected	1790650034
0x1e9d2a31ca09dd85d62d7cc06f278decf7397777	rejected	1790667752
0x1e9e7fd9d952c098d361cdb0a2b4436eebd27777	rejected	1790433436
0x1e9fa024a20a7104c9ef044dd45b33aaaed17777	rejected	1790432952
0x1ea1809514bc8c8b9ccdfda8d00d628fb50d7777	rejected	1790433433
0x1ea1bdabafd22059b5fafcb2a64d2b8026277777	rejected	1790650381
0x1ea5772d57de115e983a39069df0dce6b9757777	rejected	1790668151
0x1ea7302008691c8cd132e99d4d2f1a9dfc8d7777	rejected	1790432710
0x1eadaa88678a49c7b00d98a6ea5b5d4b1c827777	rejected	1790650493
0x1eb32567b29c0527d2e938eb0644c93c3f647777	rejected	1790650168
0x1ec0ca1becb6210097ece6ea7e90de97110f7777	rejected	1790649842
0x1ed2684b390f3236723978a33b2dbe74222b7777	rejected	1790434836
0x1ed2e67ccce5e15f0d1c839e218cdafc0c0f7777	rejected	1790650130
0x1ed7546cf6039633efa975424d65eb4d5f7a7777	rejected	1790650508
0x1eec108a3fbb655384586d751e2b15a2d3f67777	rejected	1790433602
0x1ef471be440562b845e7884219d480f472407777	rejected	1790432959
0x1efaabd257c651fbba49b313e6f464d719ff7777	rejected	1790667619
0x1f0a8d4c6ffd2bb4e79ff0e72c021b0ade6e7777	rejected	1790650039
0x1f12b85aac097e43aa1555b2881e98a51090e9a6	rejected	1790652141
0x1f13ac67b154e700c7127bd312e9a2ca45f37777	rejected	1790650057
0x1f1e374aac21a7719f9bea1b30a3a70edbdc7777	rejected	1790649975
0x1f205f4230f146f7ce3e28ac7cfbf53e878e7777	rejected	1790434580
0x1f2513f0bc597185015fb219c4b8f2ebb3987777	rejected	1790433854
0x1f295f6f3bf2a018b1a8dd261d2c298a3da07777	rejected	1790668048
0x1f298abfffb1430d9541a618f075ebcaea0f7777	rejected	1790434009
0x1f31f836bf22149e8ae01943e245d3986bcd7777	rejected	1790649722
0x1f3603db28ceaa05ae46b24d5c08d502b46e7777	rejected	1790433522
0x1f39aff036b8f6dfcfde1a128e89cde40aba7777	rejected	1790433852
0x1f3a4e75f5afaa624326a646cce59da7c57b7777	rejected	1790650261
0x1f3c7527407be7ba85e20353395250a749337777	rejected	1790650184
0x1f3c98cd31ac80c98ffabb88a94b2d3d07977777	rejected	1790431653
0x1f41f940afd7b88c728d74a36239ba8d30807777	rejected	1790433647
0x1f512c90600d0e387af707e4b4fbe2cdf3e27777	rejected	1790668166
0x1f5228b38f154189117c8e4a308b6420c5f37777	rejected	1790650284
0x1f53369d4a131f1738a17a9e4507bd7040cd7777	rejected	1790651102
0x1f5533281faf626d4f65560ed939eb5f98cd7777	rejected	1790667757
0x1f557fefa2d7a8ab7692aa38985246e4a6887777	rejected	1790650748
0x1f69210f6da70713cf135b0848e43fae576e7777	rejected	1790434139
0x1f7a61ce1809d4ac12570b1bbaec78cbd1197777	rejected	1790668017
0x1f7c7b9e3c5c810aad2e7d833fd7d69a492a7777	rejected	1790434020
0x1f82a58c67181d92898836b0bc3505f69a8d7777	rejected	1790433475
0x1f84b50cb83f67db8a967d2db384b05ea3027777	rejected	1790650001
0x1f8c260054cd486a6854b5b28ced55d6c89b8137	rejected	1790650244
0x1f942b86a8637b105eecefda573416dea4ca7777	rejected	1790650023
0x1f9bdb0ce33662adfcb957570fb411f2e939d694	rejected	1790433470
0x1f9f4806bb72d6925e45fc25cc3eccc567567777	rejected	1790650729
0x1f9f7fd33433d53eef8df42d630648557fea7777	rejected	1790433512
0x1fa4a73a3f0133f0025378af00236f3abdee5d63	rejected	1790434829
0x1fa51f8084005eb1c6acf6359ca82d8940b87777	rejected	1790434362
0x1fa6fce36daa6c681438fb3b487238af2c5b7777	rejected	1790650382
0x1fba99b8a7f274ecb02905b9578ad18c62a47777	rejected	1790649863
0x1fbb1b7459e0fbc7ff5216c8634d1b7e77c47777	rejected	1790667761
0x1fbd79c5471f64e07df874c0aad6dd7680eb7777	rejected	1790649943
0x1fc4b6a232bb503ec2df8b7f58c8e5bf0bbe7777	rejected	1790869675
0x1fc5030469d152ad082f2dce0613c15e43a67777	rejected	1790432732
0x1fca0ae1817119be85b56c477627d780710f7777	rejected	1790434344
0x1fccb7cc15e4baf75503bf6520b312a4b96cc51e	rejected	1790649834
0x1fcd95dbf9efcc64deb812ded5054d9626257777	rejected	1790434146
0x1fd320783093ec2d07c2cdf781778ba178c6ffff	rejected	1790431442
0x1fdd262ccf35de49614302fad768e175cb8b1ee7	rejected	1790650783
0x1fdd5bc3493ac9125cff3516f80d5816a2b47777	rejected	1790649880
0x1ff0b616df72bdc39a79ddfddb5188e862597777	rejected	1790650203
0x1ff4368727d5ecf7bc1e02b48a0a4c3d8c647777	rejected	1790667513
0x1ffb79b2d122c5fd1fdb9a12b008c5635ed47777	rejected	1790650786
0x2001b6676c5ed1a6ef20ca4a2be8da44db7c7777	rejected	1790649796
0x200bb1cfdd08ae6b405918b6d4f20b08bb287777	rejected	1790650755
0x200ed7eb1030fdeb2d39c799db56c4fee97e7777	rejected	1790434834
0x201e453daf6437df7259fe10679977514a627777	rejected	1790432841
0x202169afbc5dda2d2d48b85ef4e9549c0f887777	rejected	1790651078
0x20310698c4ce9a68a6435955e76e32390a8c7777	rejected	1790668256
0x20354ec92b07af6d409f3e1cbb04feade0487777	rejected	1790433612
0x20383f0311d5dc1aa096f559cc9bcdf6e0dc7777	rejected	1790667597
0x2038d9e2faa4f00be1d6c7e28e36fc52c8a67777	rejected	1790650426
0x2045e62eb2b360f8d1c332c527861db20b7c7777	rejected	1790650196
0x2068d0d4a726b3e5f87f38a6afd024f197f07777	rejected	1790434991
0x206aa9a21d5dcef1db1295d5190ab70ff7ef7777	rejected	1790432717
0x2072b16fe8c019000bac3c49cb456fbbc9617777	rejected	1790668014
0x20748f7e60bd11de7cc31f7db8ee5bb97fb17777	rejected	1790432689
0x2074e78441430b0e869dc0df86db9e5e60b37777	rejected	1790432994
0x207cd23f35f887fb9ca40a6b53085e9486bb7777	rejected	1790667765
0x207eaa81129eda88cdfeaf9edef3c4e396cf7777	rejected	1790432706
0x208317c88b28fad6bb4001b6e8244a6862397777	rejected	1790433595
0x208a54ad0dcfafb86e7eefb621a0f7e3ee9b7777	rejected	1790667890
0x2097ddd7445dacfc4c617d5f4905f2edeb187777	rejected	1790649785
0x209e1c94a88318e2eae570bce87936589a90ffff	rejected	1790434338
0x20a1f5e43875858556824c1a0c9bbb47277a7777	rejected	1790432857
0x20bc66a61110b019664f0e8d21b51ab46fb97777	rejected	1790433468
0x20bdd0c48ff188ea0d1cc0442aae272210287777	rejected	1790434370
0x20c5a1b2c222712fcac65f1dfaefecf716fa7777	rejected	1790668001
0x20cb53a9bc7159a18a9e991dc62e44badfc37777	rejected	1790433588
0x20e020db41b5d0d64439056718aa5bad961f7777	rejected	1790431632
0x20e09d075d39a2c5a6feaf623b1abf3e723c7777	rejected	1790434003
0x20e7d5c13fbb8d998c4d5ef7516b05efa8e37777	rejected	1790667920
0x20ea2b0090fcad3c2b985fb2eb4b67bc79277777	rejected	1790433451
0x20edf41360ea7ccd10663db8d015ca58d7947777	rejected	1790433636
0x20f6a40a2a7d2abbd3712078ea5249e0f4e57777	rejected	1790431602
0x210c3a286e3f8dc12fa92891ad8c4310fb547777	rejected	1790649805
0x211aab46acc6ecc745fcb1ead8dd29fdda8b7777	rejected	1790668327
0x2125d280c844e7a9744148a0c85f58120add7777	rejected	1790651085
0x212a7cf29fe403bff114aaf904e1bfc650767777	rejected	1790667899
0x213bea59b9a2726248a5a32e55ea4728713e7777	rejected	1790650510
0x213c6ec9b11b4d3538c13b5f191ff5a159b77777	rejected	1790668049
0x213e9f00056f38b3abe52cfa7e45a92331657777	rejected	1790433899
0x2144800d58f09f2c5d064959ceb06922a60a7777	rejected	1790433439
0x215492f31d42398e0a963525fb26ea3851cd7777	rejected	1790668056
0x2157db1dc5bd1fc030ca271bb886170c52ac7777	rejected	1790667972
0x215980b72814d297fe845a3cce164926c5057777	rejected	1790667735
0x215b1b3288d6199486b1b2816fdcfc8224b87777	rejected	1790432705
0x216fcc8d3a8dfb945b85eca0dc7d813635dc7777	rejected	1790649810
0x2170ed0880ac9a755fd29b2688956bd959f933f8	rejected	1790434074
0x2172d8035f88502308dd9b20c3df2bc5120d7777	rejected	1790650553
0x2177aa3bdc96accd06ac39dae7e8118fea907777	rejected	1790869675
0x217bf85060148c88ab0a7d86d9f87ce82ec77777	rejected	1790434408
0x217bfeb1400bd3f6307940b6a113d70310fa7777	rejected	1790433457
0x21801d0e6fe7d264be58b9502e29d4c8ae647777	rejected	1790667850
0x218ca259c13cc522da99d4b246a8724361007777	rejected	1790433465
0x218e94eb20b781f9dc537df2290bea6360927777	rejected	1790649779
0x21906fd397bf48c060061a10f57683477a827777	rejected	1790650374
0x2195ef9642ce2588053531fdc777511e5f1d7777	rejected	1790649888
0x21960c9dff30d455bc3eda78cd26e6ad99d27777	rejected	1790650501
0x2196963cc2b1e8164fcf4774cb06d989bd0b7777	rejected	1790649799
0x21a3624d7eb86b50012ca7a5d574ca75c68b7777	rejected	1790433859
0x21a6ce7cab81002741a71cbac283c325dfa27777	rejected	1790650421
0x21b948987bed5c5aa1f945dd9ad4452cb05d7777	rejected	1790434607
0x21be0974becec7199dff72fbe97f31bc136b7777	rejected	1790432506
0x21bfa67a2bf60cf62fe7929714f0acf8d8ad7777	rejected	1790649904
0x21bfe7e81b883e274d1a39b3f115839eab367777	rejected	1790650300
0x21c24837f6a070e5b1cbf02d046078cba65e7777	rejected	1790667445
0x21c8e53250068f6702a2756c9c318c0aad8f7777	rejected	1790650458
0x21ca0027122816f1373f0516e345538643cc7777	rejected	1790433655
0x21da34ca596ffcd4a65b8f8e55b6cd8cfd987777	rejected	1790650073
0x21dee35056e4b13e049637b8597a0e1b9bbc7777	rejected	1790433549
0x21e5368da3987f1332c964f7e5f433b408337777	rejected	1790431625
0x21ebd8d394cea4c9889100aea3c25724b8f57777	rejected	1790433460
0x21f1bf8a8dd9850169c9a95037468497a2ea7777	rejected	1790433690
0x21fa79961b45fa3b7ba0ee2b100db3019d637777	rejected	1790667750
0x220223af5c3025f244ce64be8c7937ab665d7777	rejected	1790650901
0x22280515469c2a9e7794617c0fad8d6249797777	rejected	1790434788
0x2234d7fc8a8868245ad7a5b5ae2491cc7d387777	rejected	1790667960
0x224db1215d09ca03296d5a47801a2629f8dd7777	rejected	1790650714
0x225335b849d19b0e7817bd25080360d38a977777	rejected	1790650306
0x2259d0fc599a4cd2cf4861cae52c4f0d65537777	rejected	1790651029
0x226eb770256af8593de9192e37d611cb37b47777	rejected	1790668069
0x2278cb71f2e1c382439a8755d37fb5bc54da7777	rejected	1790649910
0x227c41334180f5a628039015a4b8ad93a33b7777	rejected	1790650404
0x227cb9f272811e9b06ab120a6359593d1fbc7777	rejected	1790650406
0x2285bc396a824f8f557d2eaf94b1ca0f782e7777	rejected	1790650478
0x228a026734eaf10c5468e4817889cca672417777	rejected	1790650303
0x229266b51aee0e556f02e97b1900c87286687777	rejected	1790433495
0x2298657f0dfa87c9293d302b049c1e6a5f97960c	rejected	1790668017
0x229c8a863eee4a50ce6a2577a35a9597120f7777	rejected	1790650750
0x22a407c3e4e7dc31fecd6e68c1ce92f42379f0cd	rejected	1790433889
0x22b31207a462243b35dd928fd957af27dac27777	rejected	1790650472
0x22b7159b1c034cf46d37b84cd8b245c7c22f7777	rejected	1790433672
0x22b9f5faa8e78cac058d8091913201e3446c7777	rejected	1790668112
0x22c1688f02dd2eb28660ea26c35ce32fe9827777	rejected	1790433668
0x22c2267df0e522fdffcf6d6ab65d953e67b6af1b	rejected	1790650218
0x22c8c70bffffbad6e8608f1d5b3730fe90f47777	rejected	1790433624
0x22cc04d8d201eeaecbace9ce91c5ef117f167777	rejected	1790433552
0x22d255045e24dbfe773992bf8131a7b016ac7777	rejected	1790433538
0x22d603c2244f714d04a3930e202dc8d8bf957777	rejected	1790432162
0x22e3a94cb4231eb03ab46340118cacfe2eb17777	rejected	1790434713
0x22e508693cd6e77843a84c5e664bc94715567777	rejected	1790433662
0x22e82340750b4145f9101abb8503056cbe017777	rejected	1790431400
0x22ec9fd273664f19355bee6e82ccda38239c7777	rejected	1790650350
0x22f2315bc199587a8a156dfce5c029fac8d37777	rejected	1790667360
0x22fae5d5cbda0d8060271f44d8fcdb95f2dc7777	rejected	1790432164
0x22fb059cd223b9905c805adec03e52e5c6b77777	rejected	1790650344
0x22fb06a6658e2dc2857e92f40c58fd9bfa4e7777	rejected	1790434357
0x2305de83c44cd118c4d65e3867b46abc05d07777	rejected	1790667703
0x2306c2de29771dab2ee90f7cf5ef1b546d447777	rejected	1790433676
0x2308d52d1a711749ba5376f87ea0f39ff9be7777	rejected	1790651060
0x2309b2dd9b14ea9601552582179dd559352c7777	rejected	1790433853
0x230be0bc51b9e66997ca6b9a9dd1d6356f197777	rejected	1790650265
0x230bef2a738f4a0c98025fe1a450614149d87777	rejected	1790433596
0x231283dbc745bd8f26a4fcd5199ea370941f7777	rejected	1790649785
0x2315c4326bf79c531e6ab50cba60fbeb4a6a7777	rejected	1790433510
0x2316fec209c5003f3107b953cd68471a98487777	rejected	1790649841
0x2321530cb4a2712fc3db109e4cd5f56e8f0b7777	rejected	1790667611
0x2323631eda170262e7aae996ea9cd9743d977777	rejected	1790433822
0x232632b807fd079a0316bbf69f7fd33a23b17777	rejected	1790667881
0x23276e9d9b8059a7b8f13c758fa1210626dd7777	rejected	1790432541
0x233bb38f0d8bed12546404619c8bdcb71b487777	rejected	1790650033
0x233c017872aed49c666cd43aae92fd54b2a87777	rejected	1790433557
0x23417eaf6a39fba9832de8c90a2c3ecd617d7777	rejected	1790434320
0x23448f233ab5986509239d8ac4da1245c95f7777	rejected	1790668155
0x234544ecf0dfcac9f8b1de27609805c931347777	rejected	1790432698
0x235080ef8fa782d0b477cea979104e09cf247777	rejected	1790650214
0x23536a887ed663017114b6394997819b43967777	rejected	1790649869
0x23586b40cc0f9b1bf6013ff88b10bb4e1a897777	rejected	1790431442
0x236d306723681e9870dd76442a064c17c19d7777	rejected	1790649750
0x236f15dc8ccb6135475f9308d258662d60a47777	rejected	1790667999
0x23787a9971fc259ec67981562df2c483be147777	rejected	1790433598
0x237ed4646a1131790ff4849a44522aaef65b7777	rejected	1790668081
0x238539ad0ff05582c67ca9bdb043b71d71dd7777	rejected	1790432982
0x23856fb8bc2339ca2243e479576a6ab236767777	rejected	1790667887
0x2389d7fae6d01d3fa9305a40aa2ae320d2413ecc	rejected	1790434698
0x238a30202c1d332879b67e8ca2f6ebd9f2727777	rejected	1790668156
0x2393cbd360f6ca2fd76a49034b67a4145ac37777	rejected	1790668011
0x23961b7886c7424b0ed7a17bf569fcba4cfb7777	rejected	1790433590
0x239a69640c8b28d24cb834ea716b33b10f597777	rejected	1790650110
0x239c2369844373a411a66b9bd0e1dc01c58e7777	rejected	1790668145
0x23aae05de81d713a53fecf33c311f329b5857777	rejected	1790668351
0x23ac1aafae8177efc5d8802ba1a50df7cb757777	rejected	1790650944
0x23ad71e9b88e0c0cd5ce751e25501ad4c8c07777	rejected	1790650359
0x23b02cbb4d6998180d2ebb48086653e8a3587777	rejected	1790431417
0x23b3567aaa001d77bed7bac96217609723d47777	rejected	1790668029
0x23b66a67ba8dba14112d5c6f23e5bb60bc417777	rejected	1790667898
0x23bd8a52e48bcf9cb5186ef2abd3bfe3907e7777	rejected	1790431595
0x23c35ada2644dcf488968a447e2064b3330e7777	rejected	1790650453
0x23d1f071276aec0a2c15e261ee1852bb95ea7777	rejected	1790434145
0x23d652f830b850e7146f014d176aa12293aa7777	rejected	1790432484
0x23e851454b24cb09d2e4e875d30b9e93d9067777	rejected	1790650731
0x23f42a0e59587a5cd29a54c36ac6a2cd408c7777	rejected	1790650407
0x23f565e6a8c89acbe2a733ab195f2e9ecf407777	rejected	1790667924
0x23f67727207b030569c596962b9f1ea5752a7777	rejected	1790650079
0x23fcfc30fc1735e8972ef32cf03f427946bf7777	rejected	1790433631
0x2401eb202ae166ae67d401f9a00c36ff6c857777	rejected	1790667921
0x2403777e0384e23ca2986d8019b0d9794bc87777	rejected	1790650828
0x2403e4fe48fbfa0d3f21e7d5b0e0d8353a117777	rejected	1790651015
0x240949a211faa7f701672daba838e62def027777	rejected	1790433843
0x240eff679d39313c566e69e9e3e33cec7af07777	rejected	1790434011
0x24166801493bdc5f18386890df8c9837c6417777	rejected	1790650169
0x241692dcd6b132f3ab6e1c560f72afd7f8587777	rejected	1790649849
0x241905da54174b810b0ee9b63041cf145f057777	rejected	1790667517
0x24293e6ab4e4556439e5881234654ed15d8b7777	rejected	1790433039
0x243c5b6b4177222074caf4d23d3c0626b0927777	rejected	1790650136
0x244063f5fe69359b7cbb7e8102e0710dda827777	rejected	1790667947
0x24412831bbc2a710ef39ad02b9f1ec30611a7777	rejected	1790650185
0x2441714f9e29385f5d0db75c6b471ad20a2ea862	rejected	1790650915
0x24421ccd1d11dad45051474b7e43080fe0b07777	rejected	1790668043
0x24454ce0e4a94a290c9aaeaf4010e1eb363b7777	rejected	1790649911
0x2445e4be40c80776227270faac202c711c6f7777	rejected	1790668150
0x244afab9a0a39582e8aa08f53865063df9387777	rejected	1790650533
0x2450861c49a54c9e8eadddbc1f87a07055c27777	rejected	1790668106
0x245dede2bca1c9d8cdc8c7933c0e8fe3a7c87777	rejected	1790650530
0x2461ac38c6a22110dabdd5c10dca0e3dddce7777	rejected	1790650324
0x246b45035c1adffe0c3d8ce4a33d1c94656b7777	rejected	1790650721
0x2471f9723dc59e1e351dbec50941b503fec97777	rejected	1790650729
0x24749e621c07acf21b73124a932b035810577777	rejected	1790667855
0x24791c004f6bc5bcd9df06d60ef230511f347777	rejected	1790667612
0x247acf5d8d2a649df83e7db0b71d786219fb7777	rejected	1790869675
0x24826bddb6c813225f4499a884141e0139637777	rejected	1790668018
0x24997ca10ec2a42cfc0922f88d913a215fb97777	rejected	1790667596
0x249b73182e99ddf0b723c65a63a1fa7fc8ae7777	rejected	1790649650
0x249c70e46575f5c1820263866595cf3f608a7777	rejected	1790432162
0x249c8c4a68991bf0e8b74023dc29ad5c6d107777	rejected	1790667714
0x249cc5f4a65f4fba24d7233f20951beac0e27777	rejected	1790649976
0x249d6e43d503725fb4ab71cd4d994673d8b67777	rejected	1790649963
0x249db235ef713f262a72cfe0b037acfa3aa400be	rejected	1790434399
0x24a4f77fcf889935729857a71dffa7da613c7777	rejected	1790650477
0x24a999ac8948f1f66d7cd523e0a9fdc706877777	rejected	1790432705
0x24b80fb5197c6648ed4910ff9b02cfc5563d7777	rejected	1790649909
0x24b991b8d45da35d095456269174c7e3a79d7777	rejected	1790650513
0x24bda66752a7ff2dfff8418a29b7e0e86f7d7777	rejected	1790667744
0x24c21cd06077164b01e0a7bb3d63da3fe9157777	rejected	1790431598
0x24c9641b0126aae30f43b0ba8f85d5da2e217777	rejected	1790668081
0x24cf7dc191faefb9e9fe448785a85d8d3ec87777	rejected	1790434593
0x24d18df9d37f2eb2ececbd1eb46e9a71a5da7777	rejected	1790649915
0x24d3b94c92b404158c0c530d31fc84905d227777	rejected	1790433549
0x24dbef33cb064bbbdb25b942a3adbb6fde8a7777	rejected	1790650014
0x24e07cef48724b008e597b9fddb7c4b2217a8b50	rejected	1790434175
0x24e10ef6c7a9d303ed7145bedc15349132657777	rejected	1790667700
0x24eae3f1a0389f2e87e12eb7aefa6c4fadce7777	rejected	1790431519
0x24fb405f54584215e479ccb05b677ea3de517777	rejected	1790668079
0x24fe9729f993ba136b40ca27263e56e7e1e37777	rejected	1790434825
0x250c9d1f6261dc0cd16bdf2ccb4a5f5324ca7777	rejected	1790650053
0x252086a252d8e7feb07d5aeecf86320bfa0b7777	rejected	1790650403
0x2523ffb3c1ae85989aeed524a528683fc72e7777	rejected	1790649879
0x2526631895873a9efaebd74d12fdf95b0d7a7777	rejected	1790650574
0x252cc0200078959230d11942bbc470e669627777	rejected	1790869675
0x253287a8f5eaeede6fe329cc414f4690128f7777	rejected	1790432953
0x2539493bf8ae7edb3c0485d5f5be817f86387777	rejected	1790432710
0x253a9f18d9c8b13370cb998b29d09c54c3f07777	rejected	1790434984
0x254028792849aa0200655ca42e2d39fef57c7777	rejected	1790650471
0x2543ebe6ebbcab589e5a7fdbd89a398b80dd7777	rejected	1790650782
0x2557b9e87a5f23e34e6a8583ef2216c49d127777	rejected	1790667881
0x2559e835a93ef4bf708c5b7d725d86382c0b7777	rejected	1790650379
0x2564150f440aa17b7ad1482bce01a5efaefb7777	rejected	1790433541
0x256a70e730eeaf0922c81d608d2acb8f50a17777	rejected	1790668056
0x2570aabc1d24e36121ee1e48849b248e9dde7777	rejected	1790649762
0x2582553c2adf11ad3479cbb5c36c6245bbb97777	rejected	1790650172
0x258584869f2ba2398b6ddd8bc4837fada2cb7777	rejected	1790431390
0x2588ba73933ef09ebf75fe730df1eb69a7fe7777	rejected	1790650690
0x258c78294363ab8cfc28ba9b8e470190eee71913	rejected	1790434818
0x259582393677c4446d3ebd3805cbff6e62ba7777	rejected	1790433470
0x259ac16a12c7c4e70c3b9d4650d668ac717b7777	rejected	1790649979
0x25a2451883653d165be2f3e1ba6e37158c547777	rejected	1790649821
0x25af695de84e4106a324c2fba1ad1252ddc47777	rejected	1790668143
0x25bc67136ea56f4f64689e32816bfe6234ab7777	rejected	1790650313
0x25ce50354bdf7634415989af47867f083c327777	rejected	1790667857
0x25d7603724f2c2466fd2276b0fd68bc6a9dc7777	rejected	1790668144
0x25d887ce7a35172c62febfd67a1856f20faebb00	rejected	1790434320
0x25e2724fbc4a3c90465313e2d5e31b73cff17777	rejected	1790650542
0x25e3e4e22f94c2a11bf8f3bd55972e80e0e97777	rejected	1790668353
0x25e572b466d152604d9e6c3e53b432b978825342	rejected	1790434014
0x25e80c9c2241b96ad3300bb61cc682377d927777	rejected	1790668004
0x25ec5ada93a294defcf12213eb885d077b8b7777	rejected	1790650403
0x25f49bf587642985245e3fe36692161fe5a16666	rejected	1790434803
0x25fa7f2156158c61d06d9823157114152f117777	rejected	1790432953
0x260bfc3b00d0f4376283d9d592fffa4452197777	rejected	1790433880
0x261a283df0997a5ebb4c3563cc42b63f0e0a7777	rejected	1790432696
0x262601349e5e66a2bcfea237f4aeac7cd3635221	rejected	1790650523
0x263542bf9ee8202f12eeb03f81406fbc42227777	rejected	1790650568
0x26443e8ffc6a093c8988d1b48b51c4fe54107777	rejected	1790668153
0x26467a492595536cb0f1d17dddfe7e5e22347777	rejected	1790650828
0x264d820a28ba1b891bd0106c9d2e69d8abf47777	rejected	1790650022
0x264e3c1975a3624f9ff724571738fd5346737777	rejected	1790650230
0x2655f78e5817e7a8abb34548310e9d1e76ee7777	rejected	1790667932
0x265b3982ea730748100947f52561a4eab54affff	rejected	1790651055
0x26630383b31fcd549005efb63ab1261704237777	rejected	1790667709
0x2666cb5a5ffdba198b6369254edc6acb618e7777	rejected	1790650700
0x266df4e23777e9fabea3a6f337f7964262b07777	rejected	1790433818
0x2686492aca6b48c4463326ff29d085035c9a7777	rejected	1790433502
0x26892b721a60ea5b27ee36f8fdf51a7e07d67777	rejected	1790433710
0x2698740a4356f03f87a6a0bfcb46886701ac7777	rejected	1790649830
0x269a706e1723f4901740339f3793098c534a7777	rejected	1790650284
0x26a5b954a6fa4b39bb40a4dd14a96a7015777777	rejected	1790432848
0x26b58fcc76afda18647bdb49eb681bfedc957777	rejected	1790667951
0x26bbf9a757708cec6e42529546f4da7825267777	rejected	1790434479
0x26cc8a56ca8f46025754a3bfa0781700b9f27777	rejected	1790668100
0x26cddac36ede9ba99e5ac9f459160ab2ff147777	rejected	1790433586
0x26ea8704ea2f240133d376798cac02276ed37777	rejected	1790650842
0x26ed0265feface161d929d249ac57b65cb7c7777	rejected	1790433446
0x26f8bcedec129f775a3caddecec8ed53f3bb7777	rejected	1790668141
0x27055b10a96aad518d9117778941ec54cc987777	rejected	1790650079
0x270974323c413524783f76f36dd351b081d87777	rejected	1790650660
0x2711b6974321d060e0229b4f6ee58093ee037777	rejected	1790650506
0x2711ead0bfbc220a112cabef894954d0885e7777	rejected	1790668156
0x2713a37e6df330d045d787afeae05faa36797777	rejected	1790431614
0x271496cafd5c4cb0836020e6a89ef6a420997777	rejected	1790650208
0x2716867457348ecb2016ca4d9caa577042ba7777	rejected	1790667907
0x27184627fef6aa5493577e0c5a0cd8f2d81d7777	rejected	1790667987
0x271aec0e6beda8e66b6151b2068dc39560207777	rejected	1790431642
0x2722ee4e755fb4341ac35f6e676f57505421ffff	rejected	1790431410
0x2724e626b7c32c46bfd2cbd645a364b1c4f87777	rejected	1790650041
0x2726c444d19676209e574eae45c569b0ddad7777	rejected	1790667765
0x272a3fa63cd8541be63af380b5da182ac88a7777	rejected	1790649969
0x272ef5593ef1d49ed0da9a159aed4e4177ad7777	rejected	1790668041
0x27358209b1ab690a71e3f0cfa5f4cdd86fd87777	rejected	1790432719
0x2738d0ed3796ec05c22ff609a7c9e2719289ffff	rejected	1790431283
0x2747638c61070be2cf82da5962f0b9c769627777	rejected	1790432847
0x275a0a601df9074529a1c30ad77a8e864b017777	rejected	1790433613
0x275d52860cca31efd1612bc8a012eb7a97af7777	rejected	1790668015
0x2761db457f328fcf4893775273c5b17c95237777	rejected	1790649882
0x2766619627c945a0435569337173438b3aef7777	rejected	1790650262
0x276729750dbc628fe6ce450799846396ad3b7777	rejected	1790650122
0x276b2fbf095eea850ac8807efffc6550bed97777	rejected	1790667755
0x2774e8c8d041d5c55c3c83d514473cd6e6c37777	rejected	1790650484
0x27787a6c27d7d9b327cf7ee55b365ae051e27777	rejected	1790434587
0x277ca937a06e216ce59109fb16337eba64fd7777	rejected	1790434013
0x27813a6063d8e2894d056e3ddad06ee717bb7777	rejected	1790650349
0x2786c6812df480422f63dc2d6bec4f38d2247777	rejected	1790668176
0x2788ee80f09366dc5bd755acd7e0cf54c3377777	rejected	1790650070
0x2789f6104222dbe50dec206bc694d71557037777	rejected	1790650210
0x278a2e0281e9daa0a093ea833d76a4c08c6b7777	rejected	1790432956
0x278c77b10ab88323cf8121f394e03bf574bf7777	rejected	1790431515
0x2791400522e22256f5908448d5e94f7c633d7777	rejected	1790650656
0x279816926bacb63a960a3a8924325763f6cd7777	rejected	1790434354
0x2799660bbbea129e37f986871cc8fb5a3bfb7777	rejected	1790667873
0x27aa092a4d0546999b142c84cd82aa7e3ca17777	rejected	1790667716
0x27aa362623c0022a5ab1d3388add767e2a5d7777	rejected	1790650473
0x27b6129894fc3d31201e6ad6911b72568d987777	rejected	1790667731
0x27b8cf9b7557130332ce9f1a17f2f371f2357777	rejected	1790668348
0x27bca1eb365efa54da00969277b2aea3bad97777	rejected	1790668080
0x27c07add6687f8f99f2868b0ada8c15737d57777	rejected	1790649914
0x27d1673d94bc8423ecb1f802fe3c70ce24267777	rejected	1790650551
0x27df84738f4af9a8f8f5a3e7df7af9e150897777	rejected	1790649970
0x27e537deaf1334155a0e455fb46cd1ac54c07777	rejected	1790668066
0x27f031ce87f9bdf3d84885bcb0a71f40e7c07777	rejected	1790433596
0x27f0c6949211b43c230a954305e708b7c7787777	rejected	1790667697
0x27f4d19e7eea71941fb9ad962609eb6903637777	rejected	1790433866
0x2806760242a3178571768fa3c083530eac757777	rejected	1790650678
0x280c7b9430b20e8f9e289a4b5f9facb8baa97777	rejected	1790667910
0x281458ad0489eaa2b07c1fd8ed576be5e4f07777	rejected	1790650514
0x281c69d61f521d2833e0cbc12e5903dade417777	rejected	1790650461
0x2820b3b033107c17b95e6eed6676913a2b3b7777	rejected	1790649737
0x2826130eb3467b6968122ccc2c7a58eed68b7777	rejected	1790433506
0x2826c34c3546fe75f6bc22c195a35095e1f07777	rejected	1790650891
0x282942e595d75af409a09eaca3c7158266f07777	rejected	1790434590
0x282973969118f9fe39bf2ff3d8dd1efee82ccb11	rejected	1790433872
0x2831399a250964c5b1f28d9bc516b46804dd7777	rejected	1790668148
0x2833f9000c95d5e788751eae6181533a1aee7777	rejected	1790650678
0x2835aafc1ee044000edddd93ad0d2dc711f17777	rejected	1790667841
0x28380974977f24ffd3faa67d021840c038cc7777	rejected	1790667847
0x28380da3901a4aa1534a18ed84719e7ba35a0f5f	rejected	1790668086
0x2838e73908576b6a8cba97a804d82a7b13c37777	rejected	1790650189
0x283ea7e11955a62c592647e64cb2d49b83087777	rejected	1790432961
0x284036e9d2a0f8b2f210b6e17af793cf10dd7777	rejected	1790650768
0x28417570ad26cfcc75c3fece4316cf858f477777	rejected	1790650173
0x28430905c6e819035b901eafbb23f046d3917777	rejected	1790650582
0x2850e61269b738ac3b04871fbe5721c615967777	rejected	1790650037
0x2856da4912e7d292ff2a0f0bb80680165f797777	rejected	1790432696
0x2859e4544c4bb03966803b044a93563bd2d0dd4d	rejected	1790434333
0x285a92c4d511a2703c7477d0be9c4c1a3ad07777	rejected	1790667915
0x285cc358e273ea82b7bcf20a59e8e0d6ac3f7777	rejected	1790649981
0x285d6acc01f38f1ea4666fa49ac5f8268d127777	rejected	1790434833
0x285dcd6e6b92a41e95bae3c30f2db25290607777	rejected	1790433687
0x28676da9b7c0fc49af5b7a75e7ebf21cb0ae7777	rejected	1790650482
0x28697920bb9a912fc483f15f937ddaa433157777	rejected	1790649737
0x286a3b5be5ca085f184273ae179ca548ebce7777	rejected	1790433609
0x286c6831a0cae5335e3db11ff82c115784cf7777	rejected	1790433607
0x2876f7d6f8d873060a3fca40d6e090baaa5e7777	rejected	1790650130
0x28826c65237bd88d3e1acf770820b00864d87777	rejected	1790668007
0x288470428c0127d5541c0e396064d6b425c87777	rejected	1790650682
0x28848df54ee541beb7f7a87111162bc7d32d7777	rejected	1790434385
0x2894c0d485f4d26df50542073df5e90458e87777	rejected	1790649901
0x289a24bcc8ca76d5bbd8053b55ad00ad92857777	rejected	1790433561
0x289ba79edcc4011d9df227af221b86ed0bdb7777	rejected	1790433726
0x28aba63614076b98037f51c73e9d3ed041637777	rejected	1790433479
0x28b3e93576b181a32d016bc51158167bf0e97777	rejected	1790650108
0x28b85750b32b3d39a29288699be1f23186827777	rejected	1790432945
0x28bb3caea03a93b9da040c77eed7331d86047777	rejected	1790432987
0x28bda86110d42c0b7665a5a18199d781ef237777	rejected	1790434363
0x28c16bf8348c876038a6164ee84e3b05e5827777	rejected	1790650071
0x28c2163f9223fe121a2b8aa86751aaf3164c7777	rejected	1790434040
0x28c2b491c34f0213dbf2ce574d6d73e044967777	rejected	1790433706
0x28cd1fc7b6eebf46b59001ff49c9d14f8bb97777	rejected	1790434602
0x28cd83dcc77d527088398dbb3c5825732e0d7777	rejected	1790667919
0x28dbe6628226b45379ea704e4f0b2ed6f3b17777	rejected	1790434488
0x28e380903d49fe52745987f3bee6884aa9f07777	rejected	1790434792
0x28f3649bc89c6b83b0735fa8edcf9378eab27777	rejected	1790431406
0x28f76f415d1c719d435a15b4b3d90da9b8197777	rejected	1790433460
0x28fa6b183829f6112fa5c248145211b748c77777	rejected	1790431629
0x28faa1b11ba2a6ce7b84bdb654b9b76c76187777	rejected	1790667874
0x28fc1f60ba3711a5db5e5a73fd9504d10f377777	rejected	1790668057
0x2903ae86bb4193d1438159b86dacb04c43307777	rejected	1790650521
0x290bf63d3e792b203b0f777cce40bae4ae177777	rejected	1790650697
0x2915b35a0e3e9bd0490c810541d8b03459c57777	rejected	1790649754
0x2918a0f7c3677d1e809eda7682370602b3597777	rejected	1790433278
0x2922b2e8fa4ffb5b382fdf5306fdede946777777	rejected	1790667697
0x2925e97e5b7850a7d329b97a647d82a7facf7777	rejected	1790668016
0x2927bcb2401d9b1882315b3c1bfecfd276397777	rejected	1790650894
0x29285969937b93bccf3ffd83c45eb1cf33c1291a	rejected	1790434820
0x292a2cdc6408bd7a5b68ba86a14d6e53ae087777	rejected	1790650430
0x29332f6b107de0bbabd7f2c49c4aca992be07777	rejected	1790433579
0x2935f28721f4659b32803d1304fe841f630e7777	rejected	1790668141
0x293c934f3721af11ded0d57276c9ce2175807777	rejected	1790433819
0x2946ae71df29d612757b2e63aead300c3b8d7777	rejected	1790649760
0x294b4dce3cc2b0155a1c83a3fb2c890665c77777	rejected	1790650204
0x294e6f83ffeb874268b2adfe7b03d30ab77c7777	rejected	1790650321
0x295069198dc00fea10abdefd3bc6a60b62a27777	rejected	1790432843
0x2950af5057756f16f591f5bcb10d3912116b2c55	rejected	1790433484
0x29560d127c4a271e9f7d86456fa922e2b3c07777	rejected	1790649786
0x295d1d288ee1b1198a68a36c9c9b78ae2de17777	rejected	1790434502
0x296f923c80bc7a4e7288aacd385076b4216b7777	rejected	1790650442
0x29785dfe2b79898e83dab0d7f055ca4be58b7777	rejected	1790667885
0x2980e5b356d0b2455c41822a1ce0e736058f7777	rejected	1790667982
0x2982c11f36e51dd50d26efd8d8de3b23c7ea7777	rejected	1790432740
0x2987de3342d0856b9a00505a33b8462853047777	rejected	1790434026
0x29930334a14e38c57c253200ab59937bdf897777	rejected	1790433489
0x299426ca16ad842286f7b8ae4f5b1f23d7bc7777	rejected	1790668156
0x299738894997a5dfdd8887f4377d68f852ab7777	rejected	1790668118
0x299ddd21e2dc885584538f7e2074f8e694915d43	rejected	1790433995
0x29a4dd94bfdc82c745ecd4137664a5504f8e7777	rejected	1790650432
0x29a9153b55d27056adc707c2a1fc3a46de297777	rejected	1790650735
0x29b0395c2c0bc65fa6fea1fac671567fa6b47777	rejected	1790650129
0x29c04342272fe0169740132a893b88cade4b7777	rejected	1790649820
0x29c173957c42ba8eb2efdf8482061c9d49567777	rejected	1790650400
0x29caee73c2a14de8c2486aef291b346e6ec57777	rejected	1790433465
0x29cf33198a7c98d9aa6cabd8cb852f85278b7777	rejected	1790433665
0x29d040e6580fe4cfda43168a86fcb9aed5287777	rejected	1790649902
0x29d0bb0bd20821e54f399e7df75e23058d3e7777	rejected	1790650419
0x29e3b7615e6a3b0900a9dad7930aa8fb4f407777	rejected	1790649790
0x29e603acc7b14caada4a44431b5df5b4b9e67777	rejected	1790431607
0x29e71119551f86983e592bb7dba0a7f42a707777	rejected	1790433496
0x29eb27f33c7543766cafe97838d09ae52a007777	rejected	1790431666
0x29f3da2999d337594598d785008aa364031e7777	rejected	1790433867
0x29f94c3ceaa9d9a61ae0add8c163b7097bd67777	rejected	1790668113
0x29fa72fa2ca1ce824ef29516156943a257517777	rejected	1790432849
0x2a014d44e8b88f675ff50eb1a332eb8118216946	rejected	1790434219
0x2a01f82234e64e503aefb71d88edfeb9e14e7777	rejected	1790650704
0x2a05c09998abb719b2d550ab76893d859a417777	rejected	1790667900
0x2a061aaa9a6d5c81765628e7d65c9c2383087777	rejected	1790650184
0x2a1e52bde48770192087e4f138d5d54212917777	rejected	1790433713
0x2a23af694544918051d22cc918fa3d59acfa7777	rejected	1790433741
0x2a25b66257dbef79a370703213b02e494f017777	rejected	1790650784
0x2a26271af8e8d8381cd4a5ea38ff590f60d37777	rejected	1790667725
0x2a2eafaabd7ecaf56513cb339f82d5a5fb397777	rejected	1790650487
0x2a35e60900db69d6bed589f35de959f479947777	rejected	1790667942
0x2a39612c2c80c87819b4e0566606ee4851897777	rejected	1790431418
0x2a3b38a400cb7a52da693d0a49e927763c167777	rejected	1790649872
0x2a5131bbfc148c9524f01e98a1e5063ecbb17777	rejected	1790650347
0x2a5fea6230766010defd5b7c162bcaef7f527777	rejected	1790651088
0x2a6286dd463fd0f6798b35989ee3c65a36fa7777	rejected	1790667897
0x2a643a6736c82df22a344595b9c02181daa57777	rejected	1790434006
0x2a645add76a59b47da2bc88b7ed0bd09ae827777	rejected	1790433746
0x2a64c12d7d0ce2d1492c06ce95e40411639b7777	rejected	1790668159
0x2a6ca4de06f16d5104111bbdb5d44ebdbad57777	rejected	1790650746
0x2a72db263d69f30e09532f02ead43de748517777	rejected	1790650875
0x2a846aaaf896ef393ccb76398c1d96ea97374444	rejected	1790431662
0x2a85b261c3ee044b2aa856f24f3016f1e9a57777	rejected	1790433520
0x2a89c48e953b0efe7c15d70c92edecbeac6e7777	rejected	1790667896
0x2a8f06c8694bf9716b6b52c34e386c00f4897777	rejected	1790650286
0x2a921319e7564ac71b0624869c63d949acf17777	rejected	1790650067
0x2a9359df6d99b13f41d5d45b1445d936a7c97777	rejected	1790650060
0x2a94ad47bc343e1ec274b33226ba26385eb17777	rejected	1790667522
0x2aa4581c8fba8d2b25af253a56d9681023a67777	rejected	1790667887
0x2aa5ddcdada850e553f035ca78a3b36986f47777	rejected	1790667930
0x2aa9a56db233eea2641f819bd4ac60bd71d67777	rejected	1790650032
0x2aaa8077b40a5338282015e658aa68e389187777	rejected	1790434151
0x2aaeeccbfc6cc621d32b847b228dae6822c87777	rejected	1790650202
0x2ab149ee5ad79d73d942e3a513a0696c264a7777	rejected	1790433924
0x2ab6a9ce724f2400752bd94bdc290b0ff9677777	rejected	1790432733
0x2ab707af687b9a17f143a2422fa7ca71ac946526	rejected	1790649812
0x2ab8a4dd2191989ac2898006df350b236d2b7777	rejected	1790433888
0x2abf800dba779d792c8f45b000838ccb4db67777	rejected	1790433659
0x2ac834aee0fec4c4d857bffa69dfe0ab260d7777	rejected	1790650242
0x2ac89f60290ddfc79d1f38900cc17463c1867777	rejected	1790649857
0x2ad88141c38acf380b49b3f390a5487aa1047777	rejected	1790431667
0x2ada522947718af890093bc6a66ef62434eb7777	rejected	1790650305
0x2adbcff922ffe92dd075e591ae94c4a771007777	rejected	1790650119
0x2ade3b2006ddf3c75456d5cd2bb2abbc229d7777	rejected	1790431404
0x2ae16b8a946d6c3f746efc6e893b938989e07777	rejected	1790650057
0x2af8efa1dfe5c3575b7e7257454bea42b03f7777	rejected	1790434335
0x2afaffa7ce6fc1388e62bff843d97907e63b7777	rejected	1790434040
0x2afddf62bbd8b63bb0c85fb1b39e42d92f417777	rejected	1790650916
0x2b036fca1c6fe72b881611c7cbcc27d4a6e67777	rejected	1790433400
0x2b0d68c638c15872e1cdeed77b031ab448ef7777	rejected	1790650360
0x2b10da334ecc34c6bfdaef878c7cce7d7ec23333	rejected	1790434722
0x2b1135543ee23aba762ff1454585161afe6f7777	rejected	1790650197
0x2b1e7a63e0704964246906a3803a62b499c17777	rejected	1790434722
0x2b2353fec67932d78ac024ffc522ee26ecf47777	rejected	1790433745
0x2b2679a927de4e47720425f50a3392a3fbea7777	rejected	1790667971
0x2b270ca4082963ce56b2a1b89adc2241b3aa7777	rejected	1790650012
0x2b3ae9ee128cc685eea32f6e7fba868d26ef7777	rejected	1790432834
0x2b3e716c4abdf629208d1b6f1aad67d005c97777	rejected	1790650388
0x2b41ffe3edbecc745037d1b18e23663fb4407777	rejected	1790650760
0x2b420ff9bb4c58bbd35984659480ad4a616e7777	rejected	1790667906
0x2b44d5840e0f7b2f321c97a0c50f09495ab77777	rejected	1790650521
0x2b44d7ee02e8f9916a2ffee02e4e6354ab5c7777	rejected	1790650116
0x2b48c72fb54c631c208e32cd8c07f2afea571fee	rejected	1790650930
0x2b4ae33ee3ce18eef6343c48fd55b7e1a21d7777	rejected	1790667738
0x2b5b85c22d1bcd758420b53469adbcef81c37777	rejected	1790432970
0x2b636411aa35bff4c9a08ac460b4f8e1e7177777	rejected	1790649741
0x2b76a9b1fe52cbd51bdcba6585bf761dd8967777	rejected	1790650818
0x2b7c5eebcf67db607ffd353b48a0210b66b27777	rejected	1790432995
0x2b89994f76a30cf31d38300716b2aa1dfcc07777	rejected	1790668022
0x2b90bb9683383b6a1440e116309ba0187ef67777	rejected	1790434814
0x2b90d57f7977708611ed6217802260a83f4b7777	rejected	1790667613
0x2b97562d7f7ea588f9df3bc559f2f30914cd7777	rejected	1790650824
0x2b9a849dcd16bbbe0e6a64bb50d711cef3c37777	rejected	1790650853
0x2b9b00e30972b3d77fb0d5423221880dc4807777	rejected	1790432696
0x2b9c2a17aa62f5797f502d195abec8a554b37777	rejected	1790650021
0x2b9c2d761b8f5270ab9cffcf0924e1c1e2ee7777	rejected	1790650437
0x2ba033938e9afc73f1f0c9b685e56448306f7777	rejected	1790668324
0x2ba8f9cb1428506c7eb4dc5513a823e817d87777	rejected	1790668025
0x2bab3aa7b9718cc666a08fd7488eeed7c1337777	rejected	1790650578
0x2baba299c5fe5c15f7eb5cc0baa15ef69e7b7777	rejected	1790650413
0x2baeb03789ecaa7e00210a1e052f4c9d58867777	rejected	1790667742
0x2bb0f162c03736f18dcc3b3b16c1801a3a587777	rejected	1790434816
0x2bb571b248bdbac20c11803afa5de80213297777	rejected	1790668076
0x2bb87a24905c5b2f96583ec963cb30e9ca3a7777	rejected	1790433503
0x2bb9ebeaed964006f3a594bdf6923b5ec5a97777	rejected	1790432992
0x2bbbce8a35ab66605bc538ad9f40c503a9b17777	rejected	1790650140
0x2bbd1ab0f2365f6699adef964f835363da357777	rejected	1790650022
0x2bbf8734ac76c0c21bf0c5dffa9cb9ba6d917777	rejected	1790650702
0x2bd1fdbf1635334d587f27743d955fd3f6877777	rejected	1790433880
0x2bdb82a41ac81edc7ab74cac0f7e4d0b228c7777	rejected	1790668120
0x2bea1c13abd0ed2df4c5e54664e6d2ba10357777	rejected	1790650909
0x2bee3c80f9c3471e63fbd921a69942877cb47777	rejected	1790432714
0x2bee5426533f5f33c59414fb7cff1546d8d57777	rejected	1790667736
0x2bf49f75ac9b2c713aa8c0d828bd17b22d757777	rejected	1790650078
0x2bf6e6542b697e00f0c539d327711994de567777	rejected	1790650740
0x2bf6f1fb8bdc3649e488b20ab137c89dda047777	rejected	1790650260
0x2c16af74f562e318d1cd646c4fb4412ec0c07777	rejected	1790434484
0x2c1fad3f858aa03d1d0bc42b96f707384797bee8	rejected	1790434829
0x2c209fe7ab2d529aafdf17db8e6e1d85aa827777	rejected	1790651051
0x2c23cf383a8694b2dfda01919da42991d6637777	rejected	1790431403
0x2c25ffc4d3afee161ee268314a0a290a3a6f7777	rejected	1790650740
0x2c27b6891d1b7545fd26ba33caea71d6159a7777	rejected	1790650202
0x2c3136e84a2514244c5b74e60ce90dfb30ef7777	rejected	1790650032
0x2c31c43d5c23448b711b3325587410e4ac8e7777	rejected	1790433456
0x2c35bbc0bd176d287340ef0a67158f35dfd07777	rejected	1790433822
0x2c36ea55812070f06c9cf6f900d4544a619a7777	rejected	1790650800
0x2c3a8ee94ddd97244a93bc48298f97d2c412f7db	rejected	1790434827
0x2c3ab19042260514f419c3d08713387d41777777	rejected	1790668256
0x2c3c113b1b91f6aa403c2b772981b8dc1e8c7777	rejected	1790432867
0x2c4303e03bdd7beb733602429f117a083cfc7777	rejected	1790667883
0x2c449ac24b2c1b0e4b748eb75c3325ef9bab7777	rejected	1790433656
0x2c44d54397c6a5df5940a95a5d116831e99c7777	rejected	1790650497
0x2c45167839bd64aa3422a18a2cc8fa4f1cc57777	rejected	1790431418
0x2c464de64c164c39e16b3223fc694549b8457777	rejected	1790667897
0x2c4b354bb42728177300961bfdf8db444d287777	rejected	1790433470
0x2c511e47b5f0f92d48d26f59c9eed97f4b6b7777	rejected	1790650553
0x2c5925829c7317f197b76350d88e7ca2f1157777	rejected	1790650542
0x2c5ad0d32916f9acb0bc91870737dc2fab2a7777	rejected	1790668008
0x2c5b84d4ab2256d987a6fc094e1e764d9e9b7777	rejected	1790433566
0x2c5fa36bea54911be6822de643610d2da2c77777	rejected	1790667986
0x2c5fe4f19e12fc11eb7c65f9dfab5dad597e7777	rejected	1790649911
0x2c6433171783b74e92994dd5bab3df1f07c27777	rejected	1790650401
0x2c67b8cab28b4d763b694f242bef56734d097777	rejected	1790667747
0x2c6a822d633168772fecc07dc61a4b7bdd9f7777	rejected	1790434042
0x2c6da74f7f40434bfa74d5eb2cedeb4b2e5b7777	rejected	1790649952
0x2c6db920b93179ec2a80101cd1c4d459aa887777	rejected	1790432954
0x2c6df07a03536742b4ea085948a0216b73fa7777	rejected	1790650441
0x2c8795e3a6ba6ebb18ce1ef202f2d27674217777	rejected	1790431395
0x2c887b1642dee6d2bf1b1366c77b4285f68e7777	rejected	1790649877
0x2c89b9b9e2b8577b1f8dfecc8e3ce3e486867777	rejected	1790434400
0x2c8cdcbfbf3e82e1e0442ba41d5b313f50ce7777	rejected	1790649998
0x2c95272b8a0f39c046c4503a901457ce45707777	rejected	1790650362
0x2ca2f3aef7c635d53c01aa18dee7ef021284471d	rejected	1790650179
0x2ca651c3ef38feeb144d69fc1da5e5f1d0617777	rejected	1790434323
0x2ca7c27ef00cfc65f00e4a499e11a46aacdf7777	rejected	1790431605
0x2caa30f713916197b19d53a3405edf34e1257777	rejected	1790650790
0x2cac1b8e563925b926c2bec05f1056f8371d7777	rejected	1790667963
0x2cadb4b11b688c2fcbbbc166b6454c6bed087777	rejected	1790649775
0x2cadc61b2bfffa6d95a53f05c287dc2960567777	rejected	1790650843
0x2cadff983ecdd1d4ff6381490e390b5bbc937777	rejected	1790432964
0x2caf9a0c32faf385b7b5efb5a6b280ab921e7777	rejected	1790433547
0x2cbcedab426859d431dca1eb0eb037acfbf47777	rejected	1790667865
0x2cd32983eaee5b42299602ecba63a374a21e7777	rejected	1790432698
0x2ce8e1d83241f205e980976c81eae9918df67777	rejected	1790650162
0x2cebd4c6dac08f3052bbe9d902c8127346bd7777	rejected	1790431650
0x2ced6b879db2b6f04b19723e627c082d73137777	rejected	1790667893
0x2cf0a03310597681ea5e1c96ab4f97a6850262ee	rejected	1790650352
0x2cf1af8575e32b3528c9a1d58c353e3a29d17777	rejected	1790433501
0x2cf555b1c5fe6797ef6c9c9e12fb5b0615717777	rejected	1790650434
0x2cfa7b04c473017f94860bdc070bb89030cf7777	rejected	1790433720
0x2cfc7bc2a2727d93680cae4522fc969ccd467777	rejected	1790649950
0x2d0273a64fd05ceb6aa261ba816fd2a4a6bf7777	rejected	1790649730
0x2d1081222cd705e5fbdb97188c7158d06b1f7777	rejected	1790650021
0x2d110b68982df0ddff28268f89076fde8c917777	rejected	1790433702
0x2d150fd1107fb1cbfd915e2d519ff774da987777	rejected	1790649770
0x2d1e583750394cd34ef4e3288bfabf435c477777	rejected	1790433474
0x2d20d8e331aa5da7ee495e6372d7723b028f7777	rejected	1790432992
0x2d2a88c578ff5da4e7b4812bd48df1b8f3ec7777	rejected	1790650235
0x2d349cf602c0be982756711c2864fac965f07777	rejected	1790668135
0x2d3a04e40a152c9c755e69c1b0e2518d93a27777	rejected	1790650090
0x2d3cb136e8d8b2dd1db8622f869dcaebc3107777	rejected	1790650870
0x2d3f611f850077c0829310d9a8f8f2ee09fd7777	rejected	1790649806
0x2d3fde6246315338109fcf945b2b2698c7787777	rejected	1790650394
0x2d452210822531fdbf79627aec44f7fa68e481b3	rejected	1790649810
0x2d46bea9fdce949d280b5260fda98f88dbfd7777	rejected	1790433662
0x2d48fef0b301022824c62e61f4c63a4d0fdd7777	rejected	1790650207
0x2d5683e3b1ac76bbe1a4d4a5ff45c5949e9f7777	rejected	1790649872
0x2d5a4a16529b0959778d49c0023e58b01fa27777	rejected	1790650827
0x2d5fee846cb5c0c68ba47f10d1bdb4354d78f665	rejected	1790434821
0x2d6425a8223bc7b245b9c9dd0e30988e9d6c7777	rejected	1790432951
0x2d6878bf340be9e3e67dc21228e2cb8e31ac7777	rejected	1790649778
0x2d70a11ff5f2c38e5fe9a7d67a57e66a14497777	rejected	1790432745
0x2d743040470b2f985a2313ea73a7c51c1bf2a90f	rejected	1790649842
0x2d769f63576a34ff1293807eb8a2fc52c2de7777	rejected	1790650054
0x2d77b0cfae65b163f1d325e78d4e1c8cfeac7777	rejected	1790650815
0x2d7d6d24bd0855b9d2f53125178833cde1617777	rejected	1790433909
0x2d7d9e194afc4d2e6bf8db52b555c3055ccf0492	rejected	1790651030
0x2d8c013e58407de257204ef2cf23b9910c7dda14	rejected	1790650349
0x2d8f2d56e950372c68b150af11fac1e39da37777	rejected	1790433708
0x2d9311efebd5119cd0c2442d930c76a7fca96557	rejected	1790649724
0x2d9a9ed5e51c05dc9f908216a6cfb01e24997777	rejected	1790434375
0x2d9cb1024538dcf3190245d8310cc98f48b07777	rejected	1790650416
0x2da60f181d88d904a35123af5785662e24c67777	rejected	1790434024
0x2da9fff3a5670fa8e123e5e91284ed2fdc967777	rejected	1790649791
0x2db0bb7c2bdba9b79bbc591f40f8d17fb9077777	rejected	1790432492
0x2db546e30444090eb4974cfc0a4523b269f37777	rejected	1790432486
0x2dbc2b618a500cbfca3be5a953088c9fe8be7777	rejected	1790667720
0x2dcbe892158b5529bc93b2280d438ce4f65a7777	rejected	1790434691
0x2dcf72488f0d8a571729a4536d29d1775c187777	rejected	1790650051
0x2dde427db8a16c72e277b0c63eb5547be7d77777	rejected	1790650525
0x2de2f87cd012bf85c795560cca9d290f444f7777	rejected	1790650391
0x2df1ae5a6968a4f4540942572986787f0a237777	rejected	1790650528
0x2e08a4d59f6b3eb47a82020b3139b0f2d5a07777	rejected	1790433637
0x2e11b4b1d4fa5b6e62cc60940f65f7cca0c67777	rejected	1790433869
0x2e15525efd0c78b45ac0f19dce3989e30c867777	rejected	1790668055
0x2e1aa85ae5e2ab17d0dafdd42231909cd7c47777	rejected	1790650205
0x2e1cff5f8a427520f57ff3b98d92552a5bd37777	rejected	1790668045
0x2e4092ab4cfaf278f0a7000973387c506b817777	rejected	1790431509
0x2e4783ef2163b7c3f1ab14f054a353d5ca007777	rejected	1790649805
0x2e494762ded558b60ac34ae1143a4a5840d87777	rejected	1790668057
0x2e51b6f3181b342d098b1a939ae1944ed6768fd4	rejected	1790651101
0x2e57158feef12e5bde6e2c5f3f405eca88d27777	rejected	1790433828
0x2e59346bb1cacf459661c35bc16c2b4247497777	rejected	1790667899
0x2e5a3e9ac06ca6c27cd8eabb5a10475ff9287777	rejected	1790433546
0x2e5aee54e4ecc5238e590732f518838496947777	rejected	1790667958
0x2e5c700d1f181c2f3908f090c14cae7f3ecb7777	rejected	1790433650
0x2e5dcd7b24aabc21f0239bce18bee554c4697777	rejected	1790432842
0x2e61a0f4d4ef1fc69bd2d4778af9e24db0947777	rejected	1790431408
0x2e62d5d07444b34c1e40e0fe9c014b5f2f227777	rejected	1790650758
0x2e6c70e98865737b272c5c11da86a8d1f14fffff	rejected	1790650536
0x2e80a43dd33cb20600570d92fa591db53bc07777	rejected	1790431609
0x2e85aff1334e1ad4284d30ee8bded2b57a9b7777	rejected	1790667599
0x2e940b7e40bcd0a48221020e5524b6de94c77777	rejected	1790650276
0x2e9cd465dbe2f23956295a67c3c422b5e7017777	rejected	1790650809
0x2ea8d4cdc8744b5cf90bf80c69e67c39fd057777	rejected	1790667844
0x2ea99d68f393a253d9393301a2c8b5892f067777	rejected	1790434612
0x2ea9ce4ec8d79f9746b5388d12e92bb3442d7777	rejected	1790650652
0x2eab1ba96589a987197797e1dcc94a87b7cb7777	rejected	1790431524
0x2eab2f0d0ab3105aa552cbdca606de38396a7777	rejected	1790434042
0x2eb8352beb25bce63bc168d808cbda5829fc7777	rejected	1790650478
0x2ebc4733c1b1a76aa9fd75b14e2335d961ca7777	rejected	1790667724
0x2ee6ec2312488118f2b54f6c4e5020ed82447777	rejected	1790431610
0x2ef44a50a4f503fd70b3eaeb1c32f886c9a77777	rejected	1790650118
0x2f00a62ecb7cd9400504d243cdeb1cb886ea7777	rejected	1790431424
0x2f0863ac0c686d2f06f138adfa2b294733887777	rejected	1790668043
0x2f0c1fbf7f434bb64159fee0ca4ed1a3f2507777	rejected	1790433620
0x2f1d21607b9a026833ba6269758bf0e920200126	rejected	1790650237
0x2f2225d62258c239d95f22b8b9a630c6edf77777	rejected	1790649983
0x2f24a550570f59d5387733b172be922079697777	rejected	1790650087
0x2f4cd055615a9f3300c65b04f2d72eb80d8d7777	rejected	1790649991
0x2f508b86ceec4749dd073b4e09203e2c8bbe7777	rejected	1790649764
0x2f53a151f740b810f5af5a61e1b6398871c27777	rejected	1790434151
0x2f605fc9657bb51f639d1f6c00a3c02343647777	rejected	1790650665
0x2f6177eb6b1ba5c82957386cff315811d1ee7777	rejected	1790649938
0x2f64389b15edea0590b74b6f15719adc142ddf7e	rejected	1790434833
0x2f6ebb4344aa5e36fedb07759c32dd47d3557777	rejected	1790649945
0x2f7161b09e539c2a80a727da90531690c0ee7777	rejected	1790432516
0x2f82e96d192e50224f50f2f89286caecfb6279bd	rejected	1790434809
0x2f8641f0c2572c68d9a18d8e3f5d84736e447777	rejected	1790433854
0x2f871885d514722cfe65894c68d92719b34a7777	rejected	1790650295
0x2f89239071e48baed8148d5a86f02ae77e3a7777	rejected	1790434341
0x2f8a339b5889ffac4c5a956787cda593b3c36867	rejected	1790434338
0x2f8baeacf73ede604eb27031de8bb80561637777	rejected	1790650150
0x2f8c8c1e26773e30c1eeb701bd38faff0ae07777	rejected	1790667763
0x2f92c3568ab506ab546e48027432cfc936107777	rejected	1790650368
0x2f957d1f722d917d4f082b663104814f0fb47777	rejected	1790649833
0x2f95c074a5bd8d6e6ccf1fdf4edc8164ecbc7777	rejected	1790650163
0x2f982f1f55e7dd144c48ab5e26bf0b95b3477777	rejected	1790667940
0x2f9f88b20e1e8bb3228a454aa25c6656a0917777	rejected	1790668098
0x2fa0e7b7ffc29bdde8123ae4a7ad88edb7727777	rejected	1790649948
0x2fa75c0582606ee47d7ad6dfbf70ba51b7317777	rejected	1790650757
0x2faacf004de95121559893ecc221d260fb707777	rejected	1790650546
0x2faeaba1c3b50b65d709b43c9ba5ba86acd07777	rejected	1790431622
0x2fbc19cf75d10567830773c0b317dc818d787777	rejected	1790649888
0x2fbd9a003d9bdfee1666ef16dbab924da7a97777	rejected	1790433698
0x2fd05d1111164ac0bc368d8214eee07a51c07777	rejected	1790650306
0x2fe7de85d2dfa2c00c0ca6ab4287b4ce439c7777	rejected	1790650570
0x2fed868cdcca5040984f5ea68043933f4b137777	rejected	1790650798
0x2feef761df2c3da690d69349704a190812347777	rejected	1790649974
0x2ff77510842e031ef01d0a70c29be741d5167777	rejected	1790650316
0x2ffee69ff95115277cf6bcd0b6cc8ce958a57777	rejected	1790650374
0x30063624bd864357dcfb371eaddd49a664797777	rejected	1790649775
0x3019183ef1d3754f8cefe30f7522b21dc01e7777	rejected	1790649846
0x301d9c2c0579b741f822e5bc57eecddc9b467777	rejected	1790433649
0x301eff42094436c8654f24e6ca5cfd233a5d7777	rejected	1790431393
0x30271aee896866059fdc20fdb3d9b992ed357777	rejected	1790650152
0x30271f032cfce8dcac5ddba7e3028941f2627777	rejected	1790434984
0x302d0f5da593ccacbc4c27ad44c8edd82d5e7777	rejected	1790431440
0x30307b075c0b43b43eb1b147fc66890935a47777	rejected	1790650117
0x30309bd4d541644ce280a1c88aa1d9b1d6447777	rejected	1790650902
0x303258dbc9bb52397f42943ed52a56b874607777	rejected	1790667733
0x303ba569bae40665661fef4fbac16098567b7777	rejected	1790650932
0x30429ec7f8425b8d2dfd3c94ea37a0ce2f057777	rejected	1790650479
0x3043969261465d010b14384dcf183646332effff	rejected	1790650503
0x3043bbceda3e2ff6d0bf65d166868b4daaf37777	rejected	1790432672
0x3049d7b056c3a603ee819b26951e5b8b35597777	rejected	1790649763
0x3052b1ca4a1bdc410c3502ed70fa095ae6a77777	rejected	1790667851
0x30591627379cf0b8d3a9d4cb017f61be079d7777	rejected	1790667916
0x30591e64310eed0a0a2087bfd2b897fcc56d7777	rejected	1790668244
0x305c4a24c1dfad822286ddf345b4a1966be87777	rejected	1790667879
0x3062c4b86ba03ce9077202cc69618be4a5907777	rejected	1790667740
0x306365abe06bf36e370660a811750ff7dd287777	rejected	1790668030
0x3066d2f62abe1aec328cd0d425a11e43e3d47777	rejected	1790650520
0x3068771c76a8ee88c0128745ac784578f8fb7777	rejected	1790650385
0x306a43b071ade1f042bd0f7ea3691388450d7777	rejected	1790650268
0x306b239fbe4c3672359369cf478a656d52cc7777	rejected	1790433692
0x307179b8557f46228a43ee5d6b622557a9427777	rejected	1790650056
0x307239de1626561f6407b7f178de95714c117777	rejected	1790651032
0x3074bb17fc920369f16fe0fca16237612e48bbbb	rejected	1790649826
0x3080d536721b2f33a4a14a8da9c9886f78b87777	rejected	1790650554
0x3083b63ebd5ac6f46f566268d23f8c4c7bde7777	rejected	1790650223
0x3099c9f319eb1c855676252c4961fa21911f7777	rejected	1790432839
0x309d138c5e2a109d38a940e0585ad46a6fef7777	rejected	1790667928
0x309ec08093aa1f73edfb5fc46c7e79fe0b817777	rejected	1790649848
0x30a5141934f07ec4cd6bf27f37d1f2d5eb637777	rejected	1790433133
0x30a87075881aa2eb29abc5407924b1229afc7777	rejected	1790431524
0x30a9b472f5798ce50413d504fdc7d162d6fd7777	rejected	1790432713
0x30cdf6dc58acf9e9421c2f8e93f91f2b541e7777	rejected	1790650820
0x30ce8c0245abf36eb37cf8dd05a2d3f2e6c07777	rejected	1790668123
0x30d57b8504e2a0c674c57a786378ff02e69eebc6	rejected	1790434380
0x30e84b473a8f593dcb4fbe5af94b09b794287777	rejected	1790433540
0x30ecc36c64a4eca8d40a9ff838a53ebb9c077777	rejected	1790650874
0x30fac0551403081362283667323dea5baed17777	rejected	1790668067
0x30fb4e7a34c5f3dc71532904c4dc05c0e6717777	rejected	1790667987
0x3100641442ffd136bd18724ab20f4b49bc317777	rejected	1790667973
0x3102d385f3e3dc18e1c1d23b818903e7b0c87777	rejected	1790433998
0x3107d896e3a64cc52e97ac6f0e7cebfa00747777	rejected	1790668085
0x312688f8cf300d6c45b7d340e7c8dfc44c777777	rejected	1790667362
0x312a3402dc45e128a11d1c0a577e7635aa8d7777	rejected	1790431395
0x3131d45c2621674859746ed4acf2cd17e2677777	rejected	1790667519
0x313e0d8c7af2fb2b8447da8cb5a5945810db7777	rejected	1790433504
0x313f416c6a774f54639e4457ec2efc57085f7777	rejected	1790649853
0x31416039efcc8d3ddef9514a757471891a6e7777	rejected	1790649931
0x31443e4cee5fb36b57962f2c58f246b328f47777	rejected	1790649728
0x3144947346d8406c2bb390347aacaeb0a6267777	rejected	1790431605
0x3148f918537524fd9f3aaf9895a98d15a5067777	rejected	1790433890
0x3149e2d24e2c967b2db470a5c667709021547777	rejected	1790432755
0x314bfad5b9852a60411ea8c378ce63c3aed97777	rejected	1790434506
0x314de7cb57cf9773cfa57033ecc4668c38937777	rejected	1790434385
0x315364a182a045ae6a135ad8e1593895ee497777	rejected	1790650408
0x3158dfac49854d5363c9b68866c047acf0677777	rejected	1790650922
0x315ab22dcfbe7cb5dfed891a749be1a66afd7777	rejected	1790650747
0x315c73822178939e4c1aff407163ea2e18ea7777	rejected	1790432175
0x315ef7aa1653f483d7a65903c185293db0647777	rejected	1790649908
0x315fe697faf94d739364e330fbad88fd78709999	rejected	1790434622
0x31731de55de95e05603b1af6ef2564f96d177777	rejected	1790649768
0x3173b777d18e4484ea353a53f580558934bc7777	rejected	1790650909
0x317858deae45205208bb54c87e3e8655dbfc7777	rejected	1790432862
0x31798492201c708cf7b7fece74b24369dc8c7777	rejected	1790650179
0x317b34519060bf2897ead741fb0808a25a897777	rejected	1790433460
0x31900e8e0739478d8ce3d4c314a2a460d14c7777	rejected	1790667692
0x3199a64bc8aabdfd9a3937a346cc59c3d81d8a9a	rejected	1790433886
0x319b40337aa966b6f3b9bb6d7b79aeade1597777	rejected	1790650153
0x319dadbd0a7010e27ca9c0e34a311b8e13847777	rejected	1790650475
0x31abff3f61fb4d576e39d4d6cc567d3ceb647777	rejected	1790650558
0x31af383cfbf21355b542be4663f36754b7377777	rejected	1790667850
0x31be051a7dc17111ada5efa88adc59f1284c7777	rejected	1790668073
0x31c776cad366d0b9e889f7c7f9e3a49a1d167777	rejected	1790650712
0x31cfd921491f2552b787884feca74bb1815effff	rejected	1790434621
0x31e0f9fb62f1584fe231e60be89a61bac50d7777	rejected	1790668134
0x31e56615b9f8605343fcc2b9c1d89f9597e27777	rejected	1790434994
0x31fc6311f64ac0d2e84c1c9b40a4d7eef15d7777	rejected	1790668244
0x31fe2e850aec2dee357363467eb73056b2847777	rejected	1790650045
0x3214ebcfbb7e201558fddda0992769dff3fa7777	rejected	1790650503
0x3216839df8f78b9dea26aebf042ac9c27ce27777	rejected	1790650323
0x3216f3e06cafaff715d2456b539ced112db67777	rejected	1790432161
0x32194c5d2db742c0ea6f8e6c0d8c016cac2f7777	rejected	1790667768
0x321cd27bfcaa64828e6bb29f1cec3995075c7777	rejected	1790650366
0x321d42edd2622b5380d52a6fdc2bfb5359f47777	rejected	1790668117
0x321d456f4fb618fdbae2c89802bbf309ed6e7777	rejected	1790668088
0x3224b72dca8e7efe9914ccb2924c45bcd38d7777	rejected	1790650500
0x32260194c5f5e51eb38046ccf0b417f1ee137777	rejected	1790433526
0x322a0d65bcc398139ee274c9e3346a40fd367777	rejected	1790433706
0x3238fd5c1f4d0881e389cb13383729a712147777	rejected	1790433996
0x32410f03053e094b0d82aedec5e5617c00527777	rejected	1790433716
0x32422406218e1eef83456903f764abd469407777	rejected	1790432950
0x324f74a4fd5d25186c74fae255a5750b6a807777	rejected	1790650888
0x32522cebdbad474ccc627c7d57e2262907787777	rejected	1790432867
0x325d6c6f39174ac315cf7afd3440888aedb27777	rejected	1790649902
0x325f88c8cf7f2f8c72437b2a457e36d50bec7777	rejected	1790650845
0x32633604e1e383edcb087e8f4c6ec033bf997777	rejected	1790649898
0x32638acc0695ab5a2026a4f160d20e0930207777	rejected	1790433831
0x32648514dbd82f463699baa56381416d79e77777	rejected	1790434800
0x3265e5bb1d5c42f7c1a9e0dc09999a11f8c77777	rejected	1790433727
0x32671c523a65e0ab7689234bb81603b766877777	rejected	1790650231
0x32683668d7b5cd2d5b25879b57801f2cb3f97777	rejected	1790650239
0x326a7f72f6e4d3a488edfc6abcc9c244d9a27777	rejected	1790650153
0x3278314061ff9ab2f9c5b3b0df0a9c291ebd7777	rejected	1790433686
0x327d1d05fbd610ffbde2b159c42cff0157367777	rejected	1790650073
0x327fc7f9f1b4e8d89c5fdd22831de87e7c097777	rejected	1790650114
0x3280330602fba29685fec16a494233e9427c7777	rejected	1790433613
0x32844f53d430bea9983784f75030c49f30d97777	rejected	1790431627
0x32883f9242d2bc6fd79e3c62bd669b3644e67777	rejected	1790650351
0x328a7e5291e6db280b17093992d111dfd9cf7777	rejected	1790650351
0x32907f2efe800f3ec938f875747e654bc3be7777	rejected	1790433823
0x329d6a51d13d5abe05aef1620a45ba5884ec7777	rejected	1790650922
0x32a45e16ae4b84e63de5510171d4ce22f1537777	rejected	1790667736
0x32a5b03a99ed0bf25e72f83278b34f4e31057777	rejected	1790434035
0x32a9c23c14c7a7d7e966486de48ef232254e7777	rejected	1790649647
0x32aa9b40af4c7be79542bbdf84fa3048a4997777	rejected	1790650370
0x32ad6d4d990f02224bb147fa56c685f929d37777	rejected	1790650196
0x32b70d9dd7e89e3bc9d6aa61511a76f6dc1a7777	rejected	1790667374
0x32be126137150ffa5b729468a97fc32c4d6687eb	rejected	1790432683
0x32c3940cc814f1b27620dab2a5ee5535bf337777	rejected	1790432494
0x32c49a21ebad571773780a4a1687c7fd40867777	rejected	1790650512
0x32cc169e3712e1d666fa3d53750d29b69bf77777	rejected	1790650425
0x32cca29824092e0ff662da71ad1aa8e750c97777	rejected	1790650347
0x32cd601aa10b2e0d6c9aa6e622ed1891d1c87777	rejected	1790668145
0x32d19fbcab461114d3c9149e3e3880daff027777	rejected	1790433888
0x32d31eef37ed04c796b4a4e0fb7724c1fc6b7777	rejected	1790432504
0x32e153c0aa6eb39d894f73ad4ba80fcecd11ffff	rejected	1790650902
0x32e76188567581888b493bc07a7702d702237777	rejected	1790650576
0x32e9a2d6a0158768affbc71af283de0bc9ee7777	rejected	1790667954
0x32ee04ffe3773758e3f782fc72c3a44e017a7777	rejected	1790667881
0x32f9d14b7e03ce9bdcd6bafc2197b209f4ef7777	rejected	1790650006
0x32fcaffaffd812d1714290d942cb5d5b17d17777	rejected	1790650166
0x330149c61d1d679dacef102d5d7e20efca0a7777	rejected	1790649932
0x33018388ec24e718c6157c374de44c612ff1ffff	rejected	1790650500
0x3301fce0344bfff71a16c16f25ec8422b0db7777	rejected	1790649886
0x3303306f5bf4ed0afb771285b6c2013531b47777	rejected	1790667960
0x33054c077b28166ef530149acbbc3a693c957777	rejected	1790431314
0x33102fed67a20bee5a85227c92ba28e212527777	rejected	1790649945
0x331209a3f9679fcfe3c980bdf7555fd8e9657777	rejected	1790667853
0x331268a7401ef904ce9474b63a61d8aa6b787777	rejected	1790668147
0x3312bb32357a6455eb3eb337250e2ab5c1117777	rejected	1790650865
0x33135a38520f63cf84fb7299e9db72a502713eeb	rejected	1790433661
0x33142c5ad85d9379094560c3b28b888352ab7777	rejected	1790434497
0x3314680bfa680e462b7568e6295fe56fd7f27777	rejected	1790650197
0x33151cf9aea3847144f6ee07fe2218ce75fa7777	rejected	1790433676
0x331530ebbefba08cba5d227fbb1a0a2b4f588c77	rejected	1790649924
0x3317a37d1f25ec26e78eb93fe9cf7844517f7777	rejected	1790433600
0x332afe80346dc8462632d8761eabf1040f407777	rejected	1790668338
0x333771df8872a1dc5b00f63442bbd61dab357777	rejected	1790650228
0x3339f05434e31f81d419ec28e4e1b4d916617777	rejected	1790434323
0x333ab2548f74c6d8ea045ea8727b6e4223ed7777	rejected	1790431427
0x3340d887555ac56c5a7a51203bd16be031db7777	rejected	1790649803
0x3341141d897dfe64087bb59ccb4a5e5ce2bd7777	rejected	1790668048
0x334200a861994b7581d36463f9c11dd1a7687777	rejected	1790432731
0x334e0cb285dc9f1bb2700b7e5d07c60269c17777	rejected	1790650703
0x335fd326872bd27f3bc8fc193513911a4e977777	rejected	1790650398
0x336b8122072c3f107064c3a17b3c12e04a6f7777	rejected	1790649846
0x336f20985983ee9a23f9c1523cce3187f8a97777	rejected	1790651185
0x3376a9cfa72e22cf8268f4128480eafd80b77777	rejected	1790650301
0x33770c9bbf31e63821352fb880d4d3fc1b0a7777	rejected	1790649919
0x3387be8d4f244f9a3bcef5bc41b384bc6514266c	rejected	1790651038
0x33895aa991cbcd2e20accca6a56afad88af97777	rejected	1790667867
0x339544eb295456c60f316f7c1665cb8d20177777	rejected	1790434481
0x339880a3888997abc399ca88f1033369b0fc7777	rejected	1790432970
0x339ba501fc97c2262ec86315823faaa160da7777	rejected	1790668109
0x33a153fa4cd9dda83515b0575f27e61aca537777	rejected	1790431388
0x33a308aa6a488546d9fadf0900f7bf518f267777	rejected	1790649828
0x33a5c680f0e911095af6a7b2f326d91f49127777	rejected	1790668183
0x33ad8d496a46b874620c38dbf2ec4bca1a775d45	rejected	1790433585
0x33b3cce998caa3ccf925d94f5f89db57a2df7777	rejected	1790668111
0x33b59f1212168d670f88e1b003434c56f0d47777	rejected	1790434016
0x33ba27e8a5898d35ae584903a1afdbee6a9e7777	rejected	1790432708
0x33bab06b2b8eb8195ac4b31dad5b2d8eb8087777	rejected	1790650134
0x33c0dd17611fdb64b529c345873fae3efa1c7777	rejected	1790432742
0x33c1cee7fd563e20c2d20518fe10e11a9bde7777	rejected	1790649858
0x33c9041b69b5937ad0f032bdbf9490d8e1877777	rejected	1790649920
0x33ca979f0102bc9bb08cfdc14996d607913b7777	rejected	1790433690
0x33d43e8d977c1f737499c28f07173470d09b7777	rejected	1790650793
0x33dafea7243eeefc66bb17e02a82883df0ad7777	rejected	1790431666
0x33dea876f862ae5add7ad429f73ba48bf0e87777	rejected	1790650899
0x33e35fe3a236f17a80d61142eb371c10a3a27777	rejected	1790650037
0x33ea78e937b555b1a3cf39f90024ebc0f0097777	rejected	1790650798
0x33ed086766597d3c2230595f0885d1606c397777	rejected	1790668248
0x33eddf699916283350cac6d0619b45b233417777	rejected	1790650061
0x33effa70be5c2c2a6a754729653c188d97ef7777	rejected	1790433729
0x33fcd96901222cf935931a831c9cececaf717777	rejected	1790651035
0x341358e6f13d57f5e8d838f60ffcaf1b293b7777	rejected	1790650475
0x3413d93c6e62ccfb68000cb6b1887fb914117777	rejected	1790650495
0x341c35d133694e8f9be2cb1c3b7a887785487777	rejected	1790650287
0x341d4c00ca45500515789756c902d66010237777	rejected	1790433700
0x342161640323c6fed84fdfcd575eae08ea937777	rejected	1790649807
0x342798994a5911a7ff83c52466576f6c44207777	rejected	1790433448
0x342f90eb8fc8d79515629d4edc06f879bdf47777	rejected	1790433585
0x3436f10f6b36bb7038cd19c35560a259ef447777	rejected	1790650773
0x344803cceeaa7d826c6b3467f9f947b082337777	rejected	1790650415
0x3448cbfd2d266547a741856cccdc2d2f562fffff	rejected	1790432853
0x345573124e153a98c30a11b8a8e2ca1d973b7777	rejected	1790432421
0x345f2d841bbcce68a35e342bfb7aaea54d8e7777	rejected	1790650208
0x345f67d343afee88bebe0608a934a016a34d7777	rejected	1790667886
0x346a08b194b292f0de91f37a0fd15b7a66827777	rejected	1790434003
0x3479cf9cf0b22b7df3420b081e338b464b6e7777	rejected	1790650767
0x3487f7e16fc347042a2cedfbc6d411617e0d6e7b	rejected	1790431416
0x348e9ff651322e7d61ab342b819557111e277777	rejected	1790432947
0x3494dfe19b721dac6c5c8d7470c8f89548177777	rejected	1790650252
0x34ae3972e85de65cd09b8eb20d19dbf651347777	rejected	1790668110
0x34b1284cb3dcbc992b6cfac7c63080e31db47777	rejected	1790431517
0x34b5f49d83f98e9a2c0c2bed996fcc6032027777	rejected	1790432836
0x34c1433f5c547beb6174d0bbba8da7fdc4e81c1c	rejected	1790434027
0x34d9bb4be5876d60534b61c48fa47e49658a7777	rejected	1790667606
0x34dec44abcb9da059d46107ecaf865234e3c7777	rejected	1790650091
0x34df1d44f436b5f75cba68a6ca374fc3c9637777	rejected	1790668034
0x34f642891cd2b8cf0ec3b99dd1be08f973bd7777	rejected	1790668047
0x34feeff8435c927d2f268ec41378b21f44d67777	rejected	1790668338
0x3505958545607c5e3ca7bc8877bef46631837777	rejected	1790667741
0x3506263cfd47b57f94eb22ac853689d4a96c7777	rejected	1790649957
0x3508b7e3cb7c2674b5f86a2d0976e4240fcc7777	rejected	1790649755
0x350998f957d76a1532ce62e63f113846f7a17777	rejected	1790650742
0x350d866bfaae2a06fa2d06f6886bfc547a547777	rejected	1790667521
0x350e80158dcaa868a311bae0ef67c004b4877777	rejected	1790667954
0x353914b3c19e60032ce3423a011f51f755fb7777	rejected	1790434810
0x35411e9969bce6cfa3e8843ccdd786bfc29c7777	rejected	1790434016
0x35435a56964722f68310f13c7503ed8b211e7777	rejected	1790431596
0x3548da95a9effe481e8604664d75e95821e557f5	rejected	1790651997
0x354ede6570a1703a8cd910efd05bc93db0ce7777	rejected	1790650846
0x355222f8f068e8cc65e5762b7507845834b67777	rejected	1790650113
0x35523656650740235d455fe53c651e6a1d4f28ca	rejected	1790650874
0x35547df8aeb71a1b407e453d75eb0193e5257777	rejected	1790667962
0x3561e01a2bd4a0095e45772be4925672a3c77777	rejected	1790650776
0x356a86ee4b01493532c5b87564954cd43cb67777	rejected	1790432161
0x356f85a556dfdd9055b420008de769bdb6027777	rejected	1790432832
0x35701838582beb257b6a17f70babf5c15cf27777	rejected	1790667744
0x357224a38f1e856851a82b0ed1db51a670d7a651	rejected	1790434971
0x357a939c5067f6a08fbf6c24e84dfcbd5cdf7777	rejected	1790434972
0x3585dc019931c53cdb9d147a9837276d692d7777	rejected	1790649859
0x358a1a5576fdf53f5e338e049b1669a4ecf87777	rejected	1790668018
0x359522867ee55b867da9158cef0de1c225ab7777	rejected	1790650101
0x35a9aada380f50ca91cf719cb2c828eb7e1a7777	rejected	1790433485
0x35ac7bbae683b9a49d4eb266047eccc1d6657777	rejected	1790650461
0x35ae46d326ae113f59b147adccc5a4281a2c7777	rejected	1790650380
0x35b089eff90ff814bb6ccf2cd316373982f37777	rejected	1790667949
0x35be9255bb9c81d6d070f87b6a39a47d915f7777	rejected	1790668029
0x35c79e32b0df9bdf05cfdf631b44c0e3b4607777	rejected	1790650290
0x35cf87777f9ca626a93324217fd4aff002a97777	rejected	1790649734
0x35d5a1b246cfe24a8c111d9e5cfc2610a21d7777	rejected	1790668121
0x35df2708643912255113ec56998f679dc7727777	rejected	1790650911
0x35e1d2de2bcff07ff37c4485b9fe5c61c01f4c9c	rejected	1790649782
0x35e485c9f6b62130bafd670ebd21e2e1c46e7777	rejected	1790650713
0x35ef9fa05d64466dc6ea1a37c535cc985f117777	rejected	1790667867
0x35f17ff9350899c190b2edddcde87cb1b9dd7777	rejected	1790650129
0x36001f915af75e35a09ebc2cba790b18f92c7777	rejected	1790650529
0x360095141dc69075e77fd49b511ab9af445c7777	rejected	1790651033
0x3603b7c13de5a16f50813efbcc8ab8e56b576d4d	rejected	1790667512
0x360ec1844cbc9d648999155d61fd094a75807777	rejected	1790649800
0x36277afe9a8e465dc209b7a3a9b66207c3717777	rejected	1790667904
0x362948a478ef560ee111a267a76344c5c3417777	rejected	1790433659
0x362bd234c226fe1ff3e2650f2e727ceadc037777	rejected	1790650187
0x3632d9f48afe393e91377d2461635edf61ea7777	rejected	1790650406
0x36381ac398d46c79d1daaf33fc93afc8029b7777	rejected	1790667737
0x36383816238d16d72986a3e48deab0f156e47777	rejected	1790434977
0x3639bb8c350660d141ef1142575c7d90e7ca7777	rejected	1790650822
0x364c24a4500325708b9d388197815b8d45847777	rejected	1790650758
0x364d6bfb64de404c0a103bc181ef8a03acb37777	rejected	1790668024
0x364e925acfdaaa4e7b74bdd7ef50adc3d5b37777	rejected	1790432875
0x366298a43da785e53a30d2a5f4fee97b75467777	rejected	1790432944
0x3664fbe5d3379573beae4a3d9b6f612e0dd17777	rejected	1790431652
0x3667804aa8b01f15777fb31e75cf37b6b1267777	rejected	1790650917
0x367890c2787f6f0f9312cc328f2ff4af50a87777	rejected	1790650948
0x367c7dc44059e30f4a3b09521689a693415e7777	rejected	1790649729
0x367d0fc4c6ab5bc0dbb21a4d47d4143d60207777	rejected	1790433749
0x368886a0cd1d8980bb1528823441530e8c0f7777	rejected	1790433669
0x3692f57798bac937afea6cf8cb45486a31e67777	rejected	1790433616
0x369853e30e12cc26455a24c9c457e2467c787777	rejected	1790434490
0x369fb63a7761971bd46b3f1545024959cb4f7777	rejected	1790649906
0x36a03f41df3e6d3fad7bc81b4d14fe57c08e7777	rejected	1790650941
0x36a376338af174e680aa35a5f1024f0fd9cb7777	rejected	1790667915
0x36a6ddcb4090073dc0b907cf5a98227027ea7777	rejected	1790649998
0x36b3a1811dc6fbc5aef82feaaec0941bcf507777	rejected	1790650678
0x36be66aed4bb857e6d2c2aa276ce265141b57777	rejected	1790650666
0x36c38cb71e7577f17fba7ffc19cc8a9294cb7777	rejected	1790431412
0x36c649400db67ebc4b9b727fe98d55faccee7777	rejected	1790667609
0x36c9e2bd8e9698d3fafcda2b4634357c654c7777	rejected	1790432609
0x36cb388b6670e49391132adeabf31387a9807777	rejected	1790434178
0x36d44fdbb00cf99daf8b25ce0021fd3997b27777	rejected	1790650044
0x36e9551114046394ccb0445f563b355661ee7777	rejected	1790650498
0x36f2fd027f5f27c59b8c6d64df64bcc8e8c97777	rejected	1790433933
0x36f3dace5cf5f976ece2b50cb3b489f7072a7777	rejected	1790667741
0x36f96a9f870a129cac2a02ddc4be8e3135977777	rejected	1790650272
0x36fc2f86ba3c1e944741319680edefa3f8a37777	rejected	1790667513
0x36feeaad802dd106115a7b8ebccebfc8ad8a7777	rejected	1790649863
0x3709fc0e1f70cdb5ff1ec2c868881fbc740b7777	rejected	1790668351
0x371b853afd55b8b94a2669bd7c80c3b7cfb37777	rejected	1790650355
0x371e09b5e6be1f16ab3abee0276ac42d6f847777	rejected	1790433610
0x372845c110af09b9a436f091aeb09fa1bacb7777	rejected	1790650737
0x372b4afa9b53c8d56d5aa8d6b1addc406e6d7777	rejected	1790432839
0x372ef131b69068ea774a3540c704db2b0bb38888	rejected	1790650882
0x37345737add2020242476eed0b5cc6149bc17777	rejected	1790431424
0x373755e2b5fd3d32d105ff4eda2680541ad07777	rejected	1790433881
0x373d812bec4428a9e00c2dded01788bf981b7777	rejected	1790667595
0x3751bba2820ae315970ac30f7d2c00e47a9f7777	rejected	1790433840
0x37583c6b61bcb1d30cbfacedc943d0e444aa7777	rejected	1790650786
0x375a5ef93aaad359b3fbab8d1197756100e07777	rejected	1790433362
0x375b714bf7815490d44b78275e20ecdbf15b7777	rejected	1790434479
0x3762db1a02c112c29a57dc3e7b7b091885e37777	rejected	1790668055
0x37658f42f04132b9721065d7b8a7056b1c057777	rejected	1790667941
0x376977a2250e2f9030b63d3dff72cb5c7a527777	rejected	1790433640
0x376a7cc3ab0dc01fd818822630ee9d96f4517777	rejected	1790667949
0x3773235857320ecbf74e45f977492ebf5a1a7777	rejected	1790431662
0x37861a95e7fe6f6b114a4d2abb776a5b71337777	rejected	1790433524
0x3789c4a1758c8b20993cd935f5a1fd8ac3b97777	rejected	1790649802
0x379a25144113a66e85d34703dece2e9795597777	rejected	1790650555
0x37a11415fac5b312da309da755375a4ffc54ffff	rejected	1790431281
0x37a1f41c9ac47e067a0766987cbf48038bdb7777	rejected	1790650190
0x37b2a5d983bd4ea19d4f4c40bab220d90d7e7777	rejected	1790651186
0x37b4457bc628acb9618a220e5501b0b5f1257777	rejected	1790650156
0x37c1ae845fdcdac3bb901b9e77ed2a43a9927777	rejected	1790434827
0x37c6e0f507aafd63eb988ebb498d12f72d4a7777	rejected	1790650548
0x37c74ee61aceb4e164c12515ad05ad3447b37777	rejected	1790433577
0x37ca5e35d1afd7c4e5ec9d82e9c2bd1fb43d596f	rejected	1790650915
0x37d4cb14553618e636bc978eabca10408df77777	rejected	1790433602
0x37e324722aa1077fe71889737670b0cfe8df7777	rejected	1790668008
0x37e6590add94a06cf5685fb683da95f4394f7777	rejected	1790667699
0x37e93b07f2f23d240583522bb9087879ee7f7777	rejected	1790433918
0x37ebf5f77b87e06857b288db7ba8d2e1cb157777	rejected	1790434035
0x37eedc67e068e88c0cb50cf327ab6319ae04e3ae	rejected	1790432962
0x37f782ca31c98b30711f3e7c6bc6c693a3bf7777	rejected	1790649739
0x37fbb2905276e4b5f9199cba0160413e4e2e7777	rejected	1790650113
0x37fd608b6d3b9b16c18055fbbb301e6dbe3f7777	rejected	1790433823
0x3804cc22568381ae9ae76aaa8ef57ec212017777	rejected	1790649735
0x380601a45c5c7024b00e574fc187c0ae836d7777	rejected	1790432516
0x38071ae00d02ec449115fd3d0ef4fde8fbff7777	rejected	1790650213
0x380b3945568034e86817499a2440454a3b2d7777	rejected	1790650782
0x380d38ec3980b1940d8f51ab525191ca2b307777	rejected	1790434720
0x381aeafd1dfa72f9572da27699b8966945287777	rejected	1790433480
0x383034b1603e46dfcdbb2cc96f40c445a85d7777	rejected	1790434697
0x384a2f21f9e7140777c82cf4fa43cb5799d87777	rejected	1790649929
0x385256c525270ea80b1410fc8c418ff7a1cd7777	rejected	1790434997
0x38528e211ea540dbc8f5ca52e96067d3dcd27777	rejected	1790668015
0x3855d83761e849340b8fe153c298b9ed593be405	rejected	1790650130
0x3859a7d8a0e5d85680bf4381170893eea9657777	rejected	1790650049
0x385c917adbeeb3f16eee3281b7dff04d0da57777	rejected	1790667893
0x3864d79f0d5b20b741a357f3c9524945e4307777	rejected	1790649645
0x386502b4c8e964d69df958c139c013be65407777	rejected	1790432729
0x38685d671fa99c21e043ee6c92eb3b56c0a27777	rejected	1790668012
0x3868bd691a3a8f26c65498d0ce0d34a311111111	rejected	1790433918
0x386c34c2ea177a7a7ad6c3e4ef449b841a897777	rejected	1790668321
0x387429a3367d64783a7523935decc97fefab7777	rejected	1790433873
0x387d10bb140dd9d09606e0a7cd805b0d40b07777	rejected	1790650185
0x387ff033696d92a1736d1b4d8860075fd9137777	rejected	1790433563
0x388476717eaeef44134ac997ccfc4a7118187777	rejected	1790650914
0x3886204756f7d7e62ccfc81c85e59f025f7a7777	rejected	1790433996
0x3895ad14d81c6d54b5afc57bfd2f885351207777	rejected	1790431410
0x389614c841c959c778937a7f32f371a104c47777	rejected	1790432687
0x389a9f4ba2152d6d47d11f656e7ed86272ba7777	rejected	1790650558
0x38a04f810cb0d556caea5326faca08636e657777	rejected	1790668061
0x38a0ca00ad0105fd5259ef52bb15e22b83ae7777	rejected	1790434798
0x38a8220385524a148800a4274e9a7c6164067777	rejected	1790649896
0x38ad6db9531b0e4337ee73e725ee6e1de0847777	rejected	1790432834
0x38ba3d5e323cd59f48110d0405ae84535aad7777	rejected	1790650709
0x38c4a316705c99d55f1e390a1b72988d951b7777	rejected	1790433869
0x38c87c0dc3a78d0eaf2a32dafe1da3455ca07777	rejected	1790650685
0x38d3d3fc22d81d719ac0fb379a1f05fba53a7777	rejected	1790432983
0x38d58d65e280a3451634a09b2515015153bc7777	rejected	1790433542
0x38d63de68d13cdc740022bdab3b085ce05398981	rejected	1790431411
0x38d6847c000fd5ec925334f7a283103548a27777	rejected	1790432514
0x38d8667ee5be3d6af5ef0d1796d62db198087777	rejected	1790650540
0x38ddc12fae555f7794ec40d18e63a1efaf8d7777	rejected	1790650661
0x38df7389729377e4ab803c87f97ed7086c0b7777	rejected	1790649962
0x38df9f341fef27a0a9b7e12135f115ddd1f57777	rejected	1790433490
0x38e45fa670ceb1d4069cc1d2239c3c0deaef7777	rejected	1790433456
0x38e469442ac53950ed7024e20ad6566a6af87777	rejected	1790650787
0x38e5bec213cdf245c86c2ab3e2428e134d7b7777	rejected	1790667620
0x38e630789c8249a7a0361c7e09521068257a7777	rejected	1790432712
0x38ff0e4e71130715d58072d537fd7858dc1c7777	rejected	1790432962
0x39006e1e51e11e507a224c589072f49b83997777	rejected	1790667969
0x390310b6f026e2bda1e207565c4865da8fa77777	rejected	1790432981
0x390ffa3476e1a01ac850fa6a9b47a9871a617777	rejected	1790433633
0x3910c8286b5c61ef3415d1582a1336ef3a527777	rejected	1790650354
0x391bc482861e42ff0035b85e4590a243aab97777	rejected	1790650345
0x391e1d6edf66f060a5ded625f92cf27a90797777	rejected	1790434998
0x39202572c191be7fcc1e3d30a17e5fce77dc7777	rejected	1790433401
0x3928ac37b1faef3a656399734a8e3af31ee6f87d	rejected	1790668256
0x392d7a3476ff712bf2a133dc8bfccbb331707777	rejected	1790668094
0x3930dde49fc7af3f02e35d2b147f3a28f7e17777	rejected	1790649893
0x39314bf73567a0665db154cb4b6462577a907777	rejected	1790431520
0x39374867d4f901a8d0bcddc4010d66df17097777	rejected	1790650238
0x393a036df58404ec6c82b1d2007588d7d3b97777	rejected	1790667435
0x393a2fe1253bf99328fcbff6d4391d266682ffff	rejected	1790433714
0x393cabdffe042e3bdd8b23f80a8ad7fd49487777	rejected	1790650834
0x3947a73ae023d0d8addc2ebfe313a462f0f07777	rejected	1790433528
0x394ad9b3d0dc2ac62a4c833367e732a3aff37777	rejected	1790432684
0x3954aa274a67e6158d9afe3256f2dcf827267777	rejected	1790667690
0x395a6b4e1d88ac201575dfff4ce5ef83ec207777	rejected	1790649771
0x3968ad99a3500b7407a5a9dd17c9c8cee6477777	rejected	1790434604
0x39732b2499e817bc9559b9255aee441a5e897777	rejected	1790433842
0x397772a3e10d8884dd3343eccd7b4f544b187777	rejected	1790668336
0x39809b92c3be072815d8ed4f232d517e006c7777	rejected	1790668349
0x398a23edebb511877690aa334bb69b42b0d27777	rejected	1790650716
0x398be6f602dd4caf070bcd94fe2f4af35a0a7777	rejected	1790649867
0x39984d324c0378e87545acc65fde438e71d17777	rejected	1790650006
0x399cea442f362a9d8d0719246286fd0d04238888	rejected	1790650852
0x39a4788c6929b1bf972dcf32ea1e72aef8a96200	rejected	1790649800
0x39a90d082e19bd2ac30da6964d3d2fda50077777	rejected	1790434025
0x39abdcb5ddd36919bb8b3038fc4a06cc207e7777	rejected	1790651075
0x39acb798e683fde370b49ba93d1ac3c479a87777	rejected	1790650390
0x39b021e9c7eaf9a3ad30a3e0363aa44055427777	rejected	1790432978
0x39b32e3ef864ea6de33958bdec65272e2c6d7777	rejected	1790432836
0x39b7bf52ac4de9cb6ec8bc026244fcf027d77777	rejected	1790432493
0x39b944604b6fb668628fb25f25d7824cea007777	rejected	1790667690
0x39ba5e28b4fb514521c65510a03bb84b37ea7777	rejected	1790667723
0x39be4f1e275429c9b200b01e633cff03812d7777	rejected	1790667691
0x39c2e0eb0eb13ad69dbf47b002db9f166ba67777	rejected	1790668122
0x39ca6dbfa103a807cd3fe1807aca428596dc7777	rejected	1790667762
0x39cc39a1e299e0cea36a06d05c293ed625847777	rejected	1790650699
0x39cc91caac589938e65b32a9640615223e987777	rejected	1790649981
0x39d0cbc85fe27be32b8dbcec7b66c4a40ba47777	rejected	1790651048
0x39d3018074903a0ce793f1860df967082ddb7777	rejected	1790431391
0x39d9787f6b5d58ddd82655532248b6c4a7f47777	rejected	1790650889
0x39d9b36aa0e7a1fee97d6ff614420f7308ba7777	rejected	1790434041
0x39de2292e53aaff0b8b2aaece847df96abac7777	rejected	1790650106
0x39e0774d19df43bb7e7f551c993e797214607777	rejected	1790434024
0x39e84cdab94bdcbfbebfad9e07b2bface44e7777	rejected	1790431408
0x39f002a3b22486ade4c8f9c12d58a25438f07777	rejected	1790650827
0x39f20d99cbedb2e16dbb3c42f9b933c67f38ffff	rejected	1790650533
0x39f28d24c17d2e5f720fa43ffebc41cdd3e07777	rejected	1790650128
0x39f6d738a819c7e995c6bcc6d9859eb4df6e7777	rejected	1790433569
0x39fce6dd80d67ca74221fba0b1aba130958a7777	rejected	1790667959
0x39fd09cf743dcb4838ea34f35495f6b216767777	rejected	1790651031
0x39fd2338cf63ad729de2b1518ee9cafce9527777	rejected	1790432970
0x3a0304c9836da3f0a0e1598fb6536b01dc547777	rejected	1790650657
0x3a0a47a9c2713a7049d1052cc8ebd39c41570580	rejected	1790434344
0x3a0d127132fe5ad915661f9f7a4436a291187777	rejected	1790667603
0x3a156f1e665cfa3e8deffc70d1edb02dd7107777	rejected	1790668128
0x3a157ca8a0d4b8814b13347bc48d74a518cc1ce1	rejected	1790650755
0x3a1f77b257caf0c91a291a8b7d8050c279ff7777	rejected	1790667964
0x3a207bd4f2e4aecaa6db9dcc7e764a9197447777	rejected	1790432173
0x3a20de1f7560b27e739c620874969fe30bc39ce7	rejected	1790650312
0x3a260d67990d872b8b365584f4a171efba967777	rejected	1790433872
0x3a2bcd527ac73a6610f7d0ac2e9e7816e47f7777	rejected	1790433558
0x3a2ea59f752c62742ee35dfc664743ecdde37777	rejected	1790432608
0x3a38f2d10f24b2cd6f3b528df8bb5bf954397777	rejected	1790433578
0x3a3adf9f9f2865de32c3d4f7d72af53480eb7777	rejected	1790668341
0x3a3c2acb1fb8bb5c5f253320655a3553a1b77777	rejected	1790869675
0x3a3debaee09d579f87cb8d034eca5ddb90eb7777	rejected	1790650338
0x3a3ef1ba8854206dff714e7095e49fa385987777	rejected	1790668009
0x3a462f1339633dd5cbe5204887c26c3d2d857777	rejected	1790667892
0x3a46e9c876554aa827c0b309fc80cf98a2917777	rejected	1790650800
0x3a511adcee081725a237acede5ba1b2dce7f7777	rejected	1790650062
0x3a58d7f6275d222a89a18f9c485ea06699277777	rejected	1790650005
0x3a5aea1ab2224f08af2bc76b951bd3b2bc857777	rejected	1790667855
0x3a5c3b1e0f4d9dfbe802f107c83d88a85cef7777	rejected	1790650396
0x3a66f78eb268d830fea9fcb827a3bc6700a17777	rejected	1790650012
0x3a68efce30856fd1fb3c5197b6f4934d49e27777	rejected	1790434201
0x3a6d2f1163d2fc3d2e47c2305725b9ff373f7777	rejected	1790432686
0x3a833b87d34fa9b82f08afba863f501f837f7777	rejected	1790433850
0x3a882dcd924f4fb43ed89d7886c4d5f32e847777	rejected	1790431394
0x3abb4d1f2e15cb49211c033f2876985698807777	rejected	1790434402
0x3ac6ae32f02b1e6fa45a14e1ba4acc51c2737777	rejected	1790649766
0x3ac8e2c113d5d7824ac6ebe82a3c60b1b9d64444	rejected	1790651040
0x3acbae248fbc714e229edb62143e47fb2a3d7777	rejected	1790667991
0x3ad40d31ed23ec7e9b63f424891b05aea49f7777	rejected	1790434343
0x3ae26c3c0e45b7c131724e87244f91684d4e7777	rejected	1790650810
0x3aebe4e0a28a3c6278ad4ace4a38739139227777	rejected	1790650734
0x3aee7602b612de36088f3ffed8c8f10e86ebf2bf	rejected	1790433866
0x3af9adeb06c6b8247a169ad9b86b228b22437777	rejected	1790650062
0x3afecf29e709e6593670c1ba8bc16eacdfc47777	rejected	1790433560
0x3aff5384777288b6cf3cf6b26a69112aa9f27777	rejected	1790650791
0x3b040507a9f3d17cb46dbf87b137525c6b1b7777	rejected	1790668048
0x3b0c30770f8780c5265fd677513c6ea8cb5f7777	rejected	1790433726
0x3b10b6737c06bb2e816a488a495760efceba7777	rejected	1790650093
0x3b15c90d4b5da5f1b88d5648524aa3d0129a7777	rejected	1790649963
0x3b1db5a7285b8fcf49c44d471e4fec45df927777	rejected	1790434691
0x3b3866770208227bb04a6acba9d5b169f5ec7777	rejected	1790649908
0x3b5813d06107713c3fc22448d996430755e77777	rejected	1790650397
0x3b691a6bfe9f475a7ce2aeebf740ba596c0c7777	rejected	1790650091
0x3b70028682bf98a142a8c0b68bb2ef897b297777	rejected	1790650746
0x3b708ff45607ea9e95b4fdbb939846f096557777	rejected	1790649993
0x3b72ac7b455eba2d19cf6caa809006f5c0fa7777	rejected	1790650692
0x3b768c1a2fef91e7f2695686c1572566a7537777	rejected	1790650212
0x3b7deca8828c920d9c4939349fc37535bacb7777	rejected	1790433488
0x3b836244421dcbd51701c4051986f2fb83477777	rejected	1790650274
0x3b87000a480d337a4d1e5848ef92e608388e7777	rejected	1790650002
0x3b8726241142721f0a4fc87c7449f07c098d7777	rejected	1790650182
0x3b93b8802af0fc08802b5c54709e176db3407777	rejected	1790432489
0x3b949007839039ca9b3e81aca7baa318471e7777	rejected	1790650129
0x3b977a674e7a80d720224f26a58b22b95e6c7777	rejected	1790650154
0x3bad3882341d394869bc365964452823e9437777	rejected	1790431657
0x3bb21afd23bc9031ce1a9b586ed513ecab077777	rejected	1790651098
0x3bb4a0fe897ccac80dc7534b4550750abf517777	rejected	1790667520
0x3bc6363aa6301d337d95cc2bb6de69c377427777	rejected	1790649894
0x3bdc5edd96cabbefb90b22ea87c848eaad907777	rejected	1790650165
0x3bde11a0caf12cf6cb9a2325342f2a01fa827777	rejected	1790650852
0x3bf18a94111120519c2cdf4a951305f88c497777	rejected	1790649788
0x3bf7c1e41e441d43f9ddb3c125bbf0dd7ccb7777	rejected	1790649806
0x3c0a3e5418a03b9528c535c4d26c3c7c48407777	rejected	1790649882
0x3c0e9256e92d2083abea9b21c76e5cb3e3527777	rejected	1790649963
0x3c105b9711e36544d40288dac169672347267777	rejected	1790650303
0x3c1abdb32283489e5fcaffe05320ed88abf97777	rejected	1790433673
0x3c239af57df2c23f649ce12615fbfe94dda17777	rejected	1790667906
0x3c2b42eaeec9fc3c4d74f60b535b60f9c2a57777	rejected	1790668038
0x3c2bd90b9910b0a78b721d2750633e9d007b7777	rejected	1790649792
0x3c352d7dabba0e8d5ef6a332c68e4f6d11197777	rejected	1790433574
0x3c4f544dd489706f9bf7a25161bc06d0e1277777	rejected	1790433515
0x3c508f110ef439b01e0f91859ea8c55c02607777	rejected	1790433481
0x3c53c9e06706a712feca9ea878a4c5f644767777	rejected	1790650464
0x3c59a45558f35ea782ffa642e46f4d51f1097777	rejected	1790649873
0x3c5bf67697199144adb2a2d1b55eff4110f57777	rejected	1790668064
0x3c6ad9d2cee5c8852a069c4e159341f4d0d57777	rejected	1790433656
0x3c6cea8c44f2cdcfe4d022c91bd1f3587b897777	rejected	1790650287
0x3c71fde64be5b6c90805ec894d332caeb3927777	rejected	1790433932
0x3c83f3aa2615da932f4769eee26482dfb24a7777	rejected	1790432505
0x3c8ff933d34913c4416a7d73015f674e00467777	rejected	1790433839
0x3ca01a160dd028f30bc4939c87a88544d39d7777	rejected	1790432508
0x3ca7f4e4817cee0183f9612004629b71cbd97777	rejected	1790433446
0x3cc509d760f144a53cd57fb7aa9d4855a3927777	rejected	1790650508
0x3cc52aa69c9a4b4165354a825fbff675b79d7777	rejected	1790433857
0x3cc723fba8bbaa2e225fe8d639c73525dcc17777	rejected	1790650731
0x3cca22c908c41cd921ebd449f341aa2f6e3e7777	rejected	1790434365
0x3cca5256a2c0f7791deba2bb7831df230af97777	rejected	1790650239
0x3ccf300810418370e92ea936dd2f184d5a847777	rejected	1790434375
0x3cd217ea1fb4bae4a2a9944faf71005266b27777	rejected	1790649984
0x3cd27485bcdea908222386de2a4c77a9cc287777	rejected	1790650157
0x3cd92e11e3b26441dce9890c816309b6ff20ff63	rejected	1790650945
0x3cf25f8320923798dd4f9ec53b159cde8a9d7777	rejected	1790667928
0x3cf3063dc6411d276c4fd03ce1d28ee5629e7777	rejected	1790649864
0x3cf46a71d1248ded448074a551baee42cec1f500	rejected	1790432703
0x3d0142a6d3ea43e955ad4cb2b14c48ecdf4a7777	rejected	1790650699
0x3d017bc19fa4b1136d00e135490edb43104b7777	rejected	1790668079
0x3d093b066afbb3dc8350a0cf067c073858047777	rejected	1790668167
0x3d0d05a40f3d74fc457e9318437a20ef74317777	rejected	1790431599
0x3d377b6bece7a252c66e3a28e28a763c799b7777	rejected	1790432737
0x3d3e3876c4b5cb42e41a0b2cda42934665387777	rejected	1790649826
0x3d403d93c651c8a806363d7f9ac01e0a9bf07777	rejected	1790433591
0x3d41c7d8771c17cb47dafe0f87d668f7f50c7777	rejected	1790650692
0x3d4588542833015528e315ddd0639c017a227777	rejected	1790650725
0x3d500a81930e9db8ed51119678782b4f34a77777	rejected	1790433636
0x3d5479aea7954deb688a333265bfaaf7febd2ed7	rejected	1790433700
0x3d56de7e3ff16076eb46cfc89617194a4fef7777	rejected	1790668022
0x3d5bd743b0fa586b14eb6dacd13afe5ddae16f19	rejected	1790433548
0x3d5c6d371f375b32beaa475739e387d950ad7777	rejected	1790432485
0x3d61e8a1cbb3256b804730bace7881e8b97a7777	rejected	1790650356
0x3d86743f381a5f57cca43010c1e7c283147c7777	rejected	1790668031
0x3d87cd405e527171e52690c8f87d0fb214567777	rejected	1790667732
0x3d87dac4f02a85076a8e9f3aa98ea79348dc7777	rejected	1790650376
0x3d8bfb1292377b898e68f99f62a84ff2bd237777	rejected	1790650860
0x3d93a498a3bf9f0955e405d8dcb130fc7dd57777	rejected	1790433441
0x3d9404fa1c555f56ba4bd3ea3c9b03f3ccb87777	rejected	1790667906
0x3d95854f608a03f5e191817f50780b452dfc7777	rejected	1790433516
0x3da7188f18c255e8625745b746c332e8c7397777	rejected	1790431788
0x3dbb9e907026e960cfe0fc3df8e2b90e75707777	rejected	1790668046
0x3dc16094ef4468f142ab3005529a55e396f17777	rejected	1790432843
0x3dc4c1d40c78819ba963358e2b5a20ee11157777	rejected	1790650460
0x3dce397f97a35e0747bdebbf4300d3c09ec37777	rejected	1790650856
0x3dd4cc111d00894a210ca16d4b091c9bc39b7777	rejected	1790649793
0x3de9ffa6af1c8b70cd93a9f1e009ccb903bb7777	rejected	1790649839
0x3dec38fc4903f1dabbf7d5caf8a157ac30ee7777	rejected	1790649792
0x3deedfd558d2cf86ed0c7f2357cbd18795877777	rejected	1790433856
0x3df1147c9c15d75fa20bf1701c77edda98d37777	rejected	1790667957
0x3e01016a5ce45f155b43f066104b8ec5550d7777	rejected	1790431623
0x3e048d1485f26b2bab392012b01c3cc8cbd07777	rejected	1790668326
0x3e0b47f68581d9dae4619a0d80db416b477d7777	rejected	1790667762
0x3e10342a181dc243810774b2a481cd75974e7777	rejected	1790434821
0x3e17ee3b1895dd1a7cf993a89769c5e029584444	rejected	1790434499
0x3e183ccc952249fb34f02851e72060eb3c727777	rejected	1790650814
0x3e196be83eab601d254ed6c8211354196b087777	rejected	1790650315
0x3e1cd2bcb69f9a1e7d459ad7d2a32c4e2a2c7777	rejected	1790431608
0x3e22db692f6918368554192fd60035fb355c7777	rejected	1790667714
0x3e268650916b4ba6bc0f000fa9e529d2a9c87777	rejected	1790668013
0x3e31ef9419bd8c08ff22391f2bdfd4c229ab7777	rejected	1790650741
0x3e36ca1b9987c7617ab0be66314b27c287ae7777	rejected	1790650549
0x3e38fb5183e0dc1485b5eea47609d9910af35463	rejected	1790649645
0x3e416eb0e5a17d7d264f4e967a70850f677a7777	rejected	1790667895
0x3e43f831633d868f31b1d5d6e87922c785ec7777	rejected	1790667360
0x3e45794263923b958056fc8b64dc654d813b7777	rejected	1790432508
0x3e465ab4d3199ed5b9d2dd8a3152d21fcc8c7777	rejected	1790432694
0x3e57467b56a87b73573813d3fd949fc1fef77777	rejected	1790668164
0x3e5bb4eb5a6e0a32618caf6d1e18b05b78817777	rejected	1790650189
0x3e7aebd07b3bc32b201d4e27f94b82fccd487777	rejected	1790433635
0x3e87adefada1c581b02e84753bc4f8afa4d27777	rejected	1790433596
0x3e8a364afbbb5883392eacd0979a7f609b7e7777	rejected	1790650256
0x3e992893bd51e08e4b3b41081ecc792377157777	rejected	1790650551
0x3e99a5e57afa35641dced508206dc0209c247777	rejected	1790431655
0x3e99c8ea2771590e1b73cce3cd82aff516e87777	rejected	1790650104
0x3eac1622ec99dbb506ee9ed9920926d2b1037777	rejected	1790650519
0x3eb1884760a9d32698847e032af674b9d2377777	rejected	1790433489
0x3eb192575e9c93ae3d1c58d9d769d7f872fb7777	rejected	1790668126
0x3ec0311b8630dd0c474e500e38e10e91b09f7777	rejected	1790434318
0x3ec09d8372f353899ac8191c73eebb7302387777	rejected	1790650813
0x3ecf72326b2e674461afd45d47446b1452707777	rejected	1790650471
0x3ed6bdade4967be35255faca4d623253682e7777	rejected	1790431594
0x3ee4df61bd4f867e349beae8bfe07bc31b4850fb	rejected	1790434026
0x3ee7aa629dad38e34c2fcf82df78f8700d187777	rejected	1790667519
0x3eefa0e38f63b2ff5ece021725b883cb77fc7777	rejected	1790432711
0x3ef06aff9bb900778cb81ef68682e4a23c237777	rejected	1790434024
0x3efef0c94530f5c5584049114fbb5ac2f1d27777	rejected	1790649859
0x3f02b789154e809a70d015eda84bff72041d7777	rejected	1790650268
0x3f0da08cef80c97b2731469735f5978e8fa47777	rejected	1790667613
0x3f12205b6a3bcb0831d01bca8e2dabdd7a417777	rejected	1790650397
0x3f15b50f4631ca33ebf06bef7b6f9ad2448d7777	rejected	1790434142
0x3f170a719f16183d8472202d5816051e9fde7777	rejected	1790649865
0x3f1dd3aa2152cbf7c15e03b45362cff8693e7777	rejected	1790649966
0x3f2234f343cda8e41a33cbe77e432c5a1ae97777	rejected	1790667611
0x3f2637db88c55441b1f2790ba2acb89da43c7777	rejected	1790649913
0x3f2c6927b7e1c101fe52a23c037a8c7bf0de7777	rejected	1790649884
0x3f353c49dde2788291a28e0a37c427a7af80ed67	rejected	1790431442
0x3f358c88972147f44ab0d2dc652d6b1d560c7777	rejected	1790433706
0x3f3ef01f0b50116e74645b150b449c767c5f7777	rejected	1790667699
0x3f493bfaae6a6b5ccbe3d9cb038839cf509a7777	rejected	1790433433
0x3f4abc10fe972cc76a67a5b753208ec2a9bb7777	rejected	1790667690
0x3f4b60c8a2f8e568cc896771ff1fb911cf277777	rejected	1790434008
0x3f4d6adca19879cab55b6a526f4a4c8f37392044	rejected	1790432962
0x3f53de71c126bdabae20f9cd64848d317f6c3238	rejected	1790433932
0x3f577159e96ce618188e10499c16e537b6517777	rejected	1790650055
0x3f57bcbb41a09f6bcf29c9253e518e3af5c77777	rejected	1790431440
0x3f5e2a64c7e72cb02e58c47ff803c85e5b387777	rejected	1790650778
0x3f5e792fb8d99b13835f55559bdf32faa2987777	rejected	1790649798
0x3f61e8fd9b333f7f81bbe3053a2f0ee778b25c40	rejected	1790432719
0x3f6e23bce94fb7f247cacc4f1f494e9697ce7777	rejected	1790650437
0x3f74b6200cd1a536205246c98507d6d65bd27777	rejected	1790650344
0x3f7878fa49e94fdbe4b933047d685782fb527777	rejected	1790432685
0x3f7ce43c6fe6a5b28c614c59837df35010e27777	rejected	1790649773
0x3f83bd9f098aeb9cc6205e600186b20a6ead7777	rejected	1790432697
0x3f8b11c764e0eb065ff6dad572677790ff487777	rejected	1790649987
0x3f8ecea17b2a3919b173820edcd8dc07b99d7777	rejected	1790433550
0x3f925e850c71cc423956b4418d55e465650b7777	rejected	1790649736
0x3f95fb50540b1cfbd6d4c0a6f5e10b3a40277777	rejected	1790649937
0x3fa2fd96795230a464fc2bf46507fecbf26c7777	rejected	1790433635
0x3fa43eb3ed468d4606ed82a634bb6e1993437777	rejected	1790667932
0x3fa5e71d0f4d703b9520502129fb1120bb437777	rejected	1790650581
0x3fbbe8802a24d80ea7be3f8e4d9e585e1b5d7777	rejected	1790650299
0x3fbc9c6fc01c517662fcbcf64ded9d1b55417777	rejected	1790650713
0x3fc2996af27f994f0ca1a94c811fcae000357777	rejected	1790433512
0x3fc67933595d79baaec8aa74a4de523f78927777	rejected	1790650225
0x3fcf170db9aa37e4a0928a7ce37745a85e5f7777	rejected	1790667704
0x3fd7e54ef875c3f3ed37f32f80c132c3c72c7777	rejected	1790650783
0x3ff825f8bb453c02379a578ef1c52e7141cc7777	rejected	1790431649
0x3ffdb26df5f754ee775262ce45b057bd2fb07777	rejected	1790650726
0x3fffd92942b73f676a7460123c4e174d8cd37777	rejected	1790649912
0x400840fd051aa35d43ac6cc7eda3019eb5cee938	rejected	1790650511
0x4008a3b4262414d4db9749063e1a1edd38007777	rejected	1790650736
0x4012dcd4eef2f38e2e4ceaa2d17a28453c817777	rejected	1790668044
0x401481fccae3f6bf2231cb01f59c954047777777	rejected	1790433658
0x401a15485469d84e93980df55a61f8d8800d7777	rejected	1790650253
0x40207626f16716fb0b72629fa94659ee70007777	rejected	1790668030
0x40295dc62201be9305736f36a8274c1e38427777	rejected	1790650912
0x4032c7019526f35d6be4d31cf90822ef5e487777	rejected	1790649990
0x404c7dbd66bf1b05695f1b94929f60db0cbc7777	rejected	1790651070
0x4050825dabae535afc8ea095786093c6cd767777	rejected	1790650381
0x40511a1c981b96b52d006632cc02d2a61aae7777	rejected	1790650218
0x405c44d26c30da5961e259e94e59e6beb8887777	rejected	1790434577
0x4068f1ab5a358dc072618369df41c1020ab77777	rejected	1790433631
0x4077b6757c318c6c6097b9a5e4853726f1c77777	rejected	1790431381
0x4085c26a1b74438944ca5d5ba4ed7d516efa7777	rejected	1790650427
0x4093f07f6ea04b094387464fe52e0641e7587777	rejected	1790668097
0x4096505ab5cffca264a14ac2194b3beb26007777	rejected	1790667513
0x409988a351881b71730b9162bddca25aa5297777	rejected	1790651213
0x409e59e39fd439970d45565cf1320edeb5cf7777	rejected	1790667735
0x40a001c80cc3c451d5f649f5b3d0ef171fe67777	rejected	1790668136
0x40abec57348ee9b73eea2b3a7608ef036def7777	rejected	1790649968
0x40acbb6f9c59332a503b2f48ff697ba28ffc7777	rejected	1790433846
0x40d21a076596bcb8ede0c4c3bc1c480bab447777	rejected	1790433444
0x40d300b3c18727e1d60f0780c9fdc31a713a7777	rejected	1790431423
0x40d7eb950d7d063bb678354da3d08034cbe67777	rejected	1790433700
0x40d8de1f89bf35e7b531f60262c47d5d86187777	rejected	1790650090
0x40dd36a62253d8f243529ecc5405527229e47777	rejected	1790433582
0x40ddec8572aec993bf917b3b220abdba563e7777	rejected	1790431430
0x40e77f11b6dd235fc672c15d0b2e0869d0d57777	rejected	1790432703
0x40f67a3992e77477c6fb758e9331708022d97777	rejected	1790432972
0x40f7f3d953fe5d4aefde84cc4a444ed5bdaf7777	rejected	1790433590
0x40fd7d36872638e624e7814a6e6ae20cc5367777	rejected	1790650528
0x40fe4f344a566434177313b248460d402e157777	rejected	1790433472
0x4100898c7e286790ccaf9e37ce0320ad36657777	rejected	1790650077
0x410479c36cf62a3ab36128a1342bdeaa1b737777	rejected	1790432679
0x4110b350ce2fc3124f7d958075f7f89cf4eb7777	rejected	1790650288
0x4124f94edde1da6ba1d7313abf83cb53b0e97777	rejected	1790431661
0x412bcd2773d127b72514641731afab8183717777	rejected	1790434485
0x413879ad69b8d5162b52f8bbc50d376efdbc7777	rejected	1790668328
0x414bb555992989f1a5bb1ca79710af9adfaa7777	rejected	1790651021
0x4154bf50877c4c50e95afec389c5376740ad86d6	rejected	1790650908
0x415addddde094354363733e4c1f0a9cc194e7777	rejected	1790667946
0x415c6b2d57c58de2afe4956c760ad6ac2eb47777	rejected	1790433469
0x415df66fb5142c718f108cfacf831e7a63537777	rejected	1790649890
0x4161914373a29af05ec871c5eef8fb769f5c7777	rejected	1790667712
0x41622a9125a22767df8c1dc79fc17299bac4bd0b	rejected	1790435002
0x4164f2ea02e11657ffcbceea174b11563a517777	rejected	1790650168
0x41688104570c972a29e5c14e686f98c53f4d7777	rejected	1790432993
0x4169df43a9dc9e6f665302b387a00f4bbace7777	rejected	1790432732
0x416c4bbe1dd5c20b9139d43267c6bb0908d47777	rejected	1790650369
0x416f40e20d022ddaff49bfd5e6625a05024b7777	rejected	1790667853
0x417543c04e69153531560840efb1c450ca0496f1	rejected	1790432985
0x417582668a66e6c3e21e1e4cc72f640cd0e27777	rejected	1790649934
0x4179a98e8a15340dddf7921f6746b4db6ea87777	rejected	1790650042
0x417eb16eb5563987155c8e89cbccfd7c09051111	rejected	1790433926
0x4181c856f0f0b27cae43003199cbbcb0a40e7777	rejected	1790650411
0x4181fec731ebd62c39bddf8f41a44661b1757777	rejected	1790650013
0x4184c3bc7d80b7218404eeb4d9dd8bfc131f7777	rejected	1790650184
0x4188944f87d128c85b1a632d215504a58de57777	rejected	1790668095
0x418e5234b8b90577509b840bc11168c658ac7777	rejected	1790668353
0x4191ca6d1f07e817d844d1b0c8f0018063ce7777	rejected	1790650846
0x4194c77c4a1dfdf262db61ea8b2f36902a217777	rejected	1790433464
0x4194d0707b0e603177fcd2138616770ff5f07777	rejected	1790649966
0x41989d0ce2d3a0f149c677571f3a011e98f37777	rejected	1790650698
0x41a3dc6750ca928b91d08ad17474002fb8567777	rejected	1790650392
0x41b0aa1ac38e5a3cb7583c77f77eb64ffc257777	rejected	1790433828
0x41bc6001cff48d25fa4329d990d08f15ec927777	rejected	1790869675
0x41db12af90379077eb66368da680258d4b177777	rejected	1790650145
0x41e83a253e3882ad361e95a6a99e743624467777	rejected	1790649829
0x41ea4d59822375ed73970029f8e4044680977777	rejected	1790650734
0x41ec052d232eab8a6056cf25eb30a6fa552e7777	rejected	1790431436
0x41f396e24091286488d31d93778d1ff37abfaa61	rejected	1790650076
0x41f7472e4199348079f73d13f4d92f0875f928cd	rejected	1790650326
0x420a283f5c23692820acf05013d9e51c0f0e7777	rejected	1790433846
0x420b878e18d8d9e8cf28f247882498dd51817777	rejected	1790432867
0x420e5510ef7139a5156cf98b57ef06140f2a7777	rejected	1790668057
0x420f871f4228659b192714b30fd366c7c7527777	rejected	1790651060
0x4219eb787b2664cef0751a55549526121d947777	rejected	1790667707
0x422573188322c689653c1f1798c4297c020f7777	rejected	1790650504
0x42285c7445fb91e3d10db29ab89c068856d97777	rejected	1790431606
0x4229d1565cb8beab4eeaa6c1c504e50083107777	rejected	1790650736
0x422a013dae51979ce4acae9964d80614edcf7777	rejected	1790650882
0x422adcec9b05b2473f1b4fe5a72689f4cc9b7777	rejected	1790434970
0x422b7cded4287a191cd36bbc165361a3f5087777	rejected	1790667747
0x422db6d5942b41a90fe903cfcbb83a3b1dee7777	rejected	1790433847
0x42317adb3d8446596611bcea1f330cb049707777	rejected	1790668006
0x4231fe13baafabc577dac31f2e60c3ed8be571eb	rejected	1790649796
0x42330687236271477547c2852ccc8efd639b7777	rejected	1790650020
0x423684b7369ada1e7531cbd8c6203592d8117777	rejected	1790650570
0x423b7b1029690270b2ac8ac237ada5e841037777	rejected	1790431610
0x424571557146a31420bc5d10bf75d4fe1bd37777	rejected	1790649744
0x42474db40db7abd3760811f2ff76c9e53f6c7777	rejected	1790431610
0x4247a06add56fbcf8ecdb5cbc3718fa26fd57777	rejected	1790667601
0x424db3602e6fca0f3003e443a8bcc275864bba8d	rejected	1790649827
0x425184facf760e64fd885a7e76190c1dd4907777	rejected	1790434812
0x4255cb57da527f848c2b5d206cadbcfd505a7777	rejected	1790432978
0x425c66b7f6169337954a3e21fbe3cefe940a7777	rejected	1790650673
0x4279594120f677389920b0f290b213b383417777	rejected	1790650769
0x427ec96b10b2bc36af059a33b17b898e6aa87777	rejected	1790433635
0x427ff4ba06a63dbb047b1e808e6eb50160f8d65d	rejected	1790650705
0x4285059240bd7b7602f7df57cf74d0af307f6138	rejected	1790434714
0x4285200aa48d33866657d7ba08a14155e9667777	rejected	1790650266
0x428a0d259c51240b93e8abb3c6002e61c8a67777	rejected	1790667984
0x428e3559bd34ea0a66d9253fd2f5f7c859627777	rejected	1790649753
0x4290c2adffdfe69b8e59515c64f1c62bb1ba7777	rejected	1790650103
0x42958b7cc751c59816113712882e4fd9086a7777	rejected	1790668010
0x4295edfaa6191ddd290b2a8bb413806d77ba7777	rejected	1790650058
0x4299f9c32a70a768fe29180c3089f4498e707777	rejected	1790668332
0x429a188934bda9c77000d861ee30ffda667f7a2a	rejected	1790431401
0x429f12a67590f27c0a6bf00e3ffff449023c7777	rejected	1790668093
0x42aa7369a5708e066b77909480a018afd8707777	rejected	1790650437
0x42b9352db0f49b4186f99b3f36e8b07d36647777	rejected	1790432850
0x42c69cc2fe29765a4eb4fb3fffd2a17964617777	rejected	1790434178
0x42c7a56c617ac8f870d41c87195ee25010087777	rejected	1790431600
0x42c7c9464f42e6830784c8dc7340d6ca3f4f7777	rejected	1790650749
0x42cba2e1b2e44ce0010af97f6803ed3099227777	rejected	1790650914
0x42d264d747056e53d85cc849f9a4d80adcfa7777	rejected	1790433709
0x42d80049ab66cc18209d1486e6091a2e36037777	rejected	1790434016
0x42e4a515e8b5e2bc113ea2b82dfe93b850a77777	rejected	1790650011
0x430486d53f314018c87b1da0d16bf2ebda547777	rejected	1790433658
0x430a671f88c626252b72492d2bda8461f19d2aaf	rejected	1790649725
0x431968dee3b564bbcc79e3cd9a8b8cb0b1ca7777	rejected	1790650474
0x431a3bee82e2ca41e49895cbece5bb0f76a89b7a	rejected	1790434001
0x431df2101f3b7ac9a7a2c20dfaca5cda8ff67777	rejected	1790649746
0x4322353214d7fa3ee70f3ccc988c966704977777	rejected	1790650104
0x432cb2a6c545265451a482c9ea5c2f19ab1f7777	rejected	1790433561
0x432cd9e32e8d3bad468f18a3a7c9b148f5017777	rejected	1790668104
0x4334d6b64e97e4150a57eccae9a8c76f76547777	rejected	1790649826
0x4335c45aef39cd7681b31b16e1fcf94806817777	rejected	1790650749
0x4336a4c8854971e49fccb8953c06be063c157777	rejected	1790650342
0x4338665cbb7b2485a8855a139b75d5e34ab0db94	rejected	1790434194
0x43405080d499daac2a58f765cd1cf78eac287777	rejected	1790433436
0x4348312d058baa5881ec3520eb4a3b5a4c6f7777	rejected	1790434333
0x4351fdf069dbbd84cc5d3a3d0c8f849578237777	rejected	1790433659
0x435429aa1fdc4f79c59fddcf45a431b1c2997777	rejected	1790667439
0x4358b4b8b63c6439b21f569a0bff9d6e23af7777	rejected	1790649723
0x4364b83462517dd0969e762cac19d59b38ae7777	rejected	1790649821
0x436e9b6fa558d4ae01f68460c61ec8ed9b677777	rejected	1790650481
0x43778945b3d1b4f51abd1a80024aa42700b17777	rejected	1790650507
0x437bbaee80b85d68776feeee597f0dbc7fb97777	rejected	1790650151
0x4383111b4e26e61aa544ab966f661f0a8b097777	rejected	1790434031
0x43836d9e56152f3f3176e2172b1914a677d47777	rejected	1790433626
0x438e38e92615f9d09659e624f7773765ddd87777	rejected	1790433532
0x43911213553f1841baa6dffba8702710a83dd40f	rejected	1790649649
0x4394e82eb4e22c00657e037fdb49cef35bae7777	rejected	1790433588
0x439a62c556ceb0ed2f4a734d4fe00f0ac4217777	rejected	1790433563
0x439caf06706742bb17be56dd39eeaa5dbd7a7777	rejected	1790433694
0x439e61f67b8c0c4bdf28ffdaf37e594e37137777	rejected	1790650911
0x43a8522325f0d96bfd5725ad986f5acc1eb57777	rejected	1790650158
0x43ae5924712e0ef2a9e6ca5866a83f30c1037777	rejected	1790667696
0x43b5f7fdae97c275a9f97ac8c4f35eb8df2d7777	rejected	1790650016
0x43b6f5deec01bac7bed1fcaefe1d85405d6b7777	rejected	1790667695
0x43ba582be0c3fa5c0a9e076bf423108645c77777	rejected	1790650466
0x43ba937177f420de465e032ad17d7bad2d037777	rejected	1790434365
0x43c588c37b26be1c02b9b61d21a8f63cd5e87777	rejected	1790650943
0x43d110d5132e6e7a459fadfa90950d25b9b07777	rejected	1790433843
0x43d1213ab225123c30a11b72cc00ce57207b7777	rejected	1790433715
0x43e5e6f7b1b1c93be1ddbf56e5c687695e087777	rejected	1790434342
0x43f5d663c3e3ca579529fa72bfcff6bc0bf47777	rejected	1790431388
0x43f633550293a3fe8b648ccdee47bd0b0b567777	rejected	1790434579
0x43fb6355d97ce848e2264d93706efbed28b97777	rejected	1790650471
0x440656851bfb6e9ea10234ab9a5275b338887777	rejected	1790433846
0x440d04849d295c78caea0f8ef6b61d81b3e37777	rejected	1790650543
0x440f47c7d767244b049834b7faf385f76b7f7777	rejected	1790651046
0x44238e3c15b67835ee5bbea15d11369e80467777	rejected	1790433683
0x442cc96683f1ef86038a7ec12cd0a4fcec0d7777	rejected	1790668159
0x442d9a6572e414c9807165c93bd4470207ea7777	rejected	1790650946
0x44337529d62ec2f28f5a923f6522ae4d38857777	rejected	1790667702
0x44347f5bdc67590752e8ef10d86c407da38d7777	rejected	1790649860
0x4439d016df335df59f1de339caf3e5cc97bf7777	rejected	1790434489
0x443fe7ca49495de0482379edab019d4792b47777	rejected	1790667521
0x44440f83419de123d7d411187adb9962db017d03	rejected	1790434718
0x44443dd87ec4d1bea3425acc118adb023f07f91b	rejected	1790434500
0x44594abeccd7894a441f1847cb54bd6fb7bf7777	rejected	1790433836
0x445a3aafbc4e5a708fc05a36e6051014439c7777	rejected	1790667756
0x445aaa97fc5a2dce60636365f069922b10437777	rejected	1790431617
0x44639165066836448e770c410eb16ecc26d27777	rejected	1790667889
0x44678026b69ff0148edceba4dc50b3d5744e7777	rejected	1790431444
0x4469dbf9468e819c505072e33ad92a5b24ee7777	rejected	1790649954
0x4475fa3136888b00a3209ff05ec599177de07777	rejected	1790667946
0x447afcb8d1768b106bffd8b82f115492f0797777	rejected	1790649852
0x447b485d0c9b24edc76210e59c708edb07327777	rejected	1790667938
0x447b523cea16ee71e3bdb89f0da38ece993e7777	rejected	1790650023
0x44830bf21c46ceecc02e407603b6bf3774f37777	rejected	1790869675
0x44838563a396c1e32e4a3f960ae70be0664c7777	rejected	1790668014
0x4485d274ba7af7de8cc899874c0d5677cf287777	rejected	1790432741
0x448c6b56a7292d09b641cc344293fa53e0fc7777	rejected	1790668132
0x448d213e5cc7e678b82e5c59140a79466f847777	rejected	1790432697
0x449d2c8cd35c4dd7679ae80098312a43ace57777	rejected	1790432688
0x44a5ddd61df0a868186465867bd12c24ee0c7777	rejected	1790650271
0x44a6b61a848e3b15c135bd5195a17f1f26c37777	rejected	1790434833
0x44b17537bb175568c9fc2826d6258c559b1c7777	rejected	1790433640
0x44b6d3a6424dcc840fc059b27589cc12b4b17777	rejected	1790667933
0x44c4fa7798d360f0d405a915a2d696bef8507777	rejected	1790668125
0x44c62b65350b9434ee1bca669286518f1f5a7777	rejected	1790667359
0x44cb1b3679c587babb0c153216777338f2b07777	rejected	1790433754
0x44d7f403b0451b991df1378827982c883c390719	rejected	1790668326
0x44e56cea383cb2461bceb7659a69728b434a7777	rejected	1790650425
0x44e6c4030648cd23d699e699de34d96c87057777	rejected	1790668173
0x44ea496a480e72094c6a668443f000520d7c7777	rejected	1790434175
0x44eaf4a27151c6fa5c577472572a22d5bafe7777	rejected	1790650525
0x45030bb51b2c4a947226f4ec0e28f22f482c7777	rejected	1790668247
0x450bc9d1b0e547051542d7d26543707ae3a47777	rejected	1790650870
0x451009c87e26190ee612c448c5a3428332b87777	rejected	1790434042
0x45139b107543c32b3ba5b385347bc4bac7d17777	rejected	1790649948
0x451967a40422be5a0dcc1221b28412f7ab345ba1	rejected	1790433910
0x4521a440c6e24e5fbbff342c33c65a0d602a7777	rejected	1790432957
0x452977aae7588368241ce5d5994854e40a8f7777	rejected	1790434340
0x452a1b669319d57bd68974478e64b3b23f057777	rejected	1790433853
0x452dfb0922ce89a82493e7bfb871857ad27c7777	rejected	1790434695
0x4544dfa3d77379b4c799b16d38f456d0bc130248	rejected	1790650762
0x4557b5ed3aa5db504115c0b99b33ac58ae7f7777	rejected	1790432738
0x45597b60a174649a7c0be79be45fedc171327777	rejected	1790650907
0x4559ac2b6ba6cbef5b1f0f50d5c90c0ad8227777	rejected	1790650221
0x455bb139ab91626da5350989d31d0d9171f57777	rejected	1790650380
0x45629bc176250b812527db69b8e4528a918c7777	rejected	1790431609
0x45731ea8b94801b28ec2f7ec19cdb587042d7777	rejected	1790650302
0x4576648f0bbfae217f83f6d9760007cf61b87777	rejected	1790650682
0x45774ec8ba66d1e0c39e5338930ef3aae4f47777	rejected	1790667609
0x4577613234733b38667a3609dbe5c498f4a27777	rejected	1790649815
0x457b65dfa86f8836af41f602ef7869942db77777	rejected	1790433484
0x4585a85b57c41835a1199329259c4814ffa57777	rejected	1790668252
0x458a4472aa90a4b06d0328b9865538b038a17777	rejected	1790431787
0x45915b48dca8e037b19257757828b4a4cdc07777	rejected	1790668113
0x4592cc559c8c1852486478717d1fb392334e7777	rejected	1790650027
0x45aba9b513ca13e20d4a110ae86fe6894e027777	rejected	1790433851
0x45b96ec6a7bd517462b84eff1c28663ed5047777	rejected	1790434212
0x45cc23534c9777bc8269c7ba38739104bc3b7777	rejected	1790651037
0x45d1237cbe697f55d67c6f7ebb1aa0f0d4a97777	rejected	1790433687
0x45dcaf70d134adaf5dc4c8e7c1391342a75b7777	rejected	1790433881
0x45e205f363c4aba1aa78d82d7e422586a3837777	rejected	1790651031
0x45e959d484e3a5fc77aa02e2cf507d4cba037777	rejected	1790668250
0x45ec92061022af038a30dba93dc160858bdcd17c	rejected	1790432745
0x460134cd3c27af4fbe07aaa9ba01c7d024a57777	rejected	1790650689
0x4601d7b657bc7962e8732efb336c29bbbaeb7777	rejected	1790667755
0x460aca738a9371261dae3c03d1891fa203217777	rejected	1790651018
0x46115fdf6391799d8c690ff2fa62c563d5257777	rejected	1790434367
0x46152b8928692023e01bc8c14fbf8032829b7777	rejected	1790650319
0x461b205d47c829d109ab245a79a36b3c27797777	rejected	1790667517
0x461d03236398cd1a0eceb52f6d49ed2b25b27777	rejected	1790434823
0x461e7ab41e0fcf176aab23caa8c80f07ae2c7777	rejected	1790667874
0x461ef50b443977f222d092cc252c40e9a6537777	rejected	1790434488
0x462b5f13b7c7748279358962925c5de83bb9e598	rejected	1790434175
0x463bba0367383d4044884aed3fb808de45747777	rejected	1790668065
0x46441b834fc4e36e75c4b8acd9f65638c29c7777	rejected	1790433438
0x4644a3babc2e746c3e409e7f5413043cedb87777	rejected	1790650765
0x464ed79e63098bd6c07efa408efe00f5c97b7777	rejected	1790649969
0x4652f8df1306b1cf69ed0dac993e395238977777	rejected	1790431393
0x4663b4f34f4b436248bee8a8f32a4fc52a3d7777	rejected	1790432965
0x466ee52b748d34ea410c1cc001a18e146bed7777	rejected	1790667711
0x46710558b03e90a350c67e8e85b4704be10c7777	rejected	1790432727
0x4675f9e6f5f7281496da00c9bd4cad616fca7777	rejected	1790650154
0x4678cef5cae48b26c1f87c03b0b6761d46617777	rejected	1790650814
0x467b934976b50a81718f88bec651b6f33dde7777	rejected	1790650109
0x467cf4ded04ca681c3c5d1fb9a98f8b9c46d7777	rejected	1790649937
0x4687588d803045c489c9ab0903550e7f09be7777	rejected	1790667729
0x4687d2b1fd1b43963fde5d5b7823a6b9a01b7777	rejected	1790650444
0x4697e78f38a8076a7a1867927c42a8f3fe027777	rejected	1790650496
0x469948ef7903fb3b00f75924fc085ee37bbf7777	rejected	1790432735
0x46a7bd75a6c2e24b12ce18080b2bd3e4e2077777	rejected	1790668157
0x46ab72c12170b443d7c6add84378ac6880777777	rejected	1790650760
0x46b287853e7cfce3707f7fa71114ec19f9c47777	rejected	1790667956
0x46b93656bd5a38ae7245d451c32b7b57a70e7777	rejected	1790650190
0x46bdd6019d0d4a386121a70ed0f5a0653a537777	rejected	1790433534
0x46c57fb38e39f4a0552d46962d563f883d067777	rejected	1790650756
0x46c775804c976447ac79ab7867a59258feef7777	rejected	1790431402
0x46cf44484dccebd9e1b299b05089c72645ad7777	rejected	1790650910
0x46d22f886f0a354a26f35f075eb65ff69a697777	rejected	1790650238
0x46d428c0f29b3eb44e35766ae7096c7ccf747777	rejected	1790433611
0x46df69975186328a729c2f4aba624b23385b7777	rejected	1790431617
0x46ecbcd242fcc920a74a8df322dc8243c1af7777	rejected	1790433651
0x46f04abba17b91745b70cd3d8f21783e54947777	rejected	1790434801
0x47067eb7599399306efbdcc1105684be49767777	rejected	1790433819
0x4708aeb22e349fb6f87d259883dd1dfeec6f7777	rejected	1790667989
0x4713bc95b76a90df27aeedbd10cc13da08997777	rejected	1790433698
0x4715bd49ba11bd0f74d2215fac7cec6e68ef7777	rejected	1790432608
0x4716c867f72f32dbd80613029178a99eadca7777	rejected	1790649943
0x47177ec9c1788f9b2125087f6428cddf072f7777	rejected	1790433618
0x471e306eeeb03c82d468fa13bf953910bc0e7777	rejected	1790651080
0x472eb746301c4283077cb4ca80bf07b622a27777	rejected	1790650017
0x472fa76e813ce6f1eb99a7451a5bf711d3c77777	rejected	1790650121
0x4734c7a36dfe2eaaa8c468445881c08ad9fb7777	rejected	1790650219
0x47359af791c0834102904f88b0e82720470a7777	rejected	1790649884
0x473ec33586f9edbe13add6e98006329de8037777	rejected	1790433918
0x4744fcc319f43a1d987c287315ccd5a24c797777	rejected	1790433617
0x47464c0a618c68603ddef7c98843204f196c75f7	rejected	1790650094
0x47474747477b199288bf72a1d702f7fe0fb1deea	rejected	1790434039
0x4748d2b604a5a95f0a0e8b6eaa6ed3b80c3f7777	rejected	1790668093
0x47495a9eaad0b8ec0d62b28fbc2968aa37307777	rejected	1790667947
0x4759f79796b18199e0e0adc8cff07d4f4a787777	rejected	1790433577
0x476165693e9494f47b2d483a4d9695af277e7777	rejected	1790650527
0x476445907a4dc5f308a2b5015e5cb6e2a4267777	rejected	1790434836
0x4768cdfb935e6f41719e2d323746a2b4bb167777	rejected	1790650830
0x476a0297b560a5ffa024908e79394c2063a57777	rejected	1790650541
0x476ff3e4201368216e1668fbb51a756177d47777	rejected	1790650454
0x477f5cfc1267a68791250c145e53643508ce7777	rejected	1790650439
0x4780cf7b293546f00aadcf54f37930faf8657777	rejected	1790650824
0x478915cb45cfe1407a27751d521720d46da67777	rejected	1790649907
0x478ab8073abaa46e07f9546adfb313a2a17f7777	rejected	1790650381
0x478b479c2ca1539acbf0deeec96da30e85157777	rejected	1790668051
0x478dec04bfaf5222752afaa599fc1028764f7777	rejected	1790649844
0x478f1cb04acf8a7fbedca8292c2b6bf83ba87777	rejected	1790649907
0x4797e3280f1cc62e423a1b923a4d30433bf57777	rejected	1790651092
0x47a608c537a85794dc5fbac1d64fe8ac2f937777	rejected	1790650560
0x47aa3f81fc9aa5013f8ff40f0c3aba2cffd17777	rejected	1790650796
0x47cafc23f1b2223ba90d34124155a184d4a57777	rejected	1790668095
0x47ccf8fdc79497b2a6adfbeb88340082051b7777	rejected	1790432877
0x47d2c3d147275ca26e7c7c5c4d5616971a787777	rejected	1790650445
0x47d656993a98a07ecc2b8a24b7e1ffd0b1a87777	rejected	1790431396
0x47d9bdaa8f60362a0e85010a36b9b66000c17777	rejected	1790649993
0x47dc94ce44c6b5af0f67388f293a7feb6ed57777	rejected	1790433837
0x47e9b3ce1dbfb49f7f28d8b21bf461812dd47777	rejected	1790434981
0x47f8c0b32196de0301d98909ae61e7b760247777	rejected	1790650204
0x48069ed7a9806883c83d38908ad49607bc7d7777	rejected	1790432162
0x480eded249890f450e83e3c513a38a349fa07777	rejected	1790650341
0x480f3a60d65c52cd7b8f95167f61c7932fa67777	rejected	1790650788
0x4812846143504ff9ddfc0fa65dbf3d5c1c7a7777	rejected	1790667871
0x481625e543fa51476e290f2b5b5c6ed4a1ed7777	rejected	1790650709
0x482058ef42771ea7c6c251a91288cbbd03cd7777	rejected	1790650356
0x4825909b7eafaca6c98e2e8f854274c1343c7777	rejected	1790432862
0x482d4b88c759131d6a5a3051015282c57f7822e7	rejected	1790432718
0x48387846dd537efedba25f447e74a3abe7e37777	rejected	1790431644
0x483f2dab2662c37eda5d858a15c16f36fc687777	rejected	1790432713
0x48406e54df3ebe9ad7cad284ba8f07d2aa2c7777	rejected	1790668002
0x484093c564d68a21b76b693d2af7e998460d7777	rejected	1790433480
0x484404b9971199075cd9d9404de7659198d17777	rejected	1790667752
0x48498fa0bad205829932df80259139961da77777	rejected	1790432492
0x4852c47378520bf9fac78446b99fdb129c187777	rejected	1790649653
0x4858929823b24bb23ce696874c4b064c3e587777	rejected	1790651104
0x486c7423dfb3f3a25245867119955f0f17407777	rejected	1790649817
0x486f373dafc7ffac28eead7d5584dca4ca467777	rejected	1790650463
0x486f545905d8ac7c32acc35f56944f11902b7777	rejected	1790433562
0x48724af80825f1fae3aae0c50c2a1fe43d5b7777	rejected	1790650002
0x4873c2bcf9f914641fdab6ee07b29c890cbc7777	rejected	1790433454
0x488230b2b620e48b5e816a996abd87b166787777	rejected	1790667963
0x4885ccc548385ea5e41cf6049420ac7fa58a7777	rejected	1790649873
0x4887075b00816ee82f629878e7f50e37628b7777	rejected	1790650853
0x4887a6fb482377b15f12ef303ea206b375a37777	rejected	1790650244
0x488894a695b7828a3b62cdf53703407c03fb7777	rejected	1790432484
0x488b3f4ec0abc2f21693c1573fe2587f0f747777	rejected	1790667606
0x489877bb35fd2f3d5940f9b2d4932f4bd9457777	rejected	1790667945
0x489a9312862f579197f5226519ce8ac45bed7777	rejected	1790649931
0x489c77fcb2f153743419050abee35cabcdf57777	rejected	1790433831
0x489ca433da5bee69a6269887ea3e2ef5bbb87777	rejected	1790667738
0x489d38c963c43f81ac6b9e8d7ee776fc5d027777	rejected	1790434151
0x48aaad442e5b54b46458580694831a9ada797777	rejected	1790650502
0x48bd1f7950f9ab14215579bfc4af8f537afd7777	rejected	1790667619
0x48bd2c0768bcf047b75c6c66595847c171657777	rejected	1790432706
0x48bd8693b24fda4a3f67d44928f3ab7c75e57777	rejected	1790650713
0x48bdd405e9a7f73165e73d130ad7a2548c077777	rejected	1790649917
0x48c0ee8d9896cde4d74384484bf1f00a43f87777	rejected	1790650832
0x48c1a3a288860de9a175fc48927830a6307b7777	rejected	1790649824
0x48c26d73ac8c41d05e6b3e08be5e186dcec07777	rejected	1790649985
0x48c7900922ee13eddb92e8acc2390e6fb41008e6	rejected	1790650890
0x48e089a170bd0cd165d58cf7e7e99e4d5dde7777	rejected	1790433456
0x48e1d7a1c9a34dc37afa7ff0747e51c187af7777	rejected	1790650429
0x48e444e2beb085ef2b11529c3e7b17b7d77c3d31	rejected	1790434016
0x48e9c568cf0e95242b7825e4cd70f20d3b527777	rejected	1790433924
0x48eed6ba8765a6fbdb358c6412435bb4f7a07777	rejected	1790668049
0x4903e7c60081a590dd227dc96acfb78b7fb97777	rejected	1790650700
0x490634ae7bdfbf8dc0a70a09051c0af8f78d7777	rejected	1790433642
0x49161a59dfcb53977c6e37678b237eae5c347777	rejected	1790650180
0x491f5ab3a932091ec6797ee18ce4fff3fa0d7777	rejected	1790667995
0x492346482765199a87eb5e5e1bbca41c9f947777	rejected	1790434696
0x492417a8a7bfc77cf207f19f7d08321a580c7777	rejected	1790433506
0x492437dd87d0f9919be24a3a968c3ad3bcd87777	rejected	1790434318
0x493982cf2ec924461283fbfdb29e2682f9847777	rejected	1790649752
0x493a4bb64fc052c302e15ac2b16351035f854444	rejected	1790650923
0x494dc684255ac56ef282cf43465398c129e37777	rejected	1790434510
0x495996784e331423bfd405c9146c3dedecf67777	rejected	1790650444
0x495bf5ab3b67cb4a68e70eeaaa00eec417537777	rejected	1790432706
0x4960265cfb16c7990d8f1c72a71368fc7d907777	rejected	1790667924
0x4960d5b310db9a100e4c80a4815f147588f36aee	rejected	1790649646
0x49651705cc2ee7a846ed384ce56b74572f0c7777	rejected	1790650916
0x4969fb5918c9573a220e8120ad3341304b437777	rejected	1790650696
0x4971e678d5f09f6447fb4655a13b6af97dd17777	rejected	1790650068
0x497c37500dc4e43902f257e4e4cc589d1f106a48	rejected	1790434497
0x49872ccb9e6be19ee14197007c0494e415b67777	rejected	1790434832
0x498b50c32821e505f3db10ccf3831518f43c7777	rejected	1790650817
0x49999a79c0022acf250068135184bd42991f7777	rejected	1790667945
0x499fd2a5c817133f0e046ce49f3fa83c01d07777	rejected	1790433534
0x49a3bf50f6f94b663ad3739fe15642474f0b7777	rejected	1790432681
0x49ab1fd9a57a536f07ca3c3d62ce9cd446847777	rejected	1790432537
0x49ab7dca13403219ea61d2aba84e8519808d7777	rejected	1790668097
0x49ada5a7eb310f8efb2a56b630a8897b716f7777	rejected	1790649787
0x49ae5ce2a6daaf824a8d81d560ab4283ecb07777	rejected	1790432492
0x49af20365dd478cb25c20320f788289a64da7777	rejected	1790650832
0x49bc5bc0f87ae4c87f53f6d144f9f91fcdb87777	rejected	1790649744
0x49bdfc0345bcc96016ce1c5f6864220c3e717777	rejected	1790667748
0x49bf251f81675f8fc1ba212a4d1d40dc178fe99d	rejected	1790434384
0x49c6e07b9c1d244daa3bd675494e0e1e859c7777	rejected	1790650227
0x49cb9c2811300126f3e421daa4bdbbefda817777	rejected	1790433857
0x49d7fd42a544a54d06d844e55c3ed973cbaa7777	rejected	1790434405
0x49da0f3f9d9e22d1125847ba2c415f4d32a873e5	rejected	1790649833
0x49dbc1f5171d7373d20463a7d93ae1f913b77777	rejected	1790667747
0x49dea94361abe8c93b842591518121da80397777	rejected	1790434814
0x49e001592f8e991d101047f19de3c3098bd07777	rejected	1790650757
0x49e4e12fe5e1e1160f15dbdf07f8a12538ea7777	rejected	1790432968
0x49f78e80a5a4814742c9d30f97e2dbfffb607777	rejected	1790433650
0x49f8adf54e74df459dd5d14dc06ec19e13997777	rejected	1790650453
0x49f99af202ace61fa0397c8b420ab95fc16f98dd	rejected	1790651049
0x49fbd637fe7b079d6b5dcbaed2bf1e37a756c132	rejected	1790650148
0x4a00ae349b902f4bbedf05ea5528757db7177777	rejected	1790667703
0x4a0245666136558c7d7e643bb3a26847be7b7777	rejected	1790667610
0x4a02bd2fe09547a6908d6fed502b01dec6d77777	rejected	1790650756
0x4a0313f900799963cb346ac6885c24ad4a987777	rejected	1790668148
0x4a18992106cd4e4eab90e838310f2992d2317777	rejected	1790650003
0x4a1a73aab81746c8162e72de3f818c5757e27777	rejected	1790434202
0x4a1bf59eba5f6a6782552a3ac90cc67d309d7777	rejected	1790650446
0x4a207f2e7003f120c01b1aa8f6adbcbb2b457777	rejected	1790650795
0x4a246c26aaa8da9a45c2d8e48ad29692e0e57777	rejected	1790649820
0x4a281f6c6fbd0397c48c100059a7c4c796087777	rejected	1790650091
0x4a2da73d605f8214583e3e31e3c6d1552c7a7777	rejected	1790668024
0x4a3b7a774882087a436071acdc79cd86dcfe7777	rejected	1790650772
0x4a412148ae4dd1f631aae46f412af76a81687777	rejected	1790432832
0x4a43edc08f6aa6b97bbdb9ad357c6e4f31de251a	rejected	1790650882
0x4a48fe7a9801fe87438756c87c092be4cd647777	rejected	1790431417
0x4a4d5cb682e296f72a4b6d7640b17d55bab57777	rejected	1790668121
0x4a5901f5070e7ac1ec35d97dbe7a130af1337777	rejected	1790667888
0x4a5e86481e82f133ce3d4b53ff6f76f7a3427777	rejected	1790649959
0x4a6417484b358185e91c36657756054f02267777	rejected	1790667693
0x4a662e3b905876d3c5b7d6b60b152d9aa1257777	rejected	1790650503
0x4a721bff36aaf97f84879b049b00f39c13f67777	rejected	1790649751
0x4a7d5e3ad67e16083a36a382995f7c5aa0b1c163	rejected	1790433503
0x4a7de97fd4788cfadc5f65f9dfd3e9fa41377777	rejected	1790432713
0x4a7eb57ccfa17d309425e63bef3bfd9131c87777	rejected	1790650901
0x4a87813d19c3f92c99ba2695cd9f59daf8d87777	rejected	1790650764
0x4a89a06ba6cc9a800b51bb87bea48cfffcef7777	rejected	1790649981
0x4a8a944f6aceaa919bba75dc7f7d506dc4537777	rejected	1790433578
0x4a93112b64f5e04a9ec47b2bf093132ec0a97777	rejected	1790650137
0x4aa21e65294c624f4b583fa4e22957ab61507777	rejected	1790649798
0x4aa7dd25babeb30f4a299ceb11dd7d0228797777	rejected	1790650773
0x4ab54ad517958c6ad5ddc28d0f8586160f5b7777	rejected	1790432712
0x4ab7bd2cd62d520e748f3f07a17a21b15e477777	rejected	1790650805
0x4ac05cec1752a4ba0f84eea6a23e3375faaa7777	rejected	1790431414
0x4ac1767951f5f07bc54b1e475de44037aacd7777	rejected	1790434794
0x4ac208de35189ed2f6d3566abe91160b6ea77777	rejected	1790667435
0x4ac95c66adf789877b366d044826e481279b7777	rejected	1790432841
0x4ad5a5c1add3cabc6bb9dbe02f2364d9cfd87777	rejected	1790433517
0x4adab567d42bff352615ed0e5b315030e3be7777	rejected	1790650161
0x4adccb7f514c19a30c6b6204693f26991c387777	rejected	1790433516
0x4ae56607e8ec40af208d00ab934b0d7a37df7777	rejected	1790650496
0x4aea98b95b17f3fdd1e6e111a34bbd7710d07777	rejected	1790652078
0x4aeb2d5f56674af0841a61f6252610e160ec7777	rejected	1790650659
0x4af1d41cd9dd950dca43984b43aaa2a8702714ac	rejected	1790434319
0x4b0feee366ad3f21722cf7f8ebf7ea26852d7777	rejected	1790650037
0x4b112e1ed0c0cb332d2b39e5dae3bba882f67777	rejected	1790433896
0x4b11a3306fa38de332308f5c276cce6c113a7777	rejected	1790433470
0x4b1aaf49d09e3843a94e2920bff3d2ab195a7777	rejected	1790431666
0x4b1d6cad85e9d238875080b3ded80f098f837777	rejected	1790432610
0x4b20521b600522ae085071b42b8377d581d9eb27	rejected	1790432988
0x4b2393792ee67ece5f9c93a0eb8f1d9d4f7a7777	rejected	1790650460
0x4b26491e678856ddc5d2e8ed888fe169635f7777	rejected	1790432994
0x4b2a521992b9e161b1393c2791b2d1f8bbf87777	rejected	1790650185
0x4b2be8fe15e7e15f08f1a1c464927af0bbd17777	rejected	1790650691
0x4b2eed8f70f96b9ab717d527746d32e000777777	rejected	1790434020
0x4b3fc1060f5e2f4fd9c31035025fa48d49027777	rejected	1790432956
0x4b423a2d33104f5d16bdb50924c7a1cd0c01ce94	rejected	1790650094
0x4b426538ddb61415f60e99aaea6b432753997777	rejected	1790432876
0x4b45417d2da66cd9b935387f11f69a99caa17777	rejected	1790650509
0x4b487dbd9f9765437065a2f87bae2f2c33e87777	rejected	1790650569
0x4b4bfde411d71882a874a1fa61d9c796bfa27777	rejected	1790668321
0x4b4daf725bfe16f59249522faac053f1cbd47777	rejected	1790434390
0x4b4f7bc0b301d50d097dd317f5f2b15068ca7777	rejected	1790433828
0x4b4f8e528f97dd8880e7eaba5eec517f2af27777	rejected	1790649728
0x4b54a284463990b68e9bca277cbf9bacfbd37777	rejected	1790649726
0x4b64a0b991fcc5f21cc9befb918a371d562c7777	rejected	1790432692
0x4b64f082a86dd1489a3777fa927e5424af3d7777	rejected	1790650120
0x4b6df119a0288a4c92f51cfd32f7c517fc0c7777	rejected	1790650389
0x4b6feb4f0d432239e1ee3643dc24bdf224657777	rejected	1790650395
0x4b790c28c5c67243ad885a0ebe50052189847777	rejected	1790432714
0x4b7d5c2869574da50fb252e2ba411ea5a8c67777	rejected	1790649958
0x4b8763b9f01fdaa08e61a6dfeb0a6fac39d07777	rejected	1790433613
0x4b890a9816d9d0349dd898481738e297f1c37777	rejected	1790649804
0x4b8cf9c003514bcf8d26a23e3d96482f63873cd8	rejected	1790650240
0x4b92868a1f99b7b4c955bba5de0d617345d138bb	rejected	1790649722
0x4b92c8d5331dbe2754c6115301053faac5c87777	rejected	1790650855
0x4b999aea8f6cb12ae05d0b0ad1b713d319e17777	rejected	1790432990
0x4ba1d4bb3d246332bf72e717206cb506ad827777	rejected	1790668154
0x4ba789559ccf716e9e2104ae7e20da19de897777	rejected	1790433432
0x4bae1f1b917e61bcd212a8c86baa9a5e8a8d7777	rejected	1790433831
0x4bb31b7190d8b9fadbaef49b90f6d3611e0a7777	rejected	1790434033
0x4bbc880c10b1f198585b74730344d1080f4a7777	rejected	1790431399
0x4bbf649915f5d2fce546093575b8f443c7f47777	rejected	1790431420
0x4bbf6daa98da82f848b3a70ae9fdd4105c697777	rejected	1790649738
0x4bc8281c0d4561e75384f607e424beaba1217777	rejected	1790650035
0x4bcedaf08ed9395ae91f6c8d36d321fb0faa7777	rejected	1790651073
0x4bcf4cc570f24c0ea91d4e25c93df26d852d7777	rejected	1790667884
0x4bdba6ecba3f3857f2596dab5d79f0a64b037777	rejected	1790649792
0x4bdd7435aa06b22bdbf8cbd8e0b819bcdcae7777	rejected	1790431390
0x4be34927729c62f1d178cc65bb7ff45104417db4	rejected	1790650311
0x4be35ec329343d7d9f548d42b0f8c17fffe07db4	rejected	1790434024
0x4bec1180580daf7c258a1b01a1d8fdf031417777	rejected	1790432977
0x4bf040dff4ab9e1f6525806db2273b4f80067777	rejected	1790667923
0x4bf04a089d51b579ad49aedb766b5f191db07777	rejected	1790650829
0x4bf2dd0824547838c6191694a6deb3da1b417777	rejected	1790433433
0x4bf68b34828dd5de1b27075204deb53889077777	rejected	1790434721
0x4bf8427eb0c386621e908d5dd416af09882d7777	rejected	1790433520
0x4c06982c5a2b0a2ad8af9de6155e5d051d757777	rejected	1790650887
0x4c0c55ed5288142d8176931217dcbda150b27777	rejected	1790649774
0x4c11804da9e7247da0d2898cd8fd8fa86a507777	rejected	1790431664
0x4c12c1d7aee44b6c9893f18d905203c12fce7777	rejected	1790434720
0x4c16564f596c5f696062ac0907771e6f97b57777	rejected	1790667915
0x4c23202e7dd9e87f11d6b4faaf646561cdc37777	rejected	1790432731
0x4c23cbe6eaa4fc1f17ddf5219cdb2289f0377777	rejected	1790650389
0x4c2647c962626c647db545a28db269fe66fe7777	rejected	1790650854
0x4c264b57cd80367ab7798ec3ec7f852c0fb17777	rejected	1790650528
0x4c2b901c1a7e9a5a46303d162f5c85c68f347777	rejected	1790650309
0x4c32a6841307214e5b0702fbb47304845f487777	rejected	1790649933
0x4c35fff1ebf0c00528673c6f0ec71d4f37cb6783	rejected	1790649804
0x4c370320a3c7e91af34d6bd0ff4211cb69917777	rejected	1790432748
0x4c37712a263c53f6ab2ffacd6cb9718cda7b7777	rejected	1790649812
0x4c3d5c9833a47ce7b12743ef4fed3e7b6a467777	rejected	1790433680
0x4c3e350f078d88a98a6c9bb9b4f845da44727777	rejected	1790650936
0x4c4488ed4801b3f48d61c738020764145088e620	rejected	1790667355
0x4c4cb919e739a14cc6116b156a7dcc9bf4877777	rejected	1790667843
0x4c52d81ad29ed2dc3225ce93c3ae53d82b5e7777	rejected	1790650490
0x4c572bf832ba0c42039153136d19fd49d3527777	rejected	1790433602
0x4c576e9d4737cbacee04927abfd9c5a17e397777	rejected	1790650217
0x4c6102d76c5f8e22bd9bbd435ac164b5e82c7777	rejected	1790432741
0x4c6297e9978385263f872122021ed77efb7e7777	rejected	1790651025
0x4c62f431dbaf17c91d09123749af9ad38f3c7777	rejected	1790668333
0x4c66369c18438afdaddf16d5261e13d334d57777	rejected	1790650582
0x4c6640a0b7bd214f6c350d625f5cb64f28917777	rejected	1790667695
0x4c6b6cd136a93b3972ae65c186e4a5fa16887777	rejected	1790433436
0x4c72862a2640f320ebd1b7eb7e4e21e562c57777	rejected	1790432707
0x4c785c6df38455a1a77a110c00967bbe43f97777	rejected	1790650939
0x4c7b5e5294d458d4f43a987c34a4c523ad5c7777	rejected	1790650198
0x4c84d8c4519e5695a1081a56bd39e2ad7c2a7777	rejected	1790667939
0x4c8c49a0ed8224865012df270610d01541047777	rejected	1790667711
0x4c8c877fad94c602b867cad00decaa66691c1c1a	rejected	1790668337
0x4c92a7fefae1ae5720af8247b4fe02e187287777	rejected	1790668122
0x4c9455fc5ac3b40166e2d372d30d7c2edf077777	rejected	1790433488
0x4c95d4b3a12868bbdb39fca7bbb5f3a769347777	rejected	1790667732
0x4c9866916accec804f50890a9d7c91007aa87777	rejected	1790432748
0x4c9892e408b74a6ca94b4ca39eab269d93807777	rejected	1790432730
0x4ca125beca792c7fdd957fc53cd47d4c60257777	rejected	1790650516
0x4ca6d616d2a174751ffc128a9a1fd43676b87777	rejected	1790433499
0x4ca9ff40e6547796b3c053b3b5a4551ca1e67777	rejected	1790433695
0x4cb157f8571fa904fb382e4d99866fab60287777	rejected	1790650116
0x4cb892431dcac4d762209fd58bc7ade761c67777	rejected	1790649885
0x4cc2b00b0f286ddd1b9ab2acb3aec0d855d37777	rejected	1790433669
0x4cd6c8b73e6cc20019dd65cb00094b4ae0dc7777	rejected	1790432700
0x4cd6caaff7ea5077bb2f862b3153675d84067777	rejected	1790667875
0x4ce18f236fd98b4871e75e6ee18ae67ad5a87777	rejected	1790433473
0x4ce71ef396a3dedcf48b1089c535327bf72b7777	rejected	1790433643
0x4cffd454075e3974f37a89f4c072a4e603397777	rejected	1790650476
0x4d07931eba1a3da472daed7f94f33a788c5d7777	rejected	1790668073
0x4d08b1195a17d9a7b3a20f5ec69f195e77177777	rejected	1790433841
0x4d0f00f572d7b32a4951acdbda9f1f62d8577777	rejected	1790433545
0x4d12ab4c817a19de65289e8b5142addc3fea7777	rejected	1790433676
0x4d13c691a911d7f649d3c948cb571d97c63e0d26	rejected	1790432959
0x4d16356f890bce4e473eb302e4e02c02d2757777	rejected	1790668079
0x4d18875744a54ba9f95b5469ef08b0451cdc7777	rejected	1790433848
0x4d254c86b940a79a16f740a25e7cd7a1cdff7777	rejected	1790667852
0x4d263d628ccd01ae1f323181fa47110f622d7777	rejected	1790649811
0x4d28c1385c16cfcded43683a49f288a920a97777	rejected	1790650471
0x4d29ff95f7b6944da9cb8cf327551bea63d07777	rejected	1790434031
0x4d2cb4f21aeaa96e931ee73ca31a802c70be7777	rejected	1790667963
0x4d32274427f74221dda129d7f2aa757b824b7777	rejected	1790651072
0x4d3522f0afdf6980dc347dad25d233d3564f7777	rejected	1790668059
0x4d3c1722c3d05fb79c9cca74c4ed6166919b7777	rejected	1790668244
0x4d45fae1a84c57c0399dbcc08a5c252b834a7777	rejected	1790668043
0x4d4b8b0c3dc8fa99fc09db4662a1fa3c5c4c7777	rejected	1790650028
0x4d54001040d7665efb25812f8698fbace2cc7777	rejected	1790432823
0x4d57e605ce7e7a0a391a4aff9501ca702f467777	rejected	1790649844
0x4d5a161ffa68c0165c2e327ad27eaf14767d7777	rejected	1790433445
0x4d5de4dc4047989f25cfcfb2be7da09f33d47777	rejected	1790667363
0x4d60b212be5894bb0c140b67133d91c7c0217777	rejected	1790433460
0x4d65de9447d4cb97d541293a2aaf0d0c10c17777	rejected	1790667873
0x4d6a8534386d9cdad28c907dd0024c4b6e7c7777	rejected	1790433845
0x4d6baedcc167611eaf9920963959ec93c8697777	rejected	1790667763
0x4d6c2c550e56a097215e8134b1224be7ce837777	rejected	1790433595
0x4d70b254fe1ef889cfafbc6c10d047ba37f77777	rejected	1790650004
0x4d7597a21b88dff56683af5dd39e0ae6b2187777	rejected	1790433608
0x4d8363e722b5c68d28cbad0eff28ddfea76a7777	rejected	1790433693
0x4d846578967d4f3852e1b29be6f94ee433037777	rejected	1790432748
0x4d847b823be3970a641c03d7387979b68d997777	rejected	1790650470
0x4d885a9dd812850b5583805e8525134a51447777	rejected	1790433386
0x4d8d051021e482208ab0c020726143724ffa7777	rejected	1790433471
0x4d90fc3cfccda2e5453877a931bce55505887777	rejected	1790434355
0x4d913d0dbb722df49bec252152025763fdff7777	rejected	1790650220
0x4d935b00c336767d0931d31e38242cbf703c7777	rejected	1790650868
0x4d9dd7e7feb135dadb0d5ed7aab907507a4eda21	rejected	1790434384
0x4da275982068710df040b73c9033338d514f7777	rejected	1790649818
0x4da54020d124a08fe818f25697c6f725243a7777	rejected	1790432863
0x4dc1711fdc2ce8cf7f8e7574f6af6e38b14c7777	rejected	1790650683
0x4dc5f2a71e233cfa1716f227eead801863db7fde	rejected	1790432959
0x4dc7d903b69f513d3b2c9a6eec260991a4b67777	rejected	1790433556
0x4dc7ea85d18ef48ce00f936997132c12d4377777	rejected	1790668041
0x4dcb8b5e766db9fc46acce1af38dcbd0f6b84444	rejected	1790651056
0x4dcb9eeb61f379de6aa2a9ad96ecc7526dcf8888	rejected	1790434022
0x4dd378cc896fbe261278138a64064d97f8c77777	rejected	1790431611
0x4ddd9fd7df8cebe9cdd14d822e92cb25a2ca7777	rejected	1790432953
0x4df13b807a16a15e74967c8d08d48302bfc67777	rejected	1790434007
0x4df190257c676acf2a37948249753dad64bc7777	rejected	1790433726
0x4df33ca2267f44857b1c98522700d4f73ee87777	rejected	1790650750
0x4df63ce4de3046236d7065b9d9e360652be67777	rejected	1790650927
0x4df8115492954232da8c7ff8455162143ddd7777	rejected	1790432866
0x4dfe693e1b9c7c2f99b870adafccfaa6590f7777	rejected	1790650022
0x4dfe839edc9aca62ea651ffb12d87acb231d7777	rejected	1790667912
0x4dfec89b0d481623fc9b45682e5b1e0781011261	rejected	1790432701
0x4e0c35f80cb9e72b7d0bb4f9b55863c63d6ca739	rejected	1790431410
0x4e0e39c0e95622f68f415f80099b74f086d47777	rejected	1790650254
0x4e12d0bf87e29669dcbbebf49e672c399e3a7777	rejected	1790650285
0x4e186f592a2ef775dade58325766ca2cb4fb7100	rejected	1790651065
0x4e18fe2e65bba077827d3f1a7c4da31934107777	rejected	1790434476
0x4e23d0302b606fcbe69ed468de8833cc5ebe7777	rejected	1790432491
0x4e259777e89b469692ebac2802c7614e97a47777	rejected	1790649971
0x4e2c9bd6d3ea13c03fd5698cb526896822f27777	rejected	1790668341
0x4e2d2fc0115ffd591e9f05381f22bee55da97777	rejected	1790650074
0x4e311083ca24f94ffbad46e992492289d0db7777	rejected	1790668136
0x4e44834b988935810c491ab01e719800cb507777	rejected	1790649975
0x4e46e817c39d6c9566dabd1ca969e069746c7777	rejected	1790649842
0x4e53310a54fc5b81ca76fa1fd4b9740af0957777	rejected	1790650206
0x4e58341c05e75ea2f0d7b19ec45c764b0ba97777	rejected	1790650891
0x4e604b9d0580ba759d0119728581c60159677777	rejected	1790650440
0x4e620f0c8b3e2dfbffdcf6fdfc2fb445f0a77777	rejected	1790667879
0x4e644126edc09730ded439a19ac81c84d8e87777	rejected	1790650186
0x4e6e062aa4355ae09e8731995bca4d6d76a67777	rejected	1790649734
0x4e72f1a858c805fc85f5f905c21f0805c0fb7777	rejected	1790431607
0x4e75f0c7ef77395f3c2c50c1c61afb4742107777	rejected	1790433524
0x4e7bc55a0bf472163ea10db32f5a28fafcbb7777	rejected	1790650121
0x4e80fdddd386717ae49920b17c80842e2b6f7777	rejected	1790431598
0x4e818c0aea517917d848aa7bbd8e65aa99c87777	rejected	1790668345
0x4e8d16ec2d0e214bd02c201119b1ecc049777777	rejected	1790432994
0x4e90ef3e4b6c373e0047c7637aa3780b444e7777	rejected	1790650261
0x4e99f00cb6d220a003b3862bd5ab3a18d6627777	rejected	1790668124
0x4e9e48d4fedb00c22ead85d3e858bbc5ad527777	rejected	1790650147
0x4ea21be4267f80590f275e01c7af5f6011547777	rejected	1790667360
0x4eab27c03e5fa2cd0346423bc4838c1c94067777	rejected	1790650538
0x4eadb4cd514e60eecfa9c16c7c694963aa917777	rejected	1790432853
0x4eb1da91c9d03c07e5a86a51a59aeb361c5b7777	rejected	1790667620
0x4eb32e9f764b682b124a51e9d29366b107e57777	rejected	1790433471
0x4eb50a4892c7839e8ac578233bc102fd990e7777	rejected	1790650355
0x4ebf214843c944512eb1e2cedffa44797aa77777	rejected	1790650379
0x4ec0112956634f7098251d4fee257d4d5c227777	rejected	1790433611
0x4ec217a7fae8168c60cab8546c0bc91e50087777	rejected	1790667620
0x4ec801b2a74c22acc34d6cede44cf083cd287777	rejected	1790434714
0x4eca15915c3619d65fa3bc30c97238b59ef07777	rejected	1790667969
0x4ed23d1320aad095eb0856ccde8b49d8d8687777	rejected	1790667758
0x4ee495d7afd4b61e619ff198aa699490fa2a7777	rejected	1790431723
0x4ee5db910c49803b9c3350b6ec31bab77eff7777	rejected	1790668044
0x4ef474bff6317fb85387c9e06a8f3179fe097777	rejected	1790650469
0x4ef700e256ff6a2e794157536dbd54c096fe7777	rejected	1790650129
0x4ef7ed1d53e356137aa6665357d29bc0e1b07777	rejected	1790650362
0x4ef947c7ae24314b42874ac258f676b8c6c67777	rejected	1790649770
0x4ef9d3062c7f6eba4aae4990c5036598c6eff4ec	rejected	1790433928
0x4efe37175b4d638d1e0803bad3c5079cb7967777	rejected	1790432485
0x4f008c52f1a963abd8b5ccaebe643e00ac377777	rejected	1790668051
0x4f01371adef92fb21fe29b93e8f190d27bea7777	rejected	1790650301
0x4f09ddc5cc9df30805746ed3697c06d24ddb7777	rejected	1790650817
0x4f0c550bfe484f957d5c7dd26f9a630a92a17777	rejected	1790433439
0x4f0d0b188e6c2b004ddb8276cbf19ea8c89af00d	rejected	1790667355
0x4f0d659d3fbb034c6c9b0d19d3c63b9443597777	rejected	1790650834
0x4f11e289f4dfa5964cc97c6c817e471aa6d77777	rejected	1790649845
0x4f170e9e614d7da82ff3b82740f582743bd27777	rejected	1790650581
0x4f176b193485d3de1b33e25f3c130c5ce7dc7777	rejected	1790432736
0x4f219caa6a60dcd87445072ded4802b14e4a7777	rejected	1790668033
0x4f232b65d0d38b43e92f859135d60c2c10b47777	rejected	1790433526
0x4f27d33cf40dae26ac16b55362683a1e7ddf7777	rejected	1790667360
0x4f28b10ff7a9df733a6bf2354729b34f45cf7777	rejected	1790432500
0x4f30e68bac9e07b8b8acddf721cf163f8c957777	rejected	1790650312
0x4f33e2a8b38a4da6a66f8ca500b87c716e877777	rejected	1790650030
0x4f37c71cce46857dc46034d4bda16a4f970c7777	rejected	1790432716
0x4f37df2647006d7416253ce7d4e99cc897207777	rejected	1790431642
0x4f46f977e34f177a3ddfdaba35251d2c98cd7777	rejected	1790432721
0x4f49c6cae2a42e958968bc697ce4bfa8aeb57777	rejected	1790650358
0x4f4f2ef0eadc764d40f481a443021387a19f7777	rejected	1790432726
0x4f5048a63492949c2b9fab0df52eaf7d361f7777	rejected	1790434585
0x4f50e8f57a4a0dc9ac951ccce20c2a3f1e7a7777	rejected	1790650100
0x4f532f093d3bd238c166723ea954472a70a57777	rejected	1790649879
0x4f5ce34d04d2fca8942181338e6ec7caa70b7777	rejected	1790649871
0x4f60a0c5d49514db4037226ed60452d7f1e17777	rejected	1790431630
0x4f6283a6a1ea3b733dea2b55e1e68c7777727777	rejected	1790433279
0x4f64ce1c2fd2901d2fa4c55619663eea5da87777	rejected	1790650850
0x4f66b74a32c4f48abcd6d5053b39105fd22c7777	rejected	1790651858
0x4f6844585adaaec71c2ee759fe9ea0e38f2fa4af	rejected	1790650917
0x4f6c415dab5c607b7b1754e410d362d6dd727777	rejected	1790433752
0x4f6e46597b3e32894fbd90776571e39237347777	rejected	1790667693
0x4f70b93b1e42542b6acf79c131b7acd6dbf09dff	rejected	1790434368
0x4f7132e40e224f5e1961be15ba3ee617d06f7777	rejected	1790650345
0x4f72bf23ca87f7815276c79385d7003e4b617777	rejected	1790431437
0x4f734fed9e01c129f3b9acafd5ceead7eadf7777	rejected	1790650013
0x4f73b9ca626315a5c4e5922191fc9813ecfc7777	rejected	1790651034
0x4f77ec3749c84301fbb05ea08fd7371e77107777	rejected	1790433883
0x4f852dcadaa9e0b703cbf21c7413761279807777	rejected	1790432973
0x4fa3f0975640c025adb2af197773543a6f267777	rejected	1790434495
0x4fa7c69a7b69f8bc48233024d546bc299d6b03bf	rejected	1790433594
0x4fa9c1bbf7cf84551a474e6ec79d963de0737777	rejected	1790432700
0x4fac1f2fa936ff28191c9bd4a3aaf8a6b2937777	rejected	1790649731
0x4fac7e67b9cd89f13cd220b00867e263179d7777	rejected	1790667617
0x4fb5468d24cced6e21bdb610f0aff8a7339e7777	rejected	1790651042
0x4fbd8733a05bd6816d02efcdc93d2b939fae7777	rejected	1790667612
0x4fc45ca1137bde0af108301cc0d17157be8f7777	rejected	1790650532
0x4fc8de5549a03aa5fd130b2b42b097e31b947777	rejected	1790650931
0x4fd89b78a489a58123313b2e6661f3a9451b7777	rejected	1790651050
0x4ff1bb1f23203de13287e9f9642ae40a5dbe7777	rejected	1790433751
0x5006f2f953112f43e950a6a3ca6c2c35a19a7777	rejected	1790650065
0x50089e4b960c772b0371957761670da1bdaf7777	rejected	1790649926
0x500c17d30c07b9bd33b83ca2bcb73521ee637777	rejected	1790649922
0x500d3787253fd3600f92dfc13dbbb5089af9bcdb	rejected	1790650297
0x501208c0510d97ecfd60509ded39d4cce75e7777	rejected	1790434156
0x5016b308a7e9bc8ffba40515eed7301e21f77777	rejected	1790649962
0x501b8816202df88c05547efe25c0682682497777	rejected	1790650025
0x501ce384a2f4ee72833a7c44a87b575534f17777	rejected	1790434584
0x501db2415df6da97e95a26b3e89e63b6c5af7777	rejected	1790431517
0x5022ce7bdb00ceb677b50d75b5016b566f5e7777	rejected	1790432830
0x5023c404bd71b371ed7a030caf32ab0f6c057777	rejected	1790433997
0x5027fe94196612c3de1b96052c818f25a5707777	rejected	1790434156
0x50286a71f8440393128671e9179e8f835bc97777	rejected	1790433679
0x5036b88c451ae24b4d071ef824bbe60753d47777	rejected	1790649843
0x5042be859c955b42fbaad81f0c553f9bb2fd7777	rejected	1790432736
0x5042e210139aa77893b76f6edcac9a39d0217777	rejected	1790667688
0x50440e88cd2d38d11b02e11d861175f7c9834444	rejected	1790650866
0x5044ed62d391c1d35f6a1c93401714cfa8577777	rejected	1790650771
0x504f2195aceb9b9e5529530f897258e3ecf87777	rejected	1790650391
0x5053a3c51261194d2ad7aa9baacb5911e95a7777	rejected	1790668324
0x5057cdfb47fbbb9bdceaab7f91f3acc3469a7777	rejected	1790667718
0x5060642b5f5187807ffd906f6707c1e73e047777	rejected	1790433499
0x506e2b9be88af5b47001302e879da7e699737777	rejected	1790649810
0x5070327cd81557a1e8a4a4ef7c7c3fd0f10e7777	rejected	1790668158
0x5072c1d70c393c8736c987eb2ec78bab04077777	rejected	1790434597
0x5073582384af324e45a3f755c7b3d3a5caeb7777	rejected	1790649927
0x5074546cb787d5a698ec8e9a1734e33a3fae7777	rejected	1790649954
0x5077ea9888bc538d0827bfa272d6ad107ed57777	rejected	1790650918
0x5087563dbe50309dd61ff8fb81ac57c5dcd37777	rejected	1790650041
0x508a66ea61924e935969d63ba543bbc044237777	rejected	1790668170
0x508eeec4f6ffd2a0d2241f9bb80a78a8167d7777	rejected	1790650266
0x50924dfcb6287f804f7e06f1ed3b63a2488f7777	rejected	1790432834
0x5093b89e20ad468f84f4e1dda80baa2994397777	rejected	1790667995
0x5097b401a2d32d38b13fade4c482cf5cd5047777	rejected	1790432825
0x5099010ce32dab82d8402a9051e63e34af3f7777	rejected	1790649910
0x50a1d572dde954d86c90e964a0b79c0481aa7777	rejected	1790667850
0x50a4732a5f07cc90306a5740a468e6024b3f7777	rejected	1790667956
0x50a519d4994b6e9f7ef14ca66fd1cb52d9037777	rejected	1790432676
0x50a7d5a7b3de170d06570f221ad17e87a3407777	rejected	1790650331
0x50a99762d5b55ef278d20591ec1d785f33e17777	rejected	1790649939
0x50b06ce3ce6445aa8aa89a9d1f39e1bb40a47777	rejected	1790650662
0x50b2782df170d0fcd7cb6aa653f277f854f97777	rejected	1790667893
0x50b804e62da365561da24596d5c638a8172b7777	rejected	1790650577
0x50b842300345aabc952fe2a95754bb34d72d7777	rejected	1790434607
0x50bdb8e9aae82bef678c37b7bc6526a2d9867777	rejected	1790667933
0x50bf23d99be47b8b2a404800c761697d14187777	rejected	1790650089
0x50bfb85bde41670127eb27d4f011bd3f64fd7777	rejected	1790433749
0x50c107deafafed2766f35f25b6ba196a9bb87777	rejected	1790433530
0x50c5f2ce47688ac08d3cc3c7c96872b81d287777	rejected	1790650668
0x50c5fa6f93c0c1245012e85cf3c06c05acf67777	rejected	1790432512
0x50c9c881bc9ef365363f76394180a86602987777	rejected	1790650048
0x50dd0142fba8ba7f6d4986f2385078e2e47a7777	rejected	1790667996
0x50ec3f5e5671cfdee6184d40f10d4f7334767777	rejected	1790650532
0x50ec85c665509146458c3b4625cb8621402f7777	rejected	1790650512
0x50f4156556543f6ebb222416d567f04217f57777	rejected	1790433467
0x511c6ece7b5a2936cd0d3d2105708cfd235b7777	rejected	1790667970
0x512dcda677bb6ded8dc4073bdad85042eb837777	rejected	1790649910
0x51363f073b1e4920fda7aa9e9d84ba97ede1560e	rejected	1790434509
0x5137c73f84486a89ca71e78dc24d99533f177777	rejected	1790433823
0x513c8b90a01f7899ba7e11dd46453413edd87777	rejected	1790668042
0x513ced56f882ba2ad9406da4d255cf7a0fca7777	rejected	1790434788
0x513ee676783737cdf0562a824322ae082c52b8c1	rejected	1790651086
0x514ad1422881fd3c5cbe547bf1ec07fef7207777	rejected	1790668036
0x514cadd2707f1fa06a5d30312bcde77ddde6f4c4	rejected	1790649796
0x514f677bb761ae338d0954b2593a1fcaa7877777	rejected	1790650739
0x514fedca96ce13d1e4158869495502b4e2a47777	rejected	1790649760
0x5153e07c47410bc5a2f5da6098da07af7d187777	rejected	1790649652
0x515992aae89b1aca83b7030b1ab3834a6e447777	rejected	1790667723
0x51601ae48f29286345fc06c54c6e970038cb7777	rejected	1790649788
0x516277eb7619526be29687fac0692eb5b66c7777	rejected	1790650107
0x5162954ecf8ab18d0df5f75288e6b69906bf7777	rejected	1790435000
0x51631e6aa2f793806a53fc3a0d225e40d8c37777	rejected	1790651502
0x5164810023d2a94195955336c13634fe33517777	rejected	1790432678
0x516a0cc6a0cfe6b25ae5b73d9fc5411e5373d30a	rejected	1790431413
0x516c8bc65deedda238ba01295b39b50b11c5013e	rejected	1790434607
0x516ec1b906d9b5f3e11d255c59b0fb954fbb7777	rejected	1790650011
0x51768831392a645d1c543dbcdd17ad77a6187777	rejected	1790649865
0x51815a2e81e76aba4fc610c6dbde216655ed7777	rejected	1790650386
0x51819c9f5abd784a49b22675703308aae8b47777	rejected	1790650210
0x5186f05e14421fcec129056a6f5eab954fa05086	rejected	1790650825
0x518962f1b37217980111c2443dd9a698bac27777	rejected	1790649829
0x518db8463ec831e735300dca655d7310ed3c7777	rejected	1790434501
0x518fe93de9c9598a35074b1c3ffafd0b3aaa7777	rejected	1790433673
0x51919d23c4b0794703ebe39b9c8384d6d7407777	rejected	1790433541
0x51b59e780fa6495903fedae5759f5f0297977777	rejected	1790668041
0x51baca52b9d1070cb2bc275cd302685888ee7777	rejected	1790668039
0x51bf8b2a5bcb1dd84eb3d7f1418f1950661a7777	rejected	1790667712
0x51c874f296d2fa5cabeec605f8d4dad522ab7777	rejected	1790650468
0x51cb7c5fdffc68a24c361831a0dbe407b21c7777	rejected	1790649811
0x51dc6d2247c581080240ae2f90d793d598817777	rejected	1790432826
0x51e4373a6150aced5bcb7766edc4a5a015f97777	rejected	1790667739
0x51e4bd6e76b3658dcee9cbfffbf77a5407a67777	rejected	1790433390
0x51e4c26e32954b77950c5bd2be3fc4a137657777	rejected	1790432610
0x51ea65e6b66da359fe3c57b1d2c6a12190c99999	rejected	1790650121
0x51ee8423fc29a33ecaf4aa397223e6dfa9c77777	rejected	1790434798
0x52021b178ff1bb561c08af75cc7788d596247777	rejected	1790649877
0x520be0cbdc227c3494f1c79338d53d4a64247777	rejected	1790650480
0x520c0ba16fc1f484095507b9357c6da8938a7777	rejected	1790432949
0x520c5eb61840329a5bb43646052a8f7e24087777	rejected	1790432734
0x520ee49f75a6a9cc208302bbcc1b150b24287777	rejected	1790650575
0x521a8698d9b83cfc5c2acc73b3615e25a0cc7777	rejected	1790434343
0x5220442cad4651dca5d3c31f050b41a0a4c87777	rejected	1790650271
0x522896c53724291f9dbea9d98366c714fcd57777	rejected	1790433552
0x522b430a317e3c0c41b4b608941a2b7f34ae7777	rejected	1790650389
0x5235613ecad19d7935d6184b40e3c48121357777	rejected	1790432673
0x5237b67a660452208552c7922f716c673a5c7777	rejected	1790668141
0x5245b55a7b29dd5c4f74eeb20fa7678845c37777	rejected	1790433682
0x524f0fda82b8f0b98b0c3628a3f54b5bc9b57777	rejected	1790434484
0x52524b206f4f26fa0765a0b49b0ce51715717777	rejected	1790650863
0x52538fe5473309bd324e6326fedcb3706ebf7777	rejected	1790668039
0x5253932439f1cc33ef54d24a6c4f6c6206bc7777	rejected	1790434029
0x5253c5c0e6c563df26009cbf55ea01ccb0c87777	rejected	1790668093
0x525a93de110e2caeadede791b008c22f710b7777	rejected	1790650473
0x525b526eee9e3223db112143a8bda80631127777	rejected	1790650010
0x525d664e2ab10143bda6302f045adbd5e4097777	rejected	1790650836
0x526637938a584158fb46b1d626713f5e0dd27777	rejected	1790431601
0x5268174d5fc171984d0295e97bba9cbccbc47777	rejected	1790433831
0x5270e3a05e5d4888e2a193651551e10cdcab7777	rejected	1790433612
0x527e4e1854eda66f7dfa23a4026aa034965d7777	rejected	1790649980
0x527fa5474f3bc01ac202a5b2a011eb5208aa7777	rejected	1790650495
0x528794e0fb1040d98edb030e8d6edd63fa227777	rejected	1790650029
0x5298672748c4fe955809c22b7eb5d6e4c9317777	rejected	1790650777
0x52a0d60f34b4abf601035bd48c829cacca387777	rejected	1790667889
0x52a2ebdfadce97b0849d1573500211fd7a227777	rejected	1790667766
0x52b1ea8eccd46700cd3d63c3961bfffedf217777	rejected	1790650851
0x52b633b128070f868c500305208214c96d957777	rejected	1790433418
0x52c7463f6081314fbaa319eb8fde6c93cefe7777	rejected	1790668033
0x52c75d6e5001365e63ae77307edacb7d7b6e7777	rejected	1790869675
0x52ccbbc61b71094a564cc1e136b9b3c356ec7777	rejected	1790651089
0x52cfab6a660db8eb705607bfeb46017976b27777	rejected	1790650800
0x52d47996afa4d598bbbfbad82265d522ef687777	rejected	1790649822
0x52d61fa72208e59d0fa4cd6567ec6a23b2d07777	rejected	1790667757
0x52e0f16171eecd457a69795159a1487b980be69d	rejected	1790433553
0x52e81bd4cb0d2eb4b7f255d18424399364fa7777	rejected	1790649990
0x52ec0d9e58d7bfa9848f4dc115d7f0da43667777	rejected	1790433605
0x5300deba49ebfdcc33faa5db303100d40cab7777	rejected	1790650365
0x53125bf6f59e4742b32cd7af9f3efcf630cf7777	rejected	1790433720
0x531cd6419d6a704870a5ae45784d1379dc777777	rejected	1790434346
0x531d6cabb4f5802ad8a255d74b76c3a95e0e7777	rejected	1790432873
0x53206f419c30890bc5fd75b4bd5432965a917777	rejected	1790433661
0x53288d61b0679067faf0ff84159b7871b3a67777	rejected	1790433623
0x532a5906ab3bdead6a7cb25f0d2ebcc477257777	rejected	1790651098
0x532fe0bcf758e1a1230a10cc57ecdd2dd0557777	rejected	1790649908
0x534d81032f708bd01f375a43dffd8eb21d9a7777	rejected	1790434151
0x5352b07db38181fd9848cb32dc879a9decef7777	rejected	1790650678
0x535c9e8da702b50301af27a8f5f02fd0c3197777	rejected	1790651031
0x535e610c8051c76675653832fb872430d7557777	rejected	1790668332
0x5363555bf38cac2e38c8f69627b61788cd757777	rejected	1790431443
0x53681c7bbf0cf64a0bb0e69a0e32b4d205557777	rejected	1790432702
0x536d779f82952c5beab3b0cac2a6d4af5bc47777	rejected	1790650080
0x5378498820976f380675356ecd65ba16ca0f7777	rejected	1790431594
0x53798328d6ba646dbbd5eb4eb3d946779bc87777	rejected	1790649919
0x5379f7d2f9fc89a0dd40dc0d7ff1c643f6717777	rejected	1790650569
0x537a651c4273c211df4ce7bf3bec33bdc6667777	rejected	1790432684
0x53829e5557122142e2aed4a6c706dc4d70a87777	rejected	1790433496
0x53868fd9cbec51e99480fcf350d0682521b27777	rejected	1790667888
0x5392eb131368bd7678bcdf25d895297c01477777	rejected	1790432484
0x53a855e4d34fc366684a36030321b78d3c147777	rejected	1790650268
0x53a98d3b0aa8de49feab0ac10e29a34826c77777	rejected	1790650515
0x53bcc02d6dfe92972ebed368f265afb5c2057777	rejected	1790434033
0x53c305752d3b4b863fea7873153bf64b43757777	rejected	1790667938
0x53c53228022f83cd0b0c0a507a602ce3be337777	rejected	1790650473
0x53cb2fb65e47743f190eb40dbb92c80f965a7777	rejected	1790650285
0x53cbb5732d2b7cbc54f928b1a5da6d30fb917777	rejected	1790667444
0x53cc4c43bcfd5d8c53a18975dc3ca8e38b9b7777	rejected	1790432828
0x53d6fbc44e747378a3c6f35b9c4ef16e571a7777	rejected	1790649915
0x53dc006d48a459275aaaffb7922a4cacbdd47777	rejected	1790667594
0x53e05c62201f7cb6faff45246cf6268073397777	rejected	1790650324
0x53f49dd4d48af5e85ea448e4604df21e6d137777	rejected	1790433680
0x53f922cb029eb2cf89201705104fb9de17e87777	rejected	1790433880
0x540688651ffc7cac3e530c9ae1c935b6607e7777	rejected	1790650265
0x54081574573e9912cabc68d743da6d3a7f147777	rejected	1790650767
0x541727e04b929284b1dcdaecda9997ccba3b7777	rejected	1790650718
0x541a66fbad841e3c6b060fd820c5083fb6227777	rejected	1790432946
0x5422ef12c00418cb9c198165c201aa1982926282	rejected	1790668339
0x542bc840e65b199428c36042d27a0f3c69127777	rejected	1790434710
0x542e6b97327eb7df4079743a9cd203135cbc804b	rejected	1790649807
0x544a97b5db0bb7efd91edc36694bd6d085375555	rejected	1790434834
0x544c71ce6caaaf271da0c221a414dd40da167777	rejected	1790649735
0x544d26f8a74e3073a0917c34559462a380017777	rejected	1790650477
0x5455f34688d13e4143fa507b940ec6a21d687777	rejected	1790650906
0x545783c89737d63658c2fb08390519d6a4807777	rejected	1790433521
0x54588316652a4a9b4045f52e5ef1bff33b0678a4	rejected	1790667365
0x545a4127d5cc0f997d60a79138a78174ec2e7777	rejected	1790431398
0x5462d3c2ddff6839ef321fb8176b111986ac7777	rejected	1790649853
0x54686669488882b517ef3a34d7ff3383c0c17777	rejected	1790650682
0x5476afd71076be6e70a9258c8bfd0f0390cc7777	rejected	1790650259
0x547d2ec790288709270c3ef22654ceaa5d447777	rejected	1790432860
0x5496165a69b76f46fb72fc776bfa8f313f557777	rejected	1790649802
0x549839233fbd697fe19e2bbe11885e730ccc7777	rejected	1790433453
0x54a1a03f1e136a922757265297ed4786c7b47777	rejected	1790667762
0x54a7fa6d8cf6d859c31bb42765aa8739308a7777	rejected	1790649825
0x54af4db87be98b6911baecb6496e2f0019017777	rejected	1790433435
0x54b6acd4c9d43aa96ea2dcc124b2c2bdc8a67777	rejected	1790650061
0x54b8fbf9c2bb29771aa7a89d71e615a8367b7777	rejected	1790650791
0x54c858dae9ddefe491006142cdbb0bb8edc97777	rejected	1790433616
0x54cdd39c7a0f8b481402b69e85dab64e5cb17777	rejected	1790667712
0x54d5003cec4b66e3055b2eb7bc1e4e8687137777	rejected	1790668169
0x54d767264fad9509ecdc48706f5c48ebf55b7777	rejected	1790650873
0x54e8d20958169520124d96531a77c067f0857777	rejected	1790431406
0x54ea1f78d882981a930fa1df6f8633b8262a7777	rejected	1790650090
0x54f498d646b0ce5900cf482a4aa4d06d86b47777	rejected	1790433545
0x54fd457bfafd02405e6f74bbd846891b0eb57777	rejected	1790667920
0x5506c0da7a3d2e2e756996d2649700354cdb7777	rejected	1790668153
0x5509289b3d1dc6c6bac56465e289660cefad7777	rejected	1790667894
0x5519de00f5388c17d886b97cb5d2d43a812a82bc	rejected	1790434984
0x551c86964d8661471b2328842c229b737d7f7777	rejected	1790433584
0x551d7e07db0c3b4aa9013c639373ef9f9d227777	rejected	1790668050
0x5520159be81f0cca13900a550dde1e9540f17777	rejected	1790650298
0x5537d3e09fba3b6ded9fb667e684447266ad7777	rejected	1790650190
0x5539c873fa829ed97e23d29078f4c9e51bf37777	rejected	1790650712
0x55448ca5183b03f404e3812ee06f51523c7c7777	rejected	1790433674
0x5547d7ae906792e6e4af91d5b58a079fd2b87777	rejected	1790667877
0x5548dbecf00133456287ad43c19095a869d17777	rejected	1790650791
0x554d668bb4e3fccb4e3d1a745d5d707ffabc7777	rejected	1790431627
0x555050cfe4c54dea74af3f763cb3d8d0113e365a	rejected	1790433832
0x5552d5ed37a61d921ef0faa7933755ea524d7777	rejected	1790432695
0x5563174a3e25132837c9b6bab6134735133d7777	rejected	1790433578
0x55766c90dcf4c516c0efff239bc49d4435a97777	rejected	1790667845
0x5582cc097fcab19c91cf9794677eebdc1e327777	rejected	1790433713
0x55830f195b4cc0c8851d57ba29b0f5df8a377777	rejected	1790433713
0x5585079f176e8fad1b88515709f5b9e5c0167777	rejected	1790650216
0x559a56660cb571187186511dc384561e85967777	rejected	1790434976
0x55a43f7f308faa4716d954701c0e9160eab27777	rejected	1790667868
0x55a4bdd0ca79afc87a548fa9200dcf24338a7777	rejected	1790650113
0x55b668bcbd1c6d4f852cf56d862f997f71647777	rejected	1790667715
0x55d192aac706913cecd50297e7fbfc1e6b747777	rejected	1790668053
0x55d44464fb87a3f077b37108672b2e491a557777	rejected	1790433866
0x55d7012b28b67c09a5ded1816983141934aa7777	rejected	1790650042
0x55dade04742b452a86b243d19a8843ffad6b7955	rejected	1790651061
0x55db4b1f497b1d7aa93354701883efc758367777	rejected	1790651076
0x55ddd123ef2cd36a82c1afe09ac45e3e0c317777	rejected	1790649735
0x55eb8cd869b677cb7ef9fbaef8e36998b5a97777	rejected	1790650344
0x55f2e265ea87d651532780397a7df511463f7777	rejected	1790650715
0x55f91aa95ac142078624472842e264346a827777	rejected	1790649789
0x55f9e182e25aa865ac89695809c9144472cb7777	rejected	1790649909
0x5609e73e4dacfd317a4332c84b4f6ce3d3b67777	rejected	1790433519
0x560dcccfbbb34e2774c45fe376119be0705a7777	rejected	1790668334
0x56121cc4a8e1cb80af236961df053d35ba2e7777	rejected	1790433554
0x561254d48d73c25ab32b66c368daf70ccc207777	rejected	1790650498
0x561563ccbe526d9b527760a201dac4e58bb67777	rejected	1790650543
0x5621252b61c10e0a47458fa51ed50fe0fdea7777	rejected	1790651033
0x562a85313b37a4a083403691ffcf75da92e17777	rejected	1790431272
0x56388c2b6c0bfeafd3a93d74a946d3491bf57777	rejected	1790433638
0x5640f64a62272467e0ca77eb3af3a24d22967777	rejected	1790649951
0x56471b2a88bdb42755d013d2b48b7dee718e7777	rejected	1790650704
0x56499f0287e1547694c665b07fd8dafe743e7777	rejected	1790432859
0x5654f83c2b4c35f164220418be90fb886ec87777	rejected	1790650522
0x5659b886c4be772460e452263b9a776510167777	rejected	1790433461
0x5667ba7318346cbc45f2d8bd294500a3c2387777	rejected	1790650820
0x566d6a875dcc499aadcd7124a6e8a6739b017777	rejected	1790649822
0x5677b5b460d2654643476aa7046d3138e4117777	rejected	1790649967
0x567801ac9874a0324bf219b46b8b13e12366ffff	rejected	1790650463
0x56795b92a40dc5da46b23a69b5d016b5a3297777	rejected	1790650849
0x567b12cf790adb97a0613295cdaf533c443f7777	rejected	1790649827
0x567d9d45ef62258aaeea012e12a15432b2f87777	rejected	1790431617
0x5681fe34762b9c784442256099bdf453ac997777	rejected	1790434581
0x568faedd47be6d933715f7305ebd46fd7e167777	rejected	1790650315
0x569137c0927dd0c1712ae913b875fc4e7a7b7777	rejected	1790650539
0x569b729c02b7984c8b9b26569621541b7ce87777	rejected	1790649780
0x56ae67128a6b920177ae82542f2dd534e6a77777	rejected	1790433881
0x56b213a7d0ca4ce3faace0c2b83d8da537ba7777	rejected	1790431667
0x56b4565b89a1ff2f26fc1ecae122ef6f97817777	rejected	1790649894
0x56b49b8c2953f7db0efceb621d2d700c70977777	rejected	1790432977
0x56b7456a77a7300c927534435e32d30707bf7777	rejected	1790668322
0x56b9fc0e5968a2a451fae3d46c1539834dd49938	rejected	1790650889
0x56baeacbc7cbc2b936361f5e78dd64adef477777	rejected	1790650299
0x56bd71ca823ec1152abc933b89072aae7ee47777	rejected	1790650046
0x56bdcdacf701f1820b909e87c56f5574d07001a4	rejected	1790649781
0x56c86ed3ec1dd3ac3dc368ec0ca2d4a9022e7777	rejected	1790433494
0x56c9f3990c02fc5471877f551c093636f50e7777	rejected	1790668161
0x56d97f85632f921edfd0878572e7a65b46c27777	rejected	1790433580
0x56de774987352609dad9c1289ab54f5f19107777	rejected	1790433736
0x56e2fad7e8e61a6de48fa8f592dc676ad9ea7777	rejected	1790667601
0x56ea14611abfcc92738f79faf01678f14a787777	rejected	1790651082
0x56ece8cc5ed0e72734c42b4d1698242af1d07777	rejected	1790667876
0x56ee770e63fe29b4a5066044657894c47f357777	rejected	1790650546
0x56f574f9aee15985cc9f04fcac071093b4247777	rejected	1790650871
0x5702d6c8c4b7ae6186719758882acc16e3757777	rejected	1790667930
0x570a5d26f7765ecb712c0924e4de545b89fd43df	rejected	1790434194
0x570e1da105ab9974bb2a9de20fed2ec7370b7777	rejected	1790431628
0x57147946d89a03fbc57fb131dfa61bcd4a917777	rejected	1790651045
0x571556691a7331ad3bc26e3da9b500b0d1c17777	rejected	1790650660
0x571f98ba063e8018ac06ef370cb1afdf73387777	rejected	1790432498
0x5721ca92f110d1dfbb2362412c485d4d2f617777	rejected	1790667615
0x5722f132c6fe4e1c69716947e4162818e6677777	rejected	1790650838
0x5727a62145babe985a2948e5b859579687697777	rejected	1790434829
0x573cab40df7c135ac2b19a12d146acd67e637777	rejected	1790433711
0x574148851a5a34a48f546ed156c10e24d45f7777	rejected	1790649996
0x5745a9222700829866e15d1a7c52f303b44d7777	rejected	1790651050
0x5746eedabe2bc677cff85f1fb82a104e177c7777	rejected	1790668333
0x57567fe08f55bfcf3c87dcf345a274c3df707777	rejected	1790650929
0x575cf032e58c7e09388cdc52f115ffe186a17777	rejected	1790432744
0x575d3faf5f18b0bd38c2ce4ef4405a9566f57777	rejected	1790434820
0x575d9327dec16ed0a05e6c249243130f19867777	rejected	1790667950
0x57643bc12b32708629ce24de8a3c241bdf067777	rejected	1790667851
0x5765b1a49e0278061ad86d0c222a7eebd9da7777	rejected	1790650433
0x57673f5a45855a175b866e33fae4f89cf52e7777	rejected	1790433635
0x576a50aa9c96c2f51b25d2f8af17460569c0b71a	rejected	1790434809
0x577b99bfa28aa059b837dcc6b5e0808cc7737777	rejected	1790434476
0x5787c6dee2060d46eb653f058e49f7836f847777	rejected	1790433526
0x578d5c0140b4df17c9441d86579155efb14d8a64	rejected	1790649804
0x57acb4f5f5c5d55293acde7f70b2dea3590b7777	rejected	1790650578
0x57b7bb410c6ec7a727871e33397f825540777777	rejected	1790433538
0x57bf5c4a47daea61da725a383372663d5c081e29	rejected	1790650652
0x57c7b9bef6a4478b52ee7ccf31218aab92607777	rejected	1790668045
0x57c91f2c1ca6a707aeb2290b8602253c51cf7777	rejected	1790433467
0x57ca92427a203bad0d9d15a26fbedc79923a7777	rejected	1790434366
0x57cc38c2592eb9691222984a285474d159bdf67f	rejected	1790434972
0x57d0f481eb8e5635bd4f0234262aa28f3b697777	rejected	1790649769
0x57d2782fbea713d3dc22639f50b3c83bb1c77777	rejected	1790667910
0x57d307e02dbc46a43c3f08a8ad766a5bc7767777	rejected	1790433610
0x57d6a8c21c853ec3b3b1c19e3382644828fa7777	rejected	1790432741
0x57d7e21fd57ca943331d8000a192ea5f866f7777	rejected	1790650515
0x57d8c495465f6f53fbbba909226def3850d57777	rejected	1790650414
0x57db9ff7fdc8aed55191232ea16073d3b35f7777	rejected	1790433746
0x57e0a0c58b44b655901905679838fd69be9f7777	rejected	1790650658
0x57e5e8cef91722a727aeae4da427325a05707777	rejected	1790650496
0x57e91c32346bb2a2d6ada31a471b827039c47777	rejected	1790433516
0x57e9c9f7eaa29051fc2c69fe37019ae74e717777	rejected	1790667976
0x57ec214ecc81578b876fd74c798c6e7bf4767777	rejected	1790651033
0x5803255aab4863c0a4547a630ddb3976aea97777	rejected	1790433740
0x58061918f85ed6adaf2e1557270a8f17ead37777	rejected	1790650437
0x581ac27ec6c5b904bc8a435a73a112a2014c7777	rejected	1790650115
0x5820922ea48e55f2ddb5dc39f3f4d138d9ad7777	rejected	1790650075
0x582caa455f4cb53e1ca4bd9244096ec0b0e17777	rejected	1790434608
0x583c564f606d5f18f442f9922e8846b9a03d7777	rejected	1790649887
0x584edc28a35413bfae8503023b36140a44e87777	rejected	1790433700
0x5858c35cdcf69b939cd4bff0817a3820b7ef7777	rejected	1790650718
0x586469e58d3d040e28212c9e054d7c4736307777	rejected	1790434021
0x586674cc5ef42ac5dcb81322a98af3dd9bff7777	rejected	1790432685
0x5866d59f42379addf2e814c75179e9ddfb94dd54	rejected	1790650441
0x586af7b6dccbcfe9a36df721a4d58d86c5c37777	rejected	1790650536
0x586c2da52062fad5b932f9d1d6433e7822479694	rejected	1790434832
0x5881a8f3f5b5ea3ba044546d5c7e580ae1e57777	rejected	1790434398
0x5883314b586bd638a8632b428673f172a1cd7777	rejected	1790668077
0x5885032def6ad77625e0a1db08a7d38047a37777	rejected	1790649919
0x58855b592143934a01d097ce73ee85d560987777	rejected	1790432727
0x5890bde34061d18cc4e44a0fd133fe3bebb87777	rejected	1790650383
0x58934ad87e54ad76312b42c7419d1bbbc3d67777	rejected	1790432975
0x58937cb58a3297a7eba7bd6e2530bca105f27777	rejected	1790431612
0x5894f46e21055c6587e1569f30f1e61b87487777	rejected	1790649899
0x58aaaf7eb3a2ee00ea97552b95a2381b6b377777	rejected	1790431513
0x58ac8d8907fa0aaa52c08c7d183f705635c47777	rejected	1790432746
0x58aca904f913d5eb9cd1f0e5f2e278a92ede7777	rejected	1790432877
0x58ae19e97e08349fa4956f9469e421cde2427777	rejected	1790649829
0x58b6c9c3d50b8c8061e30b486696611bba107777	rejected	1790651066
0x58b6f5feeb8436489f5bf4a56619092b1fa8e777	rejected	1790432674
0x58c0d61c647adc1d8edaf8c842fa976dc16b7777	rejected	1790432510
0x58c91dabc044943fb8d8404e1785dc889aae7777	rejected	1790650207
0x58d48f95ed9bc361060bc97988221a6c7b3a7777	rejected	1790649766
0x58d6a9397d1e1afdc11db61a1f2596948b507777	rejected	1790432852
0x58f62561d33865bb230b567849eca01d68b07777	rejected	1790649730
0x58f75c634ce5cf5f5b4f6a1635064bc2c1b97777	rejected	1790667355
0x58f8ac62a468191747e82219c053b5604eff7777	rejected	1790650904
0x58fabd7cf2cc73b74cb2976ee76e06763ed87777	rejected	1790650234
0x58fadb4ebd730daa97b991e0d2acf7a2b97c7777	rejected	1790650228
0x58fba205a5edeeb360f8874d8aa9a99fe8f57777	rejected	1790667841
0x5904a45d79bba5d4d8aa57e50d982541d4687777	rejected	1790649957
0x59094ba16c3c89f609ecc87a1e179b9db5b27777	rejected	1790668250
0x59118d2b5fd2f3b24005db94a6060737df6d7777	rejected	1790432843
0x591b79a55c417f50dba261491b70d772a21f7777	rejected	1790431620
0x59279d7e212cabe1e433efd2422a176f3af17777	rejected	1790650039
0x592b24c32d2a08ab070d23a901d6e476d96e7777	rejected	1790667725
0x5936ee193cf4dd959e7e12d20cfc6e865fc97777	rejected	1790650724
0x593d49395304a68402efbaa447d052c9972b7777	rejected	1790667971
0x595460e4c6540ddc706ef9e7f2b34d4dad527777	rejected	1790649801
0x595d37c1ef1eb6e49fb140f3b0e078d7390b7777	rejected	1790433390
0x5967ac2977963b37f16a2870d49210596a997777	rejected	1790668154
0x59683f01870c758b7a0c93c926754e9c0efd7777	rejected	1790650811
0x5968b60137663255fb227a449c2f29af50477777	rejected	1790667440
0x59692134b7923e40f42745a374ba50baca587777	rejected	1790650932
0x596cc7bb8c3b5e437f6aba998731aa67e2787777	rejected	1790650762
0x5970ae90a265aa8583e09ce0fdf17c7429a87777	rejected	1790667982
0x59727fdbaef401d08c727af8b9ce8040a35f7777	rejected	1790432740
0x5975d78c6e7f222950081f72b238088e57847777	rejected	1790433520
0x59765711f3f73b6c8bba531f250ea419d5957777	rejected	1790650402
0x597a8037eb11931e4c286661ac463bb03c4b7777	rejected	1790433832
0x597adfbaae26b61cc38c7c4df616ed280fb5c005	rejected	1790668343
0x598067b204a7a2486b48b2cc4e1b8d82a25b7777	rejected	1790433571
0x5988e113e841b6f53773b29733cc6cf59e4a7777	rejected	1790650839
0x598d44fbde2e2e885ba3b0ccf653bdc8f1687777	rejected	1790650306
0x598de0855f3189a4970b69aeb60fe1c9c7b97777	rejected	1790650148
0x5994e0fc0ad8a62471fd41fe2ba85e07a6227777	rejected	1790432750
0x5995a0315042f9e36d85202ad983737e6f0a7777	rejected	1790433744
0x599f99cf3cf05eb4c9200b3173fc323cbd7d7777	rejected	1790667913
0x59a0d9dbbbc3d59d73c152aa4ec0e9ae6d637777	rejected	1790433704
0x59a21d2ce320499357448c27f0b13e1515bc7777	rejected	1790649948
0x59a8911802c6ebe4836b70c210d167ec318e7777	rejected	1790649947
0x59aeb04ffbb428f91d4ca893898d2fc225727777	rejected	1790649768
0x59b16026aa3167b6dfebf119b0da36439cb07777	rejected	1790431659
0x59b1714bbed9622fa43d3cdbfcefbe40a30c7777	rejected	1790433632
0x59bc2e3236d592b77f6c7e86a7c3336fc33d7777	rejected	1790649764
0x59c62e3cb9f45a31815d825230f856f0ebb47777	rejected	1790434187
0x59ca4ecc5ad302247c9c4e7242ae85198e1e0599	rejected	1790434692
0x59d31a31e6c67c4166fbaf39bcfee7be2e287777	rejected	1790650066
0x59d36774a028427d92fa0c6c35c45a17ae037777	rejected	1790650371
0x59e96e85887afda2821ac381d9299e7405c77777	rejected	1790649847
0x59f1484e3e994a3d867900391bb1a0067fcc7777	rejected	1790434477
0x59f38f4fb2f7cb686535781fac5c0822cfbd7777	rejected	1790431405
0x59f3ba6de88738ca551363a2e8b21ded15747777	rejected	1790650927
0x59f5329647c39c6d129bb78368b0f5d5491d7777	rejected	1790668063
0x59f95aeab957dc53b77806add6c8288701a37777	rejected	1790432991
0x59fa1c7f9263d3d227d335628daa960405177777	rejected	1790667699
0x59fe95a105e2511e5d7207181c600cdf00b87777	rejected	1790650278
0x5a0d8ace023cefc7a3932cdfad2cf1dad0bd7777	rejected	1790433466
0x5a11075c985404288497c59778179b8fe2559d6d	rejected	1790434719
0x5a186202d3a93f1fbbece7cc5593b486bf057777	rejected	1790650428
0x5a2364268b629c43a3a8e82a68b8be4d73067777	rejected	1790650231
0x5a2905dbb99c96e5b0c0680c67c7fb1b44ef7777	rejected	1790433464
0x5a29068072188ebe9aba166ed11104ea245c7777	rejected	1790432720
0x5a301b52c230c5b051c3239ab6fbdd8313a77777	rejected	1790667688
0x5a34b1f0a852f395ea15e5054ec2ec57928b7777	rejected	1790432721
0x5a4298bf86450ea49a8b388909d4fa9a28097777	rejected	1790650348
0x5a46de86366ff6b467569d1436023adab7a87777	rejected	1790668116
0x5a48d5b22bdad61771ce6b7c1246a5f3fd037777	rejected	1790433668
0x5a4ab10adb3e4a8d32aeac9118adaba407927777	rejected	1790650719
0x5a4ab79bd08a10f1c2e51d97da088c3385e77777	rejected	1790432850
0x5a4e447e8c0d205b0154e26f079905c955587777	rejected	1790667915
0x5a51452967ab632bcec54fd13ae59b4c520f7777	rejected	1790434588
0x5a65d1d1d27bdafefe3efdeb7f605fe40d4a7777	rejected	1790649650
0x5a69d0860bce166489d5592bf49ca4df259a7777	rejected	1790432984
0x5a6c60cbc6fee72331adf267ba383c8f12357777	rejected	1790433485
0x5a6c96d8bf00a0863ae178d04f1947b5cbdf7777	rejected	1790650886
0x5a742d463081928e6d54dfa62233da1beaf37777	rejected	1790650110
0x5a7a7add9802cb08065ee913bce18236b1e27777	rejected	1790667621
0x5a801677c784b235af78875de1bad40da8677777	rejected	1790650131
0x5a88eb18af30bfee7e28d000791f4106a7d97777	rejected	1790668131
0x5a917d24c32bfa7aae91319bc9e4ae1c06957777	rejected	1790434012
0x5aa28661a3678b2f77276d1d38b60a0f99017777	rejected	1790668359
0x5aa382ba8709766e6142809517cf45db4a1d7777	rejected	1790434501
0x5aae2ac607f40cbcfbf39330bb048e9d0aed7777	rejected	1790432672
0x5aaeb92a77d659d66293c4bf4222c748b3277777	rejected	1790667841
0x5ab7d59f0e8d13c3e64abee589788cedc5ba7777	rejected	1790433486
0x5abbc7cb89e6b6ac55c6758332753ecfa46b7777	rejected	1790650027
0x5abf01a7eb339a07ab8f5525ce3cb9085cfa7777	rejected	1790667861
0x5abf55d6c76c0637bfc69ca607bfd9ee78f47777	rejected	1790667898
0x5ac237d056d4ddad8dc6f568d29839d0b0fe7777	rejected	1790433718
0x5ac28b8c92f8a0355a494e9a12514cde8b2b7777	rejected	1790649885
0x5ac89c3be6da4cdf45db08352d951f9f02107777	rejected	1790433752
0x5aca31671306b33ce1eedbea81be92775a377777	rejected	1790433602
0x5aca9caf4dc8302a88a2dafb663ed26c7bf07777	rejected	1790650184
0x5acbb87956cfd8d320fa9371937d582b68bf7777	rejected	1790649750
0x5acf4cf8c1c0512ef4f616d18f0beb4692ab7777	rejected	1790650502
0x5ad06e0e1f49031b6f2dfe3862444597243d7777	rejected	1790433708
0x5ad148ef1fca1d3988ff60028602680c62c07777	rejected	1790649918
0x5ad8ca9c8224a428c1b3535b4e9a099355e17777	rejected	1790432961
0x5ad9f0ee653e8dfe5dca463644bd93e5c9957777	rejected	1790650381
0x5adb98663c47743d1bb901ba505297acc9b17777	rejected	1790667886
0x5ae32ddf04f0a4457a4a63eca5bb95011c327777	rejected	1790433605
0x5afb0f5a86552d0f2a057d09661480e7aadb7777	rejected	1790433864
0x5afe09fe1ab928cb88338ec361dc535556ea7777	rejected	1790434482
0x5afe778af0352f0038eae1aa694211606b517777	rejected	1790433475
0x5b07fc3421bfa082b36aca0025498d3471f27777	rejected	1790667617
0x5b086ec1f8757e2ab3d244199e89bceebd527777	rejected	1790667971
0x5b1042ace63680ba65cf0e90b563a077a33d7777	rejected	1790432500
0x5b10d061d976e278cb0c99bbadfda9e3cc677777	rejected	1790668174
0x5b1137244949c9957fd594873670e22358647777	rejected	1790431607
0x5b133fc695f8668fdc8e5bdf91902044a99e7777	rejected	1790650562
0x5b14a5839640a90860251f1e89cb8c930bce7777	rejected	1790431620
0x5b18a3e1effada6e30b8d98e2f77802ef2567777	rejected	1790650373
0x5b2681b28cdef4559e7769abe1193e7321697777	rejected	1790432610
0x5b2b4fdcea06581424b11c6b320b74e7e9f47777	rejected	1790433893
0x5b36743f6bee0cbed796ba60919b84fe2ead44e9	rejected	1790667710
0x5b39d327362b041638c59e6b290a6e6df9847777	rejected	1790433873
0x5b423b93f3e5d68a2e269e932aa310c151207777	rejected	1790649861
0x5b445c649def817553a93e32eb4bb15511447777	rejected	1790667941
0x5b495133b0e747288b2e76884b44e4322b357777	rejected	1790433640
0x5b4ae1055e1ff0a5d5162a57c8e6ecc3421c7777	rejected	1790667516
0x5b4d8464f91083f13134f582d257743e7eaf7777	rejected	1790431421
0x5b4fe1e5e77a3642f79842623d75300b16097777	rejected	1790432736
0x5b5038e096acc49f2e324b881e83c61a0f6e7777	rejected	1790434979
0x5b50c5237443767a39ff8a8af92f29f998f47777	rejected	1790433861
0x5b58de4960400ccf4445e051a3d263fb69ce7777	rejected	1790650150
0x5b5f272d16e6aedde7e25b5d91b4a4f238387777	rejected	1790650440
0x5b621d82d44bbd40d7db8c335b7d8937036d84bb	rejected	1790649813
0x5b6516792e7bb4afcdfbf84b58ffba11b3de7777	rejected	1790434494
0x5b72f368ae4d13d5c6876a5315eabef760807777	rejected	1790431614
0x5b73a93b4e5e4f1fd27d8b3f8c97d69908b5e284	rejected	1790434978
0x5b742e8f4e59097c0c454d3120ad5244df4e7777	rejected	1790649789
0x5b76682417c5602cad7bb118947877f5c5cc7777	rejected	1790650794
0x5b7aa306ef2c118d205f8029a699482f33ab7777	rejected	1790650288
0x5b8f38e721effb5233ee9f8ef743cf37e4d17777	rejected	1790432853
0x5b9cdffc4264e262188cde5d843eaaa52e577777	rejected	1790651965
0x5ba05f948f045c9bf91bb8286c32f5070bb47777	rejected	1790650021
0x5ba3b1e4fbb6012ce2c9e726ac23885dfb8b6351	rejected	1790650305
0x5ba65b68055ca8d9ddeb22bbc04257654bb37777	rejected	1790432986
0x5baa5cca14df92f0ea422e781834da136a877777	rejected	1790433871
0x5bb00e829424ff8f711fb4537ff4555decc67777	rejected	1790433472
0x5bb3f244cc728682d9c954e40d22f4c552a07777	rejected	1790651074
0x5bb74b62592279045b87cbccefb5b2646f0c7777	rejected	1790650945
0x5bc39e962c95872616d30b61d0709b54c0187777	rejected	1790668089
0x5bc5c3eaf194555da5bedf4fa0f28b0dfcd27777	rejected	1790650439
0x5bc884f0bb917106e8fac05a762647d959987777	rejected	1790650893
0x5bd9b01402eb1a155e7eae672e9e1bf411cd7777	rejected	1790433728
0x5bddc3e41a514878a3dc6f18b03d895c650e7777	rejected	1790649938
0x5be3e25c95d9500462e18d71f9395f333b747777	rejected	1790650243
0x5bf3303c7a836ec7e8fef75ca483e331c47f7777	rejected	1790667913
0x5bf5576bcb90ac962bbcafe46b9854e7b0557777	rejected	1790650538
0x5bf6871984e6d7ae82cfe3a64c334dede7877777	rejected	1790667692
0x5bf6e7cc9f558084363ae47cf3a32faf59057777	rejected	1790434578
0x5bfa1c3f6f80f57ca2ef899e67ff04ff2a8e7777	rejected	1790650015
0x5bfbbb0125bd757a939fac1e7241a4a675747777	rejected	1790649756
0x5c09529b239a7179897fa2ec3e7f126eb15d7777	rejected	1790433598
0x5c09d1dbf7748890ef7616288ab6c04bf2c77777	rejected	1790667881
0x5c0b6afafdcfa81223775e486c4e96d196fd7777	rejected	1790434318
0x5c0c6e6e5ee82bb9166d49c110ebee8298da7777	rejected	1790650848
0x5c11a0e3a8fea8ad4ab6a79ea6bc3ab502237777	rejected	1790667355
0x5c1508a3aaf2603cb7bc83b3be0efb1b25737777	rejected	1790668249
0x5c21be0d4c86789a80ce6a7a50a3d418e4ef7777	rejected	1790668084
0x5c2a31d2a52f3aa5fd6980692846f20280c87777	rejected	1790668090
0x5c2bbc78ac6cd6ff7c0d17ebb1efd583289b7777	rejected	1790650219
0x5c3282fc769144a92596a6f85727a4708d1a7777	rejected	1790650899
0x5c37dc3ce099933dfef7bfe406014997a8d47777	rejected	1790668015
0x5c435b52c27bea1b168f343cb066c56e3a5a7777	rejected	1790668053
0x5c46d5106d4227be5f5316a68d346d55df827777	rejected	1790650505
0x5c4da56e9179b4b3ec1692c2eae3c7812ab37777	rejected	1790668332
0x5c5746340f95332f71a264d0ca0b7a716c037777	rejected	1790667522
0x5c5914753e1d9bdbb306d7ae7ed02d57a8577777	rejected	1790668018
0x5c5ccb1b655be5a5a516f958a3f167dfe938c356	rejected	1790649722
0x5c5d40c4f554d1f62cbbb01ccd610a8554497777	rejected	1790434809
0x5c627248d02ee070f682dc8eed5d28b9ec897777	rejected	1790650734
0x5c65765c86d43b7f5ff351bb2ee16b342bf67777	rejected	1790667862
0x5c6a400f30bff8c1c0ca4c95463c814c5b627777	rejected	1790650866
0x5c70a51fe1ffeb5e48f8f667bc8f4c3a31327777	rejected	1790432858
0x5c7a186347b75e2737279b72b641edcb5d197777	rejected	1790431666
0x5c7aac89c7d9b796bbc72480b3330ee72abd7777	rejected	1790433592
0x5c7c10eaeead1acdd377ab05c9bd5176c6867777	rejected	1790433672
0x5c7fcb00290277eab638d4b8fb71acc8e16d7777	rejected	1790433496
0x5c82cb0b7135965f787d4e1afd6d32c495747777	rejected	1790649866
0x5c85d6c6825ab4032337f11ee92a72df936b46f6	rejected	1790652121
0x5c87b84cf2dc22418ecf6ef852bedacfbab97777	rejected	1790433586
0x5c8908e16b679c5c52b36c479d7287adb77a7777	rejected	1790668126
0x5c90225eee899c8ba37a1061264d18eb65657777	rejected	1790649981
0x5c9735fadcb177004f8d3a394c1f8a0af93f7777	rejected	1790649923
0x5c998a191c1c4ed1685dc48dad5f154dd87f7777	rejected	1790434810
0x5c9d97ac5ccd6706a88cc8e3a40a39aa35087777	rejected	1790650734
0x5caaf54b96022be77dd730690f29246d1e337777	rejected	1790649800
0x5caf1e5de732018be7fb8f3ca9570151e9d97777	rejected	1790650324
0x5cb5758912671f8f7cd8f18f89c835f059a57777	rejected	1790650106
0x5cb671249e8fd0f1ae44ba99a7d1474fae197777	rejected	1790650692
0x5cbe2f37cbd5a2548058d3ff49fa6c7d0ad17777	rejected	1790650360
0x5cc2c529a5279146adf6eac82c33b27823d27777	rejected	1790650195
0x5cc6ffe06199507a5cb7636bb081c9863b577777	rejected	1790668079
0x5cc7e8c35de36f45b037589af960c44d7c467777	rejected	1790650925
0x5cccfa13fa50f635d2865a097f5ad1067a6a7777	rejected	1790668139
0x5cd0388bcbe8873d7682f50ef8a95a4f4f587777	rejected	1790667969
0x5cd2948169ce58e9402c9aa47c0606de8e327777	rejected	1790432743
0x5cd825cbef602a2aa3980eb94443ca750ce07777	rejected	1790650449
0x5cd9f2803b6eb82ab9600782ae676618c11d7777	rejected	1790434035
0x5ce033b2bfca3af30b3e8c8457deaf776a8b695a	rejected	1790434334
0x5ce9117d58d0f2c42fe5c4c0bd0a1e5ef7667777	rejected	1790649784
0x5ceae535859be41c3dff98af1148a0cb57267777	rejected	1790433747
0x5cf211731da41489aedac83f981961d93af57777	rejected	1790433853
0x5cfd9e977f6e4b0aaed72c2e5802a653802b7777	rejected	1790667935
0x5cff3368cf39e2941b88d0ec7954f8e26cb47777	rejected	1790431605
0x5d01b8174a661600cf4f016bea9b073557847777	rejected	1790650177
0x5d0209fe7fd528b72e22bb67f61b62696e467777	rejected	1790667598
0x5d038dd375b60966523d22931dfa6d343bce7777	rejected	1790431396
0x5d084506481d7a650f770a811d618e771fe27777	rejected	1790433504
0x5d0dbe12c1995b0670665b04fc8fbcc1f2d5728f	rejected	1790650293
0x5d1321e6100a90861cd7bcf330f1e9b1263f62ff	rejected	1790431418
0x5d13c0b535a81e6ed46bc099f5ff5be41d637777	rejected	1790432829
0x5d1462b50257ca5932f26871462957a4e83c7777	rejected	1790432841
0x5d15268e09dee64000c70a4135fe42d1567c7777	rejected	1790431642
0x5d188887b188bb8510802eb1564b15ad2bdb7777	rejected	1790651053
0x5d1b348ec3dc412fe9aadd4f463e150f0ef87777	rejected	1790650241
0x5d228afbf655feb83e47fba29bd211c76c4d7777	rejected	1790651056
0x5d266515d435bccbe7f76715e6d04bc6f0467777	rejected	1790650164
0x5d2b70e94964610a4758893b8bde1e3aede77777	rejected	1790650177
0x5d2e4ccd0d415c1602576fbd40e981712a017777	rejected	1790649928
0x5d3a1ff2b6bab83b63cd9ad0787074081a52ef34	rejected	1790433554
0x5d40b39edfd0f91c4b361b2859fa6f5c12287777	rejected	1790650118
0x5d40dc809fd8de01d83f42ac0c2ffb17ec007777	rejected	1790667867
0x5d444e680f822a246d5c41f9fef5f9b5e97b7777	rejected	1790434791
0x5d46bbfd55bf7d0088592b4a647a4b7423b17777	rejected	1790431611
0x5d4c43489d62fd4aaa881e406b4ba63f05c77777	rejected	1790433866
0x5d59c22a9705d5c3514355f4f489f4e986bc7777	rejected	1790433516
0x5d646c7ab6851aa4b36f39eaaebcf3ba5db17777	rejected	1790433584
0x5d65b183757891da61515487c6c69beb408d7777	rejected	1790667891
0x5d6ad00dc264ee68654fd7bc5bc052ac4c150c16	rejected	1790434974
0x5d6f82765a23e2b68b5d97c53f43435b893ef358	rejected	1790649834
0x5d7c8ab7f13036e2c660703ef1d0e06dd0767777	rejected	1790650056
0x5d7d30c91b68b0d4affd7ebfc97b25aedc747777	rejected	1790651069
0x5d7fde7ff4cd881eefc7c52c3ba68059fcc36a41	rejected	1790649728
0x5d80c5509bdcf2b763589abb02ae593aa2707777	rejected	1790668253
0x5d8c7a49c4196f4a7ad0a037f2f71b6eb2d37777	rejected	1790433437
0x5d8f35ae732b7b94db3a0f6b33d8373864687777	rejected	1790434032
0x5d91bdd31d878b7e6adda6b2b1207ac87d18902d	rejected	1790433501
0x5d9bd32095f7e6f74de024f8146b3f595a9c7777	rejected	1790650547
0x5d9d72fd86e950980521ae39cfa3f9a513167777	rejected	1790649765
0x5da33f709a7d09136293585620085bed55eb7777	rejected	1790433692
0x5da35d87d00eceb96a7358c2a40150dac7127777	rejected	1790667952
0x5dac4a17c6246f60d9858a4d95e2bd1fc7497777	rejected	1790433631
0x5daeb96f3ed8f95afef95bd108b7583bd4bc7777	rejected	1790433562
0x5db46b758c7fb820164d911e4a4b39398bc97777	rejected	1790650247
0x5dbdc0e188e7006808ab08fc766313ef07ee7777	rejected	1790667839
0x5dc79e2844ef6ea9403da2512ad17ed262717777	rejected	1790667436
0x5dc88ed1516fa7b0f7102f5d1c090f264ea67777	rejected	1790434617
0x5dc940a606be0495521d8c00eefe835ce39b7777	rejected	1790433754
0x5dca61bb034b5090716ecc64c821bce489727777	rejected	1790650118
0x5dcef44db999471ac2701e5ab150ed5383667777	rejected	1790433744
0x5dcfe912b38cefdbf7158620129d3838d8fd7777	rejected	1790432502
0x5dd1a7a369e8273371d2dbf9d83356057088082c	rejected	1790434396
0x5de236966777f5390d0ffca791493291eb237777	rejected	1790431628
0x5de68b7ab6d41723f528ab1fdcb791ff7d0f7777	rejected	1790649721
0x5de8b6e62d225a1da82300d9f4b41d51a69d7777	rejected	1790432498
0x5deaa22f89e15750a4f040e807ce8a9622077777	rejected	1790433457
0x5def933b85bee3ffba45a9fb1149e9e598ef7777	rejected	1790649999
0x5e02b3519f964cbf42d66e6f308037c5a72d7777	rejected	1790433888
0x5e0870837628f2b12b77313f27d59f0a52137777	rejected	1790433497
0x5e0bad3a7050ebbe103dec85ffe0236bee317777	rejected	1790652076
0x5e146e1e7e2eac4ebe02b230efd1bb8627db0afc	rejected	1790668032
0x5e1b048a45868723c9dd40a7a81c0cafd13c7777	rejected	1790668250
0x5e2147c622009d1bf43339f474a64446e05c7777	rejected	1790433496
0x5e2a426a561d9bef5483549689e6ec8319d5e920	rejected	1790433574
0x5e3015690f624037e4772a1dade03369495b7777	rejected	1790432849
0x5e363fde33384796eee50600826fcf8dbd147777	rejected	1790650331
0x5e43593706879e3d64f339f083dfda3ca34b7777	rejected	1790649983
0x5e4856a7942eb5f1331a1e8526b13b520a747777	rejected	1790433628
0x5e65f25ec968a7471c805f5cc72655a0d8a17777	rejected	1790667929
0x5e6a702c892dcbd49bbcd59de02c62c7715a7777	rejected	1790434596
0x5e6afd2d4208888bc3bb40eea3e8b01d87497777	rejected	1790649769
0x5e6d697e85a74de6e75edc093de19bd13c647777	rejected	1790650739
0x5e794403fb916e9ea40fd4ab5ac6bbab823d7777	rejected	1790433630
0x5e8378e97c418586257fee28331ed600ad837777	rejected	1790869675
0x5e8576b4c4909ec46bf1ee36782154e2c8077777	rejected	1790650445
0x5e888dde073ba817c1cb120653d66fbd28757777	rejected	1790650811
0x5e89565de578a4f2c656b47d8bfc179757107777	rejected	1790651090
0x5e950b65f1953e2ff75ab2cccccf357b0aba7777	rejected	1790668353
0x5e95dbec7d7b3a09a84b0a5938a4c843fdc07777	rejected	1790434178
0x5e9c2677e3140f4e3df5dbfcbe84cb065f947777	rejected	1790432513
0x5eadea19f2d96b162d7234d3fe6949c9af117777	rejected	1790649891
0x5eb2bdb3cbb63383d27741f4ea7b3c8209f67777	rejected	1790433717
0x5eb36027af8c45a22eb97d40198894d1d3747777	rejected	1790667984
0x5eb5e12e2683ec2376b1a997439c27f954897777	rejected	1790651018
0x5eb6fb271177fdd4bd78b046416f0e0adf917777	rejected	1790650336
0x5ebcd83501808f616bd81aa8f5e58d6c2ea87777	rejected	1790433587
0x5ec02c445399375a90789199de89faf5d02b7777	rejected	1790650142
0x5ec17b900d599de3b4d4f25bdf0071014e297777	rejected	1790667846
0x5ec91f2a0a09d596c3f296912c45cc1384307777	rejected	1790432870
0x5ed7e5d7e99b3e876a1100dc42d66ea843157777	rejected	1790431663
0x5ed9c4c9b3f3ae6a500e6018dbbf103b91c37777	rejected	1790667750
0x5edbdd0cab843a41d48f02a5024fe9aef7ee7777	rejected	1790668335
0x5ee0328608140f3a2c123065c73a262050197777	rejected	1790667716
0x5eeac62c9387a10677fa26f0514ae7eecb69ede8	rejected	1790650893
0x5ef573ab1b311047e8dea303a427b4326bfa7777	rejected	1790649846
0x5f04960cd466473dcd018718e50c17b4ce547777	rejected	1790650254
0x5f080253dfb7b381ce49e98e088f2cbc03de7777	rejected	1790650557
0x5f1124296017d4a859e53f31af576b768cd27777	rejected	1790432865
0x5f13ce8ad714577f8e1cc94e6d4a398aa40c7777	rejected	1790434714
0x5f1c94d41973ef828a840edaee03915c57807777	rejected	1790649785
0x5f23d6b79ec3956d4b458de0e21bb2ed2dc8fa95	rejected	1790668113
0x5f2b5721c95eecd141c1124848b80459f5eb7777	rejected	1790650162
0x5f2fa002622bbd48a1fa67b6b933a8cba4287777	rejected	1790667910
0x5f4587dea12e18182287a160429860d729b47777	rejected	1790668140
0x5f4774e1e27346df08ac8cce5cf8810236db7777	rejected	1790433390
0x5f4cad12b63ab85c34418b8d9c97ce15b1d4f935	rejected	1790668339
0x5f4e695ed59ae4f1b244876c58a7de06f29d7777	rejected	1790650329
0x5f50428b400e0bb6da2bfb990fb30585fcce7777	rejected	1790651052
0x5f531d73f07319ecef4f07549014677571667777	rejected	1790432961
0x5f59a9acf8052094aa99575062ef5aeadf377777	rejected	1790432715
0x5f5bfb9fcd44870aad2d1c823d7ba147203a7777	rejected	1790667526
0x5f6f82c210d35e35b796fcccce9b4b26b78e7777	rejected	1790650860
0x5f78ef10a0fc60a178a5d10d3f79006313277777	rejected	1790432864
0x5f7f3bf2ca4187302b0657e0545728845d437777	rejected	1790649733
0x5f836fb4215623daee08b6d465cec079562e7777	rejected	1790650534
0x5f891c2a82dd5a3488cdd89c24bc6db793c97777	rejected	1790649936
0x5f8a5f349f72d27d994c38e8de3976fcedaf5abb	rejected	1790649833
0x5f8d62c9705b9ed15211ff05afdb1ba3242c7777	rejected	1790432510
0x5f8da0341610e703272595b88d9ad4e87d597777	rejected	1790432498
0x5f93b5b17ebe5d61f616c8031ccd96a124537777	rejected	1790431617
0x5f98bd105c00e2f5ef898a31718137ee28e87777	rejected	1790667519
0x5f9b9898b789f04f23736c14efcaa94cd72b7777	rejected	1790650572
0x5f9fa9f918b46cab3e9d64a4739b60cd00b37777	rejected	1790650490
0x5fa205090013721c33554e1c1f45917e80018d0c	rejected	1790650826
0x5fa5af9fb930bdddd024d7b2ad30349827f0ffff	rejected	1790432842
0x5fb03352629653e3f32bbf9819a0c2690b307777	rejected	1790668001
0x5fb804254887b70592ca13122f735a29ee4a7777	rejected	1790667894
0x5fc047ab64285de38c74469740fc2bad68aa7777	rejected	1790668152
0x5fc0655ccbccd2013059e742df5219fc27877777	rejected	1790667966
0x5fc1a2ec443e142e146c516645bb92a53aea7777	rejected	1790650514
0x5fc4a4a9f143c80002dbc47f2c79d28b178a7777	rejected	1790650248
0x5fcfee6d47533f78d815d930812f360bd34c7777	rejected	1790650201
0x5fd6e9b0f85e0532d202c4ce802a36886e547777	rejected	1790432508
0x5fd86da9b05abe396fe9d02a4a213a7c00556503	rejected	1790433999
0x5fdc93b4d25700ee4d2c44a41a22a9df04917777	rejected	1790433562
0x5fe8334ed809901dee273998c6ff2f9547377777	rejected	1790434178
0x5ff95d2266e4eee3710a0346bdbe81166f797777	rejected	1790434353
0x6001f6e3321080406463c85c9e63c33b1a317777	rejected	1790432877
0x60121f3c5fd7e07403c688e47fa6e5657cdd7777	rejected	1790650717
0x6015906a79183efb36d0cc53708514e829607777	rejected	1790650061
0x601ea1c8245d114f754507013d47de53d0887777	rejected	1790668084
0x60218075d9f6530fac57491cc325704137867777	rejected	1790651016
0x6021f5c710f94993f7e801ee8aa9207cfb027777	rejected	1790668152
0x602696b71a8538d874c44c365c43ed777a487777	rejected	1790431601
0x60284448ed10e30afd8de2bbf25ca4de41807777	rejected	1790650384
0x602dd6b90429023a835d9e310deccc580c6b7777	rejected	1790650022
0x60329ca476f828a6ac5bb91987918fab44127777	rejected	1790649770
0x6034b9393298a7736729709ae0e65174cdf17777	rejected	1790668024
0x6043e124100a1a7470af4c7f3c378bfe80a57777	rejected	1790433597
0x604a22228642c75002f8a091707421873b467777	rejected	1790434393
0x6050bda7fbf1c509c764f05945eaf8c36f9b7777	rejected	1790649749
0x605c0d46067c0a30dae2b18d0e8e2910583b7777	rejected	1790649958
0x60672aec1928d77542178fa1c0aafbe205357777	rejected	1790650481
0x60769547ce6260d17d3016fda6d22d516ea47777	rejected	1790650685
0x60773accc42c0905f9cad1da0025a38f8af17777	rejected	1790432823
0x6086d584a4a1c47527c615b0af2fdb46e0dd7777	rejected	1790431666
0x6096a619ac5314762d604a1fe8f0864cbb817777	rejected	1790650707
0x60996f6f30465f63a2c87800ddb8f2c94fe97777	rejected	1790432697
0x609c992f3116da895211c5a5cd63d8f2ea44921e	rejected	1790650014
0x609d16dd6b1ed2403bec603dbf4f747261507777	rejected	1790650131
0x609e0873ef62b2619040fec3fe2f430e7abe7777	rejected	1790433574
0x60a94fc3640a351961c1655f794b12a4e1577777	rejected	1790650292
0x60b008df94809f5037c877d06a72e80af57a7777	rejected	1790650135
0x60b3f3463ae012835971041a996db5db01257777	rejected	1790667900
0x60be240e61ad9d4c294f7a0aa34793d371787777	rejected	1790650662
0x60be7de20de539b337819ffbcad6e53e13047777	rejected	1790431398
0x60c09979c339a5bbb7f4d5a25eab607f219c7777	rejected	1790433567
0x60c10b640dcb15abd8bfdf0f296d932e7b9c7777	rejected	1790650055
0x60c6b7b05e6357537a523560c943b6d219c37777	rejected	1790432725
0x60c6ff594618f0cef81cf90a8a10fddfaaa57777	rejected	1790650706
0x60c9057e4992099fa437bf1796fe008431067777	rejected	1790433493
0x60cc5429d598374350e9a761e388d39229de7777	rejected	1790434349
0x60cef0e4ac363a1abb37557d4aa1b170dc997777	rejected	1790650191
0x60d8f943c5c153a728346b131f2c483be4a27777	rejected	1790650673
0x60dcebe75e887113606b0fa4b8f52a6487aa7777	rejected	1790649850
0x60ddb27dc8063b0a15bfb1fd972878cb15f27777	rejected	1790434705
0x60ddf2132c09e5984913fd7bf7bd80f091a67777	rejected	1790650378
0x60e10a08df7d6825c3b7c8ff207104dcce3e7777	rejected	1790433899
0x60e8032e3056fbc9f0cfefd53918feece1af7777	rejected	1790649930
0x60ea96ab91471cc7a1ce6b83ae384f29c1741608	rejected	1790649870
0x60f0417031df0c95f745cc1795b95ccb82fc618e	rejected	1790649848
0x60f86f79f38fda7335337c2300f8b15db8837777	rejected	1790432686
0x60f984a3aecd5408db08977e86b8298c3ec17777	rejected	1790433851
0x60fd3af8ca03377038bcfeb742fd90f935a47777	rejected	1790650096
0x61006833434282726a0358fad35e48e079777777	rejected	1790649918
0x6105f519be9561f2d6069e954c9d2d1ca8627777	rejected	1790668155
0x610d50fe1a84a1f36c4b3736d885a5f1813a7777	rejected	1790433754
0x610e224033ce109b752144ac5f052da198d97777	rejected	1790668088
0x6110785929dfa9e08a653f07225abafc0f777777	rejected	1790432848
0x611689c52f69172e1e8d3e27c439b46e38c97777	rejected	1790650573
0x61174ac6e06fa0e01695a6ada3f1f43c604f7777	rejected	1790649846
0x611b8d4ee437aacec211f15b75266d7b1bbe7777	rejected	1790650270
0x6129bee4202b8d82a5487e6c7035133bb3ed7777	rejected	1790434392
0x613666d98c23d75e416ce48c43ddd3210e687777	rejected	1790434494
0x61376ac456e7d12b5070dd013e147962d2be7777	rejected	1790434717
0x613c7800f0adcf0ca6f41226f11783aba8e57777	rejected	1790432487
0x61402f8847c4afbda472e38fedf30352e2197777	rejected	1790434827
0x61430548eeae86a34a4835d22998b2b276827777	rejected	1790667593
0x61458f61b44fbf65a53ea80e945efee954af7777	rejected	1790649967
0x614cc3497eaf30aa28ebfa442a2449c0f72b7777	rejected	1790668046
0x614cd42c92cc8c3ebe7f679bf748a5c96f017777	rejected	1790434594
0x61508aef2a385535756cc548546ff6e9f4527777	rejected	1790434616
0x615a6fe21dad5b3436c8beb16b3d8a93c904c613	rejected	1790650856
0x615a96eafe27a6069106938801bca55437f87777	rejected	1790650256
0x615b6fe9c2a52dce39ff363e52932d0b6b007777	rejected	1790650116
0x61610b445e4b61040f7c3680cd44b31507d77777	rejected	1790650672
0x61627216098b129a8c69d4eb66c96096d17d7777	rejected	1790667978
0x61629dd1c987b0b336c959be6025a81ccf3b7777	rejected	1790433693
0x616636fd3309e9818bd0e7f94799a49803a87777	rejected	1790649926
0x616927aa1df3dad49b2a4b41d695ffbfdfd27777	rejected	1790650931
0x616bae0b0f97a7aa67ee6ce2807334279ee17777	rejected	1790432880
0x61723d932a77bddbde5ed9eda32ac2812b907777	rejected	1790650417
0x6181c9309d15f3ed7148bb55cf21417a38077777	rejected	1790649775
0x618914dbf12dc23a44ff56d87b4bbd52353a7777	rejected	1790650050
0x6192652ec07f84ac7173d79fa61939b51e457777	rejected	1790650724
0x6196cc4e1a04f8fcce9593012d708d5c7a6a7777	rejected	1790434201
0x61a043c1e686211f3c91512064180f94dff57777	rejected	1790433458
0x61a10e8556bed032ea176330e7f17d6a12a10000	rejected	1790434715
0x61a9996eb3d86ceb1e2dadb52047cd77aadf7777	rejected	1790650537
0x61b3260eebf78abbeb2acb1175c9baaefaef7777	rejected	1790433599
0x61c770f202a016496d5625ec45ea67c9e2cd7777	rejected	1790433463
0x61d11a3c185846f27587fc1e96dba427a4497777	rejected	1790432877
0x61d3191f0cea232729166980c80c17cf64c37777	rejected	1790433863
0x61d4c02970b8cf81fbcda8864cb8e60126717777	rejected	1790433469
0x61d4eb358dd85cac48ae4f6340463541750a7777	rejected	1790432680
0x61d5b0b77e157b44a5e0c61ee50620e793e07777	rejected	1790432515
0x61d9789f4ab13cbb101c46ffdb6c0b577c927777	rejected	1790668135
0x61df994e179fde1746842f09be0535a8c8aa7777	rejected	1790649986
0x61e0a82db8483fe7c35de44aba33337901c77777	rejected	1790649762
0x61e3510b38fae1e60920489fe247fe472eb37777	rejected	1790650516
0x61e4bb2bbc8887a1eef59130bdc8fe4b931b7777	rejected	1790432994
0x61e573a001b4b54f021f99e808e06268f4357777	rejected	1790667606
0x61f8c41884fb5f59be3623cf0a0bb9f65fab7777	rejected	1790650413
0x62003e953509130e63c7e24aa3c120d529e97777	rejected	1790649761
0x620170621d8878af6408c84fa2a2065800727777	rejected	1790431391
0x6206e755a39541d4657892970049ffc8b2127777	rejected	1790668001
0x620ce1f7f305b8813a6289a6ce8f9f562e827777	rejected	1790667768
0x620dfeb201f5ccae786bfbacd079472e30117777	rejected	1790667973
0x62144b7a69c4de9b77e2c37cc69040e3acfc7777	rejected	1790650092
0x621913e2869cfd085e46997a51060d3694b07777	rejected	1790650241
0x621c38073070686a0c5dafab0efa240f1f7a7777	rejected	1790649747
0x622adb088ab5714f0b4b4e2eb0a46c490a417777	rejected	1790434328
0x622ca01df105046e4a4a1e35f6c2736349fc7777	rejected	1790433577
0x6230da85264956704a55298f4b880c3931527777	rejected	1790433458
0x62497dc4c6c32ba79eb1e4968ebdc6bcabe47777	rejected	1790650019
0x624d9b188a036e4ee079ac656b93b075422a7777	rejected	1790433622
0x624e987e96c14502e053436ce6807a59275a7777	rejected	1790434494
0x6251ca4e2a32ccb2c7941ef962c5b4be6b6c7777	rejected	1790650016
0x6255a46e925b11261339c85ab66e28ae98397777	rejected	1790433555
0x6256703706415354532dda5f7c296dbc7ae07777	rejected	1790650105
0x625895b6b3d519f025c1e5bd5201fb33f5d97777	rejected	1790433462
0x62624371d948c577a30f7c8d00ad0a021e447777	rejected	1790433676
0x6266ac22a5dc5d52854b6f2e1021c4e631547777	rejected	1790650190
0x6276f295e213411d0842d23d42126068462f397e	rejected	1790433532
0x627bad232d76fd313e9d76e0d8d1f2fb1a587777	rejected	1790431662
0x6286899cd80965c82b55309d11274cfa6dc97777	rejected	1790432692
0x6287f8c60d49db3129498f7e26c62f86c0f77777	rejected	1790650215
0x628856cda4652536ec20dd9c896935be04707777	rejected	1790433487
0x628e568530ee28829fbd86002299b1d09202e0ec	rejected	1790434792
0x628e5a26fe68c4a41dd721175826cc7aff577777	rejected	1790432967
0x6290e6974e100689e76d18c164bd4d9ae7d97777	rejected	1790667940
0x62997647ffa06a2d35ec411cf904f09851937777	rejected	1790667698
0x62ac0a11481247068dd86048f03eca8250c97777	rejected	1790651048
0x62b7c06584ffbdd85ea0cd56d5b7fd2ddbd97777	rejected	1790649918
0x62b7e5c46a67fe7419222ed18b5f0aec602c7777	rejected	1790649880
0x62bbe6bc022aa3c5f52983e398381f9c1f1b7777	rejected	1790434498
0x62c3bff4c75581c43ceb0aad2cee11d4cd407777	rejected	1790650502
0x62c4fa785d8817ecb89a53127636bb8ba1787777	rejected	1790650414
0x62c6df38ec2edc25b7ea8fa80addcb3e14527777	rejected	1790650375
0x62c9c65d647a7f578f2d46f0284b8fa273be7777	rejected	1790649903
0x62cd5fdac8a6c72eb8deed943c7a2234a03fc45e	rejected	1790668331
0x62cd7c13882ef00b5538037c4b6828af9a307777	rejected	1790650573
0x62d96b021d60242c740773f1c4ed9ed25cac7777	rejected	1790432993
0x62d983975fb51b34b3ddcf2c65df4a9aebe17777	rejected	1790650300
0x62e2e2459efa12a38949e9b3bdecefb495247777	rejected	1790432514
0x62e6eeeebdf58db4211355ba6252d35fec527777	rejected	1790650746
0x62eb2af4b52581da417ee301dda65a906be47777	rejected	1790433638
0x62ec33e4cb1bfc2b5c3494aa3c8b0ac9b5487777	rejected	1790432848
0x62ef70408d19d653ac5837d69df5f9761aab7777	rejected	1790650665
0x62f42226cddd90f8e0e85f824bdc88899a567777	rejected	1790667759
0x62f4f7c86a217dec553a44b16c3d9e0355f37777	rejected	1790649946
0x63004d98d965f2a63e4aa4e7667389a301e77777	rejected	1790650343
0x6300cdb65acee8421f58805f830a8ef025d57777	rejected	1790667756
0x630ab00a76a9efe02af3995ea65c227646067777	rejected	1790650485
0x63115171507f61d24c75a62f42cb1ee9d3287777	rejected	1790668082
0x631202a62d29ad0178fa900cb1ec52b41284d84b	rejected	1790668342
0x6316c25d2ecbb95951135ba6422dcdc4060b7777	rejected	1790650340
0x631758171627802f70118fae58ef692cee307777	rejected	1790649916
0x631b653d0a974aa657413d8edd20099ced1b7777	rejected	1790432742
0x632391ea43f7f122534f0be7247d87cc7d1d7777	rejected	1790651070
0x632688bdf244959aa9db1eea142cbcc28cdb7777	rejected	1790433597
0x632ec864071fc8593c000737c20470f1c3d77777	rejected	1790668112
0x63320743ef9f608b41f35ed113c245ac6eee7777	rejected	1790433859
0x6333e86eb3e806ab67e882ed60bcfeacf7297777	rejected	1790649836
0x6335954792f886ee8dd56655f47c0f364e337777	rejected	1790651088
0x63385c5a11b984f1c50de48c3a0b8c34dfda7777	rejected	1790434724
0x6339d9c60ef72ff0de03084f8f948a3daf347777	rejected	1790650509
0x633b7cc0dc389074d19a9a172e2c7236877e7777	rejected	1790432873
0x63441f5dde15039bec305913b36a1fd010157777	rejected	1790433507
0x635317e664c8f9abf8a316dd1d074037b2447777	rejected	1790650919
0x635a06fc37516faec8bdf0270d04749e75697777	rejected	1790668176
0x635c2befbcf00fdd58c8cca36d099e5004147777	rejected	1790650319
0x636239b4c310696c16aa22a6df25028ef65f7777	rejected	1790650659
0x636c33887dd52ef8eb58fbb495a56387eeda7777	rejected	1790650683
0x637031dfb9410a5aed22a7205cb30cef5e4c7777	rejected	1790650517
0x637e0b60c9406d1a27003e665175a0399b677777	rejected	1790667899
0x6386cab1350e0c60f607f504aa372fdc17ec7777	rejected	1790650439
0x638b36e47b85b006e129aafd6656ae1527497777	rejected	1790434989
0x638f26c6063dcba08cc4974dd2a98fb6279c7777	rejected	1790650665
0x63a109f089276e9f5e2a901ebcbe6e2cfd1f7777	rejected	1790649941
0x63a26c936abdd4040c07306b120bc3235e3a7777	rejected	1790433552
0x63a620e898abfc66f2a48af6f8eb6ca433de7777	rejected	1790650820
0x63b316f5d8005781b9c666daa812d2e3dc577777	rejected	1790433443
0x63b5e4b2a9bf257c8ca3676e78233a84548b7777	rejected	1790650527
0x63b714927dd65d9c5ebaac1d934ccbe4d8cc7777	rejected	1790434702
0x63b832be88e17db8b0444f2beed21a692ced7777	rejected	1790431649
0x63b85093b64c436a6901ef77b547981a4b7a7777	rejected	1790433587
0x63ba5ea62a8719ddc72d875d0a6303969ba77777	rejected	1790668142
0x63bae598a13597874ff88e0a64687ae17e847777	rejected	1790667761
0x63c580e33c8a193651f9dc30afb882a85f237777	rejected	1790668022
0x63c8e64283cfd6013a4d209dafd2b76484297777	rejected	1790650290
0x63d9c7389d000234d51b79edc695f83caa8a7777	rejected	1790649939
0x63ddcb156990004d20bf2149adafe147c6ca7777	rejected	1790649970
0x63e43b074b3cde494c19caeab958352393617777	rejected	1790667767
0x63e629f4fd09cb1bcb2cd028f8045f4cc08d7777	rejected	1790433665
0x63f40d0d2933276b1ef72afe8c891240412e7777	rejected	1790650176
0x63f64608e375765e7e89fd7c51d6cd2a91357777	rejected	1790668086
0x64006145c801ad42c0d677924c69931f70c97777	rejected	1790433472
0x640a8b96d3e2c5059cd96ccc5ead07903a977777	rejected	1790668070
0x6411e2d8f72ec76e0c9259eb5b7acd846c797777	rejected	1790650086
0x64172f61d4dbf30734c72f9f1d0c858a4c247777	rejected	1790649645
0x6418c0dd099a9fda397c766304cdd918233e8847	rejected	1790434493
0x6421ea6a0fe153e8905f6933366cc9b860797777	rejected	1790667942
0x642241c733fa29689b96c3defb9d483dab487777	rejected	1790432702
0x6427d4593bd0abb416cd8f1e092212a03ffd7777	rejected	1790433553
0x642a57dd41ab98bc4bfcae833e3670f764b67777	rejected	1790649766
0x642b92c6ebf4ce4fb4a409ff925dd93fe95c7777	rejected	1790650257
0x642f1955b9bc6f59ea0cd7318c93dec878be7777	rejected	1790667920
0x644e689c3e9740357112bc048a00121244d47777	rejected	1790432990
0x6457c4b2ef6def48eb014b290207680c279616b5	rejected	1790434990
0x645c7e741b6193b5901515099895934ca9767777	rejected	1790668079
0x645e7771427d6febbfdc1eedeafcb6a00f017777	rejected	1790650226
0x645fedbd2ecfdd9cd07e709ca8071bfdc56d7777	rejected	1790649953
0x64789b9443f3a2e722bf8a3c5394c82db84d7777	rejected	1790434020
0x648af071eb37cd26cf4177ecb7191f335c317777	rejected	1790649898
0x649143dffc6c7773100e4a7b98f12607311e7777	rejected	1790650192
0x649e5f8af52ba8b4c3be2a2f90ee814740ce7777	rejected	1790432843
0x649f1f3ec9abdb1f405e4e15ae7b30eee2e67777	rejected	1790650693
0x64b20e6877c838fd7bf5ea52595a37c033517777	rejected	1790667739
0x64bd7e721d2882fc26aacca3be956a6e30ea7777	rejected	1790432688
0x64c59788170f53d714242cca559f7d7989e07777	rejected	1790668000
0x64dd779f396ce9bb24f7e9a73d6a5d6d5e6c7777	rejected	1790650355
0x650e16c395fa90c870c17f3f7709414c92697777	rejected	1790650345
0x650e350e5105afa7f73a34314b22ba4760057777	rejected	1790668101
0x65108a292197ec0557ddc2ee57621424c3f87777	rejected	1790434504
0x6511298dbe2090122f3e058a55a8ba1e155f7777	rejected	1790649865
0x651258c1026dbfddbe20c9db1501dd43ecbb7777	rejected	1790434397
0x6518b3dca96a72e8df4d2b5cc858baf82cd67777	rejected	1790433890
0x651936ca240c4c823d80572c9acf1d1b30637777	rejected	1790432699
0x651a48fda2a16f02b63dcca009752413ae267777	rejected	1790650724
0x6521fbb5817581111c327908c6fa200c73e87777	rejected	1790667958
0x652674970296a30932be846b0603355f29d4897d	rejected	1790649793
0x652cd865abdb28f1c18bbf52d9b9b79b55c47777	rejected	1790434816
0x653011463c90594a2509065595610eb77e047777	rejected	1790650769
0x65328a031994d2249ba95d17a2c3572fe9237777	rejected	1790650161
0x6532fbe707065d8d2f9758e2e2a8b0db8daa7777	rejected	1790667922
0x653789ab56a5429f35a77c5ae073be8cb4767777	rejected	1790667610
0x654c1850654151c2cfff71a9d0516509629c7777	rejected	1790650029
0x655a0cacde9d9197129e17ac9dbef77f9d367777	rejected	1790667605
0x655b668ce580f115f4a5901822d653aaefb27777	rejected	1790650201
0x655f31e1f148671b629af24558e742eb05a071b7	rejected	1790432966
0x655fe14cebe5aa3fa1199214a49a61a643e67777	rejected	1790433848
0x65667f272280c995a3fc2b38f7bd0fa090b57777	rejected	1790650700
0x65687a3cdd10fefb73d881edf81467bcdded7777	rejected	1790667605
0x656d68eafdb5d79aa6967fc7b82df258fbd47777	rejected	1790651052
0x657054552b7d96b7d15396df241699080c245fac	rejected	1790649955
0x65711ae5c064ab11f899614ced8187450dc07777	rejected	1790650341
0x6574b8ea986e0ec99c6a40b50d7fd2a838f17777	rejected	1790649884
0x657a38ce46a3a87712f5a722760a879d099f7777	rejected	1790649920
0x657bf207a72d9a23903c8f766d08af6a5f977777	rejected	1790668117
0x658c2423a53748137117a1777f5b8c3147867777	rejected	1790650245
0x658d85b4572123b4592f9edae7de0470318b7777	rejected	1790434578
0x6592a0b51df2e952ff926aaa1072bb4ec5317777	rejected	1790668021
0x659cf5866c17a9234bc261d57269961e43ad7777	rejected	1790434992
0x65a56131cd4641db0cb0dc45134334fd5bc07777	rejected	1790431606
0x65ac9117ae7232f83748ce5098bfe2d846ad7777	rejected	1790650305
0x65bfb9dea467680dc5950b3108b199634a4e7777	rejected	1790650578
0x65c36c8fe3cfb79b32729444ed04d71125287777	rejected	1790650032
0x65cc0133e2d186319e52ca1c483aa6a880ed7777	rejected	1790433133
0x65cda479ca2c225c6ef03f3f0d82a50369d47777	rejected	1790667911
0x65cffb50075072a54cb3ce1be685adb70069e860	rejected	1790650353
0x65d461ffa51e51fbcfc6a132790ba455a7cd7777	rejected	1790650565
0x65d7d2f12ee96944dc4c2ad55d78fb1a71a27777	rejected	1790650115
0x65dfbbe701c5a124fafa28ca4746e75e5dfb7777	rejected	1790649900
0x65e43aa579eb32bd7c25a59670a38388fd2c8c78	rejected	1790433495
0x65ef84f0c0935c800c0ad7878f3eee29e2e97777	rejected	1790668088
0x65f06835ff44264833743d31455d7be576b2fae1	rejected	1790432976
0x65f210a698219a66726380e4ab2daf047ee47777	rejected	1790649838
0x65f9de20a5d8d76ecf48fdf7e5e64187d7e40531	rejected	1790650013
0x65fa84417da271c03fa8b6af88a357e3ab7d6d2d	rejected	1790431388
0x660465fc9eabbb6297630d537828fe43cbec7777	rejected	1790650273
0x661b42b4424d2cabe497ab56f0825a5f293a7777	rejected	1790434358
0x6625ca5e1e4dbb6ad59dbc794d5d1ab5b8307777	rejected	1790433666
0x6626191c255465e0a761f6d3c761b0e7378c7777	rejected	1790433390
0x6626ef9869307ea1fbb562d10e36e1df69c17777	rejected	1790650903
0x662e4034ca23ab4820374d0555eaf7056f7c7777	rejected	1790433575
0x662eceb69e2303ebb28e26b5ff47a37f86997777	rejected	1790650805
0x663311cd624facd8ed55c36ab335eecc7b787777	rejected	1790869675
0x66375ba76d228d2f16f193ea38a05f2eabc17777	rejected	1790650419
0x6641f4f28dd7ec436fb7664390c0a7db5b0a7777	rejected	1790650795
0x66471e03f3b0c836c07e4d955e33e35667207777	rejected	1790650671
0x6649b58342861526954c2d98b47f150c45997777	rejected	1790431425
0x664ef631ccb73d26d0c8f32b2ab34da72ab27777	rejected	1790667906
0x6652594245e761e43d73149830f68f741ed27777	rejected	1790650410
0x66567856a7a75b19e28e15d1fb1ec211af7d7777	rejected	1790650416
0x6658979bf8f8e983ff8ee62ccb822756e8277777	rejected	1790667740
0x665ed67337d96a2f4ff9bf09f4131fca67227777	rejected	1790650852
0x6678687937ce9d336a23c202db813c5fc1547777	rejected	1790650839
0x667ce9baa90c0975e8923c4aae6de06fe3b07777	rejected	1790650260
0x667cedcf623067da4494ec1c74a4c365fc697777	rejected	1790433748
0x668727512f84dbcf0a289fa61005014bad5c7777	rejected	1790668066
0x668fda99ae53c7d13aad0d14f37f366130207777	rejected	1790650093
0x6692fd424761063f96bd13aeea7a37249e387777	rejected	1790650534
0x669c512a0d55a75a68786df61c092fe3a4ba7777	rejected	1790431511
0x669e8987e6f52de3e19221c8d8c79e90c42c7777	rejected	1790432755
0x66a16a1b5849e8ab4e6e08be2ee3c1b637957777	rejected	1790650024
0x66a2dcdef8b31dffd019cba83acd24b6f0c47777	rejected	1790649914
0x66a429beebedee903f624e0dc610cf932e627777	rejected	1790433722
0x66a47d901ef1a71f75132a8a855bf044d93a7777	rejected	1790649901
0x66a6a87e51091023c4c45051366ece909c007777	rejected	1790649761
0x66b20c6ce2dd3a55c7463b2b610e64fe92077777	rejected	1790433883
0x66b4eb783441e80eee6ecc0dfccf9bf107087777	rejected	1790667740
0x66bd64b3dfb5bfc8828f21c507f06c7303f77777	rejected	1790649935
0x66c23e9eb33967d336c44738ac30861d85387777	rejected	1790434599
0x66c456a8b0d3784bc7c86f0f08b13ac28b6c7777	rejected	1790650269
0x66c4c58d9c6c09ec9bcc0e5e2e269870f4897777	rejected	1790650650
0x66ce089721189feadea7f49f502d49b029827777	rejected	1790650272
0x66dad9ab549bb8b3717b5a65825ee920b34b7777	rejected	1790650896
0x66dcdbc6af7f34d5344be362683db9f671797777	rejected	1790649649
0x66e34039578e6ac5ed1174aa4aeeb40b12ea7777	rejected	1790650448
0x66e5de87aac4953aec58b826379650e40c147777	rejected	1790649899
0x66ed1ff07b3c215d33d8f3529a1e1d873ce57777	rejected	1790649830
0x66ee5de4d81402a7a66104ac3b2255e7610f7777	rejected	1790434805
0x66efbbe30dc1c7796606afffec489465df837777	rejected	1790667854
0x66f631fa5d5980568a0959b52223a5c8656c2e86	rejected	1790649743
0x67153e4beca4adffdad674daebdbce108d2b7777	rejected	1790650167
0x671ecbcb89ee3f85e2199294e723d309d98c4444	rejected	1790651017
0x6728ae1f9a66418ba0f6d6094e5fcf1b8f847777	rejected	1790650803
0x6734cfe53cb973ae34b323b73e29d3499b0b7777	rejected	1790667734
0x673541ef6ce030c49e9983ae49009ce8848375bf	rejected	1790650947
0x6735561d91088eba314734a727c74e3e814a7777	rejected	1790434351
0x673a4ccb8d39f59ab708f5c8de78218e15297777	rejected	1790433433
0x67436eaa0a866cc85cb6ce2b303a6bc444147777	rejected	1790650049
0x6746fd83aa695bdf530402a79fe26e8bf6e97777	rejected	1790650005
0x6752f031f6c0d3ea38e044caea337bfe5d567777	rejected	1790668322
0x675bbd2cd47cc2982c38b85ac276cd5473037777	rejected	1790667754
0x675c53a3d79c82f89a0d9636dbd2be15827b7777	rejected	1790431283
0x677c0050d7a658e5f51708bd12c5d7cc7bee7777	rejected	1790650327
0x678208a13afebbce525b8ef219fc53e1a30e7777	rejected	1790432504
0x67851374a93334a43c0de7b700e99f6db7087777	rejected	1790650766
0x6789d0fdd7e5f71bbefffda955328c2b29a97777	rejected	1790434011
0x678cb924057ef499018e32c5b3cddafe42007777	rejected	1790434508
0x6790e34a17d7c76d0563190b12710db2032a7777	rejected	1790667692
0x6795942579736c1fb4a6da4058e1be5ef318f379	rejected	1790667443
0x679ba5707d07f1fed84727f4a1990e1efda57777	rejected	1790434578
0x67a00be925abcf0e9be608e89fe75c4b1c2d7777	rejected	1790431622
0x67aadd59b6d262ea7b68c83523eab9586172a28a	rejected	1790649795
0x67abc8d3d7dd61c8bec8c7f51dd1772b8ff97777	rejected	1790650208
0x67b54ba775675161f0c4d121746c06fd1b4a7777	rejected	1790667738
0x67b85b6bedd3c7c7e01c95168583bd1078e47777	rejected	1790434026
0x67bd527fc5ee19d6a8afdd145b9c1a9ac471a829	rejected	1790434380
0x67beed1d6311180b260cf6403b87500206027777	rejected	1790650890
0x67c8d3803d33075c8fe4a0fb73680794df0a7777	rejected	1790433494
0x67d36dedc322b2cd770a617bf5b6b83246da7777	rejected	1790650879
0x67deb235899ca8f30d2e999813ce7a5e0a4a7777	rejected	1790649726
0x67e718f8a5aa19669fe8792bc995eaf6649e7777	rejected	1790650145
0x67ebdccd2d058b82a957749372e718d189337777	rejected	1790650522
0x6809a41c019cab30a74727c2158ed8af67c57777	rejected	1790434719
0x680ad143451578e5164e0928c4c695e10feb7777	rejected	1790434340
0x68108d2e837b617fb291b91634999a02b9977777	rejected	1790667699
0x68108deb39b96331ef73111173cb45c6e7057777	rejected	1790433707
0x6823d1ef5cb130bc4a1519363be115bd7cb57777	rejected	1790431614
0x68273a427b69b53c397a24003902eaaa24cc7777	rejected	1790667615
0x683396bcdabe65c8cf04b0b7501b392aff6d7777	rejected	1790650098
0x6838c5b54ce86793d2dbe023423e07fdd8c47777	rejected	1790433694
0x683cf0f9b1e1dcc4a2ab1db0e7eaf6b638d27777	rejected	1790667844
0x6846478d23e7f9b572b34a3ecf8b433b20e763f6	rejected	1790432753
0x684b5bb4f52bd6ac8455e3d2f11ef019d2477777	rejected	1790433571
0x684fc4744148d932317da7928e7c2b57b24a7777	rejected	1790667903
0x68547d543070d5980c52401110e0cf9c334e05f3	rejected	1790650889
0x685951a794202910eea88c466086f2c3b27a7777	rejected	1790667860
0x6863b3fd8caa85d6ca8f80bf10083a94de467777	rejected	1790869675
0x6869adec6436b64511e84ed0346238f61f1e7777	rejected	1790432836
0x686ae7c7aab7c32d2e26c07b5669052583487777	rejected	1790433735
0x687360ae76461a2ac41faa7a2af93d13824d7777	rejected	1790431407
0x6876358784cbbc6e96970b9aa63ab6b5dc7d7777	rejected	1790650176
0x6877019199e5f71f4d39ed72bf06c2f714937777	rejected	1790650409
0x687d816ef79fbe833818e671718fe1f067de7777	rejected	1790650571
0x68803f4a7c133f6a1463ddbd2bed129c6fee4444	rejected	1790651661
0x688730e71c923c42467133397be8e9d33fd97777	rejected	1790650385
0x6887d3be2be94a4abcdb514262da1a0560fb7777	rejected	1790869675
0x6887d3d347534c350968233760e29f764a8ba22c	rejected	1790434396
0x689115d1cce330077d3e62ddbfbed435dd3c7777	rejected	1790432483
0x6894cde390a3f51155ea41ed24a33a4827d3063d	rejected	1790434693
0x6897c8519eeed5ec28386d06f93a49c8d8787777	rejected	1790650697
0x689a98531d2be974422a4db74d1ee0f4f6157777	rejected	1790433710
0x689ade4e0202a4023c1fd2ecac81eea92b887777	rejected	1790433647
0x689b3de80d1bbc8216e776a420d3099f53ba7777	rejected	1790650547
0x68a2e8718338af0414134a8080089c9d93e47777	rejected	1790649991
0x68af42933d20da9570c17c5cc49ac151d1e77777	rejected	1790649755
0x68b1cdaa6130ec53c0bd33967fa8bedc27ea7777	rejected	1790650402
0x68c33e4042a7112c6f516fd56b0d77365b3c7777	rejected	1790432989
0x68c5448ca2690f07ef730780c6eb340a42e27777	rejected	1790668338
0x68c7214321ba6010eb6a118727ece12cade87777	rejected	1790650411
0x68cac692146e4f2d6bd5a5d867ed8d8878ef7777	rejected	1790433732
0x68d24997db1445939b33026ad7d6d2fc5d9c7777	rejected	1790650876
0x68d33184164eba61debb86a3e7ff3faeb0fb7777	rejected	1790668251
0x68d54d1a6c96cae7870afa6c2016a12b1a327777	rejected	1790434590
0x68d5663cb7f62fe6dc0cf63a3232e9e687c77777	rejected	1790650430
0x68d6d6a884b2586c07516d6b896cf02066a17777	rejected	1790651079
0x68ec0ceeaa8b7d85bba1655fc1f03aa545197777	rejected	1790433617
0x68ed1860cb3cc6beb6becdc2da9de2a00adc7777	rejected	1790432489
0x68f3a7d85aac3ab20b7838751e7c28f7391a7777	rejected	1790650916
0x68f3f4b494e348dd50d95033bf31b616e7707777	rejected	1790650708
0x68fac0dd8b8aed5c26068c28361eb0d0be597777	rejected	1790650793
0x68fdb29e7a0669de74153cc8c9820ac820237999	rejected	1790434333
0x68feee73f5b29863a29ed7204d0559e63a4b7777	rejected	1790667867
0x6907a5986c4950bdaf2f81828ec0737ce787519f	rejected	1790434207
0x690d4762a07cf14a5be424db5808736a22877777	rejected	1790649898
0x69115bee324d1bb4d2fa62848f648ccb3eaa7777	rejected	1790650197
0x6912d75996046afc95871fb18df127c082757777	rejected	1790649801
0x6913ffcb5062a2b5ca8418665e169974305d7777	rejected	1790431511
0x691753b2e884f683e4c7219de488d2ca95887777	rejected	1790649928
0x691fd8f50e8331fa34ec30b062369bbe0d1f7777	rejected	1790650667
0x6924043f12513c3abc4ae8c398a022ecb0297777	rejected	1790650050
0x6926b32cd638c8d73f77c3664d9ffd1cd17c8888	rejected	1790649835
0x692a34ea852fe08fe2a01e064cc8525bd4897777	rejected	1790650031
0x69321cbcbf1f007d3d71a0a12e0e83c3524d7777	rejected	1790667695
0x693952159833d8a5e30427393dccb9a26caa7777	rejected	1790651091
0x6941d06ede90820af3da7152fc6fe602ead67777	rejected	1790433926
0x69507aba0d45f605968a3d20236bb0b5dbe87777	rejected	1790649963
0x69556c0b5ffd3bdd0173322dc6637c9409287777	rejected	1790649758
0x6955d45c977d5ce9681b9fc71e18c4841e2b7777	rejected	1790650137
0x69639191642e2a07a0505552175de44b5ffe7777	rejected	1790432486
0x6965f9388fcf1fb3e599affa053db162ad3f7777	rejected	1790667857
0x696b79b54aaa8902856e538743d9049ff4c17777	rejected	1790432726
0x6996846f0e0dc61f90acc52d1390a77971847777	rejected	1790650588
0x699a51f1cb8b634809e4da2f2ea0692f5aa23a16	rejected	1790434700
0x69d5e86a12a286240d934a60e91c4a2aa36c7777	rejected	1790432421
0x69dda91fe4c780e7ea9cdae66a352be463de7777	rejected	1790668339
0x69e380eba0471d69cf6e9eb7788b570f3a577777	rejected	1790650908
0x69eb09776d3fa16438d185672e827eb5447e7777	rejected	1790431521
0x69edddbf7b635adb8a1c19fe00cb7a0a07167777	rejected	1790668163
0x69f2f9500fd2b85a403d07a5ce9e637216387777	rejected	1790432697
0x6a1686e9e6cfccf452f148fcb88681329cd27777	rejected	1790432507
0x6a19e4dd4d23bad0e3a90ead62a2b876ee397777	rejected	1790650133
0x6a216cffabfc2bf37471195b1daa564f6a027777	rejected	1790432507
0x6a23172976c8f89220b9bdfdae41c44e561a7777	rejected	1790650845
0x6a23bb216935af550cc56e8d8659decc60a97777	rejected	1790431412
0x6a24531d200bd56b942d7a390d67ccb971d17777	rejected	1790650144
0x6a2608dabe09bc1128eec7275b92dfb939d5db3f	rejected	1790433656
0x6a273b095c7709df5f73d87a61a2f93140d47777	rejected	1790650841
0x6a27b049b41e24b120cb2a60590d3b200f76951c	rejected	1790434698
0x6a28018bfa26ccc044fe253a2aca323cf4e37777	rejected	1790433530
0x6a2c6443abab6aa542994e412b8c4f3d6f107777	rejected	1790650303
0x6a310972c33c479d740bdf37e8a8d9f0220b7777	rejected	1790431651
0x6a33954ab0007764bd1861d3b9e218abc53f7777	rejected	1790667706
0x6a3cc8ddb1713008ffede8627c9ce963d6d77777	rejected	1790650396
0x6a3dfe94636db6a1d5c5e891e7244df863f77777	rejected	1790650691
0x6a40b99c0c215676bf889c6fc8b1039ccb7c7777	rejected	1790651030
0x6a447faf7d534aa46321ccd77aca6f0043207777	rejected	1790651041
0x6a47b676c3024ec048104c16f16d876511d80ac3	rejected	1790433436
0x6a65557f0a5622c5e473ebf05befb8d98f347777	rejected	1790667717
0x6a6a4f29062cfe5bb53167aeddf39ec77ff77777	rejected	1790650670
0x6a6f3c76929b84ebd6397601538c66f248f07777	rejected	1790650771
0x6a8088791d145bd096ca69a64b9bc7a9c5bd7777	rejected	1790650550
0x6a82523a78037580a87ae85e2741ce8aa11c7777	rejected	1790433478
0x6a89965fd15cb636b934e789889258a91d367777	rejected	1790667885
0x6a92004cf6639bcaca3577847bd87d7febe37777	rejected	1790433468
0x6a956625d969486e3784df82ef4a6f354d797777	rejected	1790667437
0x6a963cf817c6fbf8abb819db0cb2b41c83f67777	rejected	1790432725
0x6a994623abdc2653559bb02138db452f79fe7777	rejected	1790431272
0x6a99ef52b91e99547ad390ae027acde9e2a67777	rejected	1790650672
0x6a9f5b2092a454b48b6a759b0f0665c3a5857777	rejected	1790432486
0x6aa187c2ea8a39e079bcff25cb5f557c8e197777	rejected	1790650494
0x6aafedd4f4520627c11183f080cdb3f736b37777	rejected	1790432870
0x6abf419263e0372adaba44cde351630d678a7777	rejected	1790432511
0x6ac0908d6696c729af26250bfbaa7cce24947777	rejected	1790650728
0x6ac34a5f9ec704e08463c9b976bd27a530a17777	rejected	1790650782
0x6ac8f9f2802cdec6fcc3dfc53167647a67d37777	rejected	1790431643
0x6ae801bf6502dca774082eb61b7cff8463947777	rejected	1790650772
0x6aee9b927e23b4965dfa4090b1d058a8d4c67777	rejected	1790433656
0x6aef0dab455b0586b524c45143bd0039f9f27777	rejected	1790650246
0x6af7b391ecf84bf7efffd3e14f90bb390b5b7777	rejected	1790667605
0x6afa887629b8b1a10a8ce3986d4e8b1bf13e7777	rejected	1790432836
0x6afe1625b389bc0a64748e03b7a3aac3767d7777	rejected	1790649784
0x6b0e81f361fc7866db451dcd39f41fbb35307777	rejected	1790667591
0x6b1a53cd79a514921505a05d5fb9c69bf71f7777	rejected	1790651098
0x6b1b492837aa70fa10224ac60dbf61b342107777	rejected	1790650285
0x6b1c0ce746f18f8aae14f7b681120ae307d97777	rejected	1790869675
0x6b1f746433ba2f1c8fcd8f2f698be9e78a0d7777	rejected	1790650286
0x6b2a0893e547bcffb6f7bde02f3830d93b6c7777	rejected	1790650249
0x6b39fcb712cb7c388fca97ea3a95e668e2417777	rejected	1790650456
0x6b3ddd18cd72f56f37ef3c24942fa6db64627777	rejected	1790667908
0x6b441fb4265bca400c800b86cda121a858857777	rejected	1790433456
0x6b453ac925319c90300a30aa6dfbb56291ea7777	rejected	1790650536
0x6b465aec50c65a86c129f197c1c64b80dd4f7777	rejected	1790650913
0x6b515be16ea20221b91c34f455eecb5ba271865f	rejected	1790667756
0x6b579ddc9ccb3f2f707ce09bf3603398790c7777	rejected	1790667718
0x6b5ccfa67bea751367ac60be0abb279af40c7777	rejected	1790431639
0x6b6e4444caf039eb161a38fb754d6d9846227777	rejected	1790433575
0x6b78f53bfd759df9355a95b2478f6cf205a07777	rejected	1790649653
0x6b8948cbfaf52804401ffe708f0ec2169e137777	rejected	1790649849
0x6b8ccaf98c3f1cecc6e6abbcc67656813d7c7777	rejected	1790432701
0x6b9339f6307a0565b14c60f583afd00d31247777	rejected	1790650672
0x6b9e402ab7c8d4f73d12c276e52d1eeeb57be6aa	rejected	1790432608
0x6ba3aeca06824307c430b3320fd897cdafdf7777	rejected	1790650462
0x6ba6d2131f860d37de5791a2005bf5b9921a7777	rejected	1790433567
0x6ba74fef61bb1a117dd6c9c9e00a8648a3ec7777	rejected	1790667730
0x6baf3cd9040a1cae8cf9fd83e6e9664e8e937777	rejected	1790649964
0x6bb272f2fb7b3f08fcc69a31980294fe59307777	rejected	1790650436
0x6bb4df8a1cc449c18036529b3a2d6f88a4df7777	rejected	1790433690
0x6bb766c4c9b9ccf907b0b458c595b20235d29ac0	rejected	1790432868
0x6bbfd3929a0d4100e5ea28e87723510810d87777	rejected	1790650936
0x6bc2b49419fee26055201eb9009631312d637777	rejected	1790649925
0x6bcaaee4131a550412103dc1cf814bc167cf7777	rejected	1790650868
0x6bcdc57ff509918a88f5b6b1dc076a27d3357777	rejected	1790667763
0x6bdcce4a559076e37755a78ce0c06214e59e4444	rejected	1790434499
0x6be57c83cf6028e3856f403a348fe87a9f367777	rejected	1790650833
0x6be69bfd0ca7dfca7fd98eaa392dadc1aa477777	rejected	1790432506
0x6bed44862899bb7d6a9e9d3cdb91834d4d687777	rejected	1790432504
0x6beed862591bde317dba8bf675ffb4fcd5a57777	rejected	1790433695
0x6bef4fe52ee34321fb9bc0a500c5e687f6d77777	rejected	1790668330
0x6bf7966d6d23ac045c6dac84033d12ec5be27777	rejected	1790650394
0x6bf8562b96406c96c03c5ae6dca94176d5ab7777	rejected	1790649893
0x6bff476166d1db8d20c9bc5d8f86397f33747777	rejected	1790649945
0x6c0d72b92b6ef048935c2675b4e95a14f7317777	rejected	1790431283
0x6c17a57523d65cf341c6d4ff018e17aaafe77777	rejected	1790433858
0x6c20c3654d912977c835869fa791f716770a7777	rejected	1790649883
0x6c25b5786fd39d398ae32f01bf2eb0114d9f7777	rejected	1790433418
0x6c329a420a7702fdc0203630ee69299a118b7777	rejected	1790650835
0x6c3482e2f9160a32c1e2f215428fd91d6d4e7777	rejected	1790668248
0x6c37aa8b0128248e3440c03115ae01a7512c7777	rejected	1790667729
0x6c399cb98f551a621c062a384c7bc4b4e7657777	rejected	1790668101
0x6c453c0871b299aca912eef46a077a7354dc7777	rejected	1790650513
0x6c55e1e6ad04b1c11797bfe5216ec9545a337777	rejected	1790650449
0x6c5c5dac597488cd863c824a34c334fbc6a27777	rejected	1790650286
0x6c633d4385e35a26ad399f7fcc4d965081eb7777	rejected	1790432173
0x6c6802712d87c74ffacffd4be1eb2ce1e7807777	rejected	1790668038
0x6c681565d88a62e1c639d1a0cc356176f4a67777	rejected	1790668019
0x6c684d1e80f868b985985140af50887a2e647777	rejected	1790434808
0x6c69e0310cbfbbce177410af9671bcbb4f9e7777	rejected	1790431394
0x6c6d3d4afc6de280c4c87ba3a05d17f4c47e7777	rejected	1790433847
0x6c6e744491138cd36b671a452035e360aac4ebeb	rejected	1790434384
0x6c7a387f8b364de9de5b43d769e74332ad287777	rejected	1790433683
0x6c7c3cde2d8762ed1c147e0024475624cdb53737	rejected	1790434813
0x6c7e17b1bc916c15c1e384622b83226568867777	rejected	1790434035
0x6c7e67f4756c37b1284379dcaf574fb43d437777	rejected	1790650069
0x6c7f58fa4f25ac8e7b5d14a17a36f0c6c4277777	rejected	1790650523
0x6c8b687771605250093d821553e82d978a507777	rejected	1790650026
0x6c9ddd5db6d5b097b881c4164a61a7ad2add7777	rejected	1790667744
0x6c9fb876f7097b2fdcae85c3e6a48573cd437777	rejected	1790431511
0x6ca24fe1a5fd8ff04eeea1969ea608d21e3a7777	rejected	1790432684
0x6ca3baba2bda1fa7e15ea82725643dc6fbb87777	rejected	1790667713
0x6ca91e076af03ea5fd709083ced131f5326e7777	rejected	1790668064
0x6cab2f6c36dbb41a69e253094747055d78367777	rejected	1790650119
0x6cb174e1b8ad15f0f5d597bf0ab5bf91c5257777	rejected	1790433484
0x6cbf4b3e09c5d5162071e8c8aa55b4cc9c497777	rejected	1790650749
0x6cc2ca03b101d6de8b803591b7931c19d5b67777	rejected	1790434036
0x6cceb004eecbe26ff204668106ef9c8e46927777	rejected	1790649967
0x6ccf9b9655265d1a75febac962a5f0e5d7067777	rejected	1790650653
0x6cdf76693ff36fdf07a2ce0b5f758d0ec4ff7777	rejected	1790650080
0x6ce19388e3db49d3f0c04aeefb0d1eaa66f57777	rejected	1790667951
0x6cea89b54b34547cc4b2b52dda66842c60737777	rejected	1790650212
0x6cf2a98ad222b1fbaf2f8a43409324a5343f7777	rejected	1790667925
0x6cf3413183e9a2f29c2d7ea307e0d1d288fc7777	rejected	1790650035
0x6cf3cd58d0bd85e83e7fe0a0c08459cd82d47777	rejected	1790650071
0x6cf47399a6f33bebe34aa0ee332d920983127777	rejected	1790649968
0x6cf9a6fd0ec16e2eb53295ecb165b9d345ff7777	rejected	1790650394
0x6cfb2d8f472e755c68feac9d5b75708af6757777	rejected	1790432164
0x6cfffa5bfd4277a04d83307feedfe2d18d944dd2	rejected	1790434194
0x6d03b73330ad85a5f4ca6789d41ff9676e6a7777	rejected	1790667899
0x6d06e6ce8712f4fe4662ed0ad8d036b446c37777	rejected	1790433441
0x6d0c4824465b41367484b3b520d48d14041f7777	rejected	1790650194
0x6d169bde6a9a25acbd50c5a16639e63bbf917777	rejected	1790650657
0x6d1b65a34d712eff05fb12a1001dd23986417777	rejected	1790432872
0x6d30001468dad10426f898cc5d6920635d8e7777	rejected	1790668003
0x6d3811e3b8d5404c74a85e0c2c4feeb2e1ce7777	rejected	1790668156
0x6d3d4c3ef321577bdcc1fd898a505a9f9a117777	rejected	1790667969
0x6d41efb8a1048e94bdbaad830e6eed7e09797777	rejected	1790432998
0x6d445a734454a8707a7248a0068c95c600557777	rejected	1790650371
0x6d46a6e6770eadd0147c9a1af54a471b0a277777	rejected	1790668244
0x6d4ed9c284124575d955ec62b1a78b7aec967777	rejected	1790650000
0x6d50d0f68bdd54497c107b16fa6d1754cb987777	rejected	1790433926
0x6d54f0aea4777de067cb9b2b85912d237e847777	rejected	1790650024
0x6d58b3da9500332cc99cceaa14fe6fabd5e47777	rejected	1790433598
0x6d59571047a7b764396d025bff52f1c8ea307777	rejected	1790432175
0x6d5ad1592ed9d6d1df9b93c793ab759573ed6714	rejected	1790432965
0x6d61fa142459827afb90fd840b0e23e8bdbb7777	rejected	1790432981
0x6d6289600e3859641524b56728da7cdb0a967777	rejected	1790649790
0x6d63eca14107f2dff81dbe52a49d6836b2517777	rejected	1790650666
0x6d646339bd01ef7e3bbbfa7077d6d280be9c7777	rejected	1790668114
0x6d6a207a3b807220360fd5687ea4c35bf26f7777	rejected	1790650084
0x6d70b265140a9a2ffaea13b9b6782cb886396666	rejected	1790650769
0x6d729e6eb6419b47019b0ad24a7c970dd4407777	rejected	1790649934
0x6d75118382e917c1f8118bcc630df6a3a1b5ffff	rejected	1790434616
0x6d761a4b1ad30785d28f606f0800b6f9d06c7777	rejected	1790434361
0x6d7ad98f2c4b19e98b4f4ff7952d47317c8a7777	rejected	1790651035
0x6d7c41d0c5277e4b3e52c04d1c057ee8c89a7777	rejected	1790431400
0x6d82a0646a8e2fe0829434b89b1a3237c0997777	rejected	1790433647
0x6d8d945ed468571f04ef8b1ee874c44030577777	rejected	1790650805
0x6d8e8ff4cf76e099cacbbdc36567c049df0a7777	rejected	1790650138
0x6d97282c3f8fd8ab8021f278ad10581ab6b550e5	rejected	1790667360
0x6d9fc63125141cd7d5060626b4b1832cd48c7777	rejected	1790650177
0x6da1cfaf33ffa5aae6e4df56bd4ab662ebd57777	rejected	1790650097
0x6da6b5166cf7e7ce3a83c4e2f05c88b4b0ae7777	rejected	1790431406
0x6dab71c26e359cef2011d8649066618ff69d7777	rejected	1790433676
0x6daeaba1484c87643136f0667a35933c7e407777	rejected	1790433616
0x6db2cc854852361ad839c631f8b20f0faacb7777	rejected	1790650189
0x6dc2e270ebcc6d4b116dd479e2eccc40538b7777	rejected	1790651102
0x6dc6db4bbea5481bd2f39842c283f3e3feff37ac	rejected	1790433866
0x6dc71b4029850fa225bed20c91e37f0d06a57777	rejected	1790431423
0x6dc9c2434e8a34d936399ed5972b6502a1457777	rejected	1790650199
0x6dc9d064cb13200734470fa48a10f72156077777	rejected	1790431606
0x6dd2448ff9b258675027b40c7c86ea24cdf57777	rejected	1790667967
0x6ddb7a6639f9326aa5c3863ba24cf0fc66f77777	rejected	1790650081
0x6ddff508bcbd299baa0f985103bb10b690197777	rejected	1790667965
0x6de4ffdc294d4842e7d1513008634d81fdbb7777	rejected	1790650112
0x6de7a0aec9da68c1312c518cf91d6034590b7777	rejected	1790650038
0x6df055fb6c1cb3431b44c2898a40d834a1797777	rejected	1790650147
0x6e01547592b2bad18018233170d60f6281fe7777	rejected	1790433596
0x6e0687c04d636c2a791c3737807a66ea27cb7777	rejected	1790434481
0x6e0cbce17624bc7fa98f0de3c197bc92c0a97777	rejected	1790432173
0x6e13b80cddd1cf251c5ccc158ce3d83ddd7f7777	rejected	1790650689
0x6e198bae42dd8bd2e1115d94f24b2b9bad777777	rejected	1790433542
0x6e1bf20b0103dec8c7aa7a40c065c2807cbfc325	rejected	1790650719
0x6e212d355ce5aeaa7124402055f7ee3d8ada7777	rejected	1790650405
0x6e23239d0b0972b2970d89d3003e395c7c7f5811	rejected	1790650137
0x6e238def39bbd57835a0498239188842b9cb7777	rejected	1790432995
0x6e25707d370a76b696c7e82c0370ee285ccf7777	rejected	1790650810
0x6e2ef27d577dabe91795710723c8407a9caa7777	rejected	1790650422
0x6e3109c1fe9395c2ae17a7abbb24967d9f7d7777	rejected	1790649736
0x6e31b599f6361dbe7c4fc22b302278decfd77777	rejected	1790433683
0x6e3d9d7a0d05bf6a3432bbb4b37a33c6ecd7d08a	rejected	1790649843
0x6e405930bcfc1a30b155c9fea45dc72badcf7777	rejected	1790668174
0x6e4872d90c6d9cb7495fd2932b1210bd67b47777	rejected	1790433722
0x6e54ae73efcacb0f2467a5414586d37dec807777	rejected	1790650044
0x6e556028e290a9a9dddc27098af967f56c747777	rejected	1790432837
0x6e63ace6a6aade7d4ec5301f82fda99582097777	rejected	1790432825
0x6e70a4ec524f4f166478d0ed078ea03ad7117777	rejected	1790650375
0x6e7a7971986d56151c0baf388abbab2e7b0a7777	rejected	1790434792
0x6e81c9e151991f1bab66a401b54ce7fc41b07777	rejected	1790433925
0x6e8423966a8ff4896df36151c6a668ea9f207777	rejected	1790432831
0x6e84afa3770f89120062088b14881853d4747777	rejected	1790650068
0x6e8eb9981189445fcc25c51df7cb6cfa22e27777	rejected	1790668094
0x6e8ff8f002ada96b2e3e17cc9d518636e9c97777	rejected	1790652075
0x6e963e18d6d9171f41e5208b2e46e087deed7777	rejected	1790431622
0x6e976897cef4c9f0f534f8cedb70ec3318f77777	rejected	1790434380
0x6e98e920baec1a5a91af467d0f61ff79848f7777	rejected	1790650236
0x6ea8e19febdd516ef8b573e7c5d5c18df4527777	rejected	1790650805
0x6eaf523dd746ba436bb7b42145f9790199e07777	rejected	1790650297
0x6eb1825d1f45cf0fe4c82fc82d62c1e03fd37777	rejected	1790667946
0x6eb182de5989dd657d7fa93f44e5df5a74cc7777	rejected	1790433548
0x6eb1ea0dcf0e2ae1a8bf1c8eb3869d0faa867777	rejected	1790434479
0x6eb8c75f7f9eb8fffbdd96aa51c2e40fa7427777	rejected	1790650732
0x6ebf84d674edf550a287f5a2ae71ed5db2497777	rejected	1790433596
0x6ec5bbd6be1dbb3399d7c6b3b738d6c777387777	rejected	1790431281
0x6ece42cca1617663c9069d2e1589bb79b3357777	rejected	1790431403
0x6ed71eb098835b66bfe0caaa16eaa3d20ff87777	rejected	1790431644
0x6ed8048cfca8d01e52219f0cbaa2672b48407777	rejected	1790650388
0x6ed80a745fa1b7b8de4e878cfa8945c26c5e7777	rejected	1790668168
0x6eda5c557f4cfaf140d3bb57d676e4d251a77777	rejected	1790650834
0x6edc4c0c7d9e48cea9468dde630c3adbdbaa7777	rejected	1790667964
0x6ede67fcaf05ed3565a29e60dc8706054ab97777	rejected	1790650061
0x6ee89385eb1944ae0da385ad6cfd60be81c67777	rejected	1790433666
0x6eea9c1f18fbc1e613adb6dcba9050394aa37777	rejected	1790432716
0x6eedb3bb7820801cc126e6ef5372568c62107777	rejected	1790869675
0x6ef7a6c80f1d05dd0aded5294ecc2ca195fc7777	rejected	1790650088
0x6efc383cc83d89180dadcdd70573be8767e69f58	rejected	1790649822
0x6efc9574ba5d03a22d35ad9bb682f0d643de7777	rejected	1790433437
0x6f0563d06291510245fdd35ff1565ac5a23f7777	rejected	1790432979
0x6f06dd59f6b467cd25370b8b64a41ae1099a7777	rejected	1790432499
0x6f07653195105e0e73d10e9894c0e1fb07d87777	rejected	1790432164
0x6f186f09723b12d8b2d91d662fc9fd7908997777	rejected	1790431446
0x6f1e9d6cc13e03b93474d77e73af6f506f07b7e5	rejected	1790650447
0x6f27374e6d9032a92c9222e11a6ff6499ec77777	rejected	1790432722
0x6f27f422c1c4b6bf33cfd66a7423cad871617777	rejected	1790432948
0x6f2ad3f2886b6cf0819400a6f8fefda99b5b7777	rejected	1790433706
0x6f33e91b578856ddcee58d0a7926a01d5ae77777	rejected	1790650888
0x6f404bb78d57debd18737f77e177533d7ec97777	rejected	1790431420
0x6f439c4c898187d98be5d228de4326c3830b7777	rejected	1790649994
0x6f44a71243c7d5c5091d594d73b63eb2a4e37777	rejected	1790432482
0x6f4f9682bccf5af55f81e8cf56abe037e4697777	rejected	1790649915
0x6f4fba7ee621fe23b1f60da3c3f11f6c4eb97777	rejected	1790649747
0x6f5797993438e35c346562c9abd3cb4e8d8f7777	rejected	1790433528
0x6f59318e38f26c194e3c4a820e701d04f3d97777	rejected	1790667514
0x6f5cc1ae1db4375c8ede1304ce9ed2f5b93b7777	rejected	1790650909
0x6f5de435af92429826c775cb88afd986d6937777	rejected	1790650285
0x6f6f17dedcbfc91dc6a17fc16e336a3b77637777	rejected	1790649962
0x6f72a0e5fbe91b111f8f6fea6097efd209087777	rejected	1790650387
0x6f72ae16de2601968ad3ca7656a38aa0e12c7777	rejected	1790433873
0x6f73a8830a1a6cab115a0d001acaa5b44525250c	rejected	1790434355
0x6f7736f925d3d77a855164cf4295b69493c57777	rejected	1790650130
0x6f80fa085362bb80c8479acb1608a4a0ae897777	rejected	1790667705
0x6f8ad4514c6a52f0d8530ddddea9b910184b7777	rejected	1790650538
0x6f93818603035e931df6bcf3556fb14fe0077777	rejected	1790434492
0x6f97581751182658c55d4e8bbbd3d288a3417777	rejected	1790649762
0x6f97cbe427082ead49b1a4ed30cd3e0129c37777	rejected	1790650138
0x6f9bd1da915b35ed512ee78fe4e866e4ca427777	rejected	1790650669
0x6f9d2bfc791cbafee20ff7f118823834ad667777	rejected	1790650812
0x6f9e3ea458d6b217e07af115cf26ca19703f7777	rejected	1790668079
0x6fa3f21271a3dea0fa21b8669fe5fa3919987777	rejected	1790434005
0x6fa45cb0c415b23b1e7ad8aaefa1b9225c9a7777	rejected	1790651959
0x6fa550a65e01f7d545c9cc051278ebc44a8f7777	rejected	1790650310
0x6fb94a9bbfbccebde652e14354cf37a2034f7777	rejected	1790434984
0x6fbd8e2b687ad1696b4e979efae4cf095a357777	rejected	1790650045
0x6fbf2ede1c8833a7fa0785149bca11f24eec7777	rejected	1790650812
0x6fc0264c47cc0668c1a2c8a0a26af65d00747777	rejected	1790667965
0x6fca0f47695b41cabb3b262ad5468d7c37217777	rejected	1790649983
0x6fcb968f85ad184a54f0432bf679e76a1e0f7777	rejected	1790650158
0x6fdc96bd61f9d9882d2a2799bd4d03263e097777	rejected	1790433466
0x6fdd117a857bbf842e8212a77a221fc626837777	rejected	1790667846
0x6fde4f42759931f956afa760c46a400534137777	rejected	1790433616
0x6fe566bd597c836898a51231f2721c8f0f3a7777	rejected	1790432724
0x6fedd382564208c3461ae92b0a19b53b2cc27777	rejected	1790668163
0x6ff17cb9fa20912737200b52173a4a230d897777	rejected	1790650943
0x6ff45323817d1d53bbb8a8dfba9245ae74057777	rejected	1790433542
0x6ffc975ce514fc611a2a398231f9a32cafde7777	rejected	1790432494
0x7007f6442822c9861168353f78798ea0436863fe	rejected	1790432946
0x700d4d79de64a0a902f2a297eb0f8094d2597777	rejected	1790650024
0x700e7b0fe2ec1e9909b6c3cf35862f0bc7851605	rejected	1790650725
0x70160a251d0f88f775072c6344f4cf54db707777	rejected	1790650453
0x701f1d8c256738763e9bad4a04d2616f25007777	rejected	1790651021
0x702567979835362ab1aaffff9ac69881f7e27777	rejected	1790649749
0x702afd71ff71a7309abbcd080e6ba85d706f7777	rejected	1790434788
0x7034e08f5fd483ec8800c4151a0ecebffa027777	rejected	1790650518
0x7039d73d96ffa50436d64a156c8fc19d80e17777	rejected	1790433544
0x703b7125766e07c52e5d3653cc24c22484b77777	rejected	1790433534
0x7040966d522a345bbf3279b433ff744648e57777	rejected	1790667941
0x704da95ccebe83544973f7b2703ed80529e57777	rejected	1790650073
0x7050eb38e2bf81676fe16c43c679842a830e7777	rejected	1790651034
0x70540190a821bf2ce9439fd0d15b451374877777	rejected	1790431650
0x705669a83db43d169a430d01d90a0b349a767777	rejected	1790650654
0x7058d8d54a970ec43f8bc5c499a74b53f47bf1a3	rejected	1790432867
0x706029e557d22bc7f41be14a77c83b0748a07777	rejected	1790668048
0x70606385b459f8285f4707f1264186b1a3467777	rejected	1790650532
0x7066c3ca905f60f0e32408c9cfd728d45d277777	rejected	1790433838
0x706fd3e00de2a9a4bdd9cc45cdfd6481d4e17777	rejected	1790667353
0x70734117291c8ba59eaeab4353514957c3c87777	rejected	1790650569
0x7083609fce4d1d8dc0c979aab8c869ea2c873402	rejected	1790433862
0x708a371150d992b335b27c52433fb0501a6f7777	rejected	1790667611
0x708c0c00239f790c4e234cbd99820e51a9527777	rejected	1790433720
0x708d8a2b8e11203b1b62556ab6dd0815ea8b7777	rejected	1790650213
0x7092e86ae5d1d68312e20e9c89b4ee08fb2e7777	rejected	1790649785
0x70953fdf2bd7d5f678d8ddc3dda713dc4cc37777	rejected	1790650844
0x70967afb116f6e458e3633f872e3145097297777	rejected	1790668063
0x70a04d2b7eaa4ec9def1b1c85608520e29617777	rejected	1790651070
0x70b3843cbabc265c2ba7233acbc13fff14c27777	rejected	1790649787
0x70b70797bdec4d84dd06a7e60c0f184b82b17777	rejected	1790432878
0x70b7559ce678a8e5fb8d16b6dd62dde30fcb7777	rejected	1790650520
0x70b77cbe5b62836297620dd0ee05688b81df7777	rejected	1790667702
0x70b99b468512d0fc2171d8f6604992aa6f3e7777	rejected	1790650108
0x70bdf8743e6df3aeda027ff2cdf084f48d737777	rejected	1790650421
0x70cd295b647a9a8311ca4877a0d82590e0f222d2	rejected	1790434606
0x70ea50114a3fa03cec1e87656df63c957de77777	rejected	1790650400
0x70f29865f0239558c51ed67679cd4ddceb0fb95f	rejected	1790649746
0x70f6875c94659786b204363289c6a4c850ec7777	rejected	1790650791
0x7102e3ed3e2c4474db656aa22ca5992661a17777	rejected	1790433635
0x7107c53f65b570c2ffb377a0e113ccf4b6ca7777	rejected	1790650342
0x710dbbb7a31166b6da580b621b8ed186b4157777	rejected	1790431630
0x710f454b57b27c85051d4b88ca96e14902d07777	rejected	1790432855
0x710f94730ca5d41df67352ddd94bd9b9ce8b7777	rejected	1790432829
0x711cc94626968a3a5fd4129cfeede406ed867777	rejected	1790650693
0x711e04b33ebbf9342806c01a91d1f0b4f5964374	rejected	1790434826
0x7125488618881db8508aebc56332252e80f07777	rejected	1790650853
0x712b2c88d458e7a0b0e56ee177fc29cae0477777	rejected	1790649788
0x712dea3a7a02f7163861d0cd22eee5e7041e7777	rejected	1790650939
0x7130d2a12b9bcbfae4f2634d864a1ee1ce3ead9c	rejected	1790433921
0x71335b07aaf3983f42ba63b946b6e66c57257777	rejected	1790432995
0x713d9939e430e9521cad574b69e24f10839b7777	rejected	1790433637
0x7140e9197c95fc2384bc7c805c1947452fff7777	rejected	1790668246
0x714bd13cbc6ba0c732378487bc2bfc0f0c3f7777	rejected	1790432738
0x715e0e2ee6217bfd4b67c2185dd43af13a537777	rejected	1790667708
0x715f4937a5120ac28e495095a96ea60db6667777	rejected	1790432503
0x7162fa0830810b1e49263e706246046ec3897777	rejected	1790433681
0x716dbf1f26de5dea8f2e226e7d7dcf7ebc517777	rejected	1790649889
0x717b4b8f138b5b9c4d03eaeec173c21700e77777	rejected	1790650112
0x717e9645f320b5d00ae5eedc115a0903692f7777	rejected	1790667732
0x717f4b39eac5929828198afe66b79588966d7777	rejected	1790650343
0x7192e1ed247d6be6bbde90a207399891d1d57777	rejected	1790650133
0x7195ee1d4854d66853e058519de9c81a63be7777	rejected	1790650833
0x71a1b82386db3277c730364f76c91c333c3d7777	rejected	1790649830
0x71b9a43822fec6109fd7fa58c85a8fbc960e7777	rejected	1790650415
0x71b9c664ce787454f305ea176ca5f26965ec7777	rejected	1790650863
0x71bbb7a711ea3bef14ab8c2dc1cf261befbb7777	rejected	1790667951
0x71c429cf343978ce887ac0ba48e4dbd700fb7777	rejected	1790431390
0x71c48d7bfd03dc98093d2b84d107c55ce5e57777	rejected	1790667961
0x71c50a6a953c2ea22bee2d5e967df365df507777	rejected	1790650793
0x71c8e614e778497334c0052daa0be80a6f4c7777	rejected	1790432981
0x71d3d353bf3ec888d59975925280db5449d27777	rejected	1790434791
0x71de2b2815ed62f0dfeb702b084aaa71b6177777	rejected	1790650267
0x71deb1e47fdb97de2b6bf25622a86ac1d2717777	rejected	1790434712
0x71e3406951d4302b74bb055f18863170a9bf7777	rejected	1790650287
0x71e49b14d371d28ae08c76d84b2d4cf892f17777	rejected	1790650053
0x71e6375e058ae587267f95209136214dcafc7777	rejected	1790432847
0x71ea48e43db0d8ab5ca10d58013e09c2598c7777	rejected	1790668036
0x71eb71b1a851eafc1419fa8486c559cb1d4c7777	rejected	1790433468
0x71f6971e91b7021cc49dd5abaabbec32762d7777	rejected	1790431594
0x71fbc77f8e5c443f698899b593256fab93c97777	rejected	1790432755
0x720f5bb6f7b65cb542323b3be778fe0341347777	rejected	1790432717
0x7212247e8b0ac2b877c1bef86988c1570a397777	rejected	1790650853
0x7215c51b9338222c25fdac5e8598438616c17777	rejected	1790667905
0x721770249d2a7b602bd9a0ed626ab8a17b367777	rejected	1790432824
0x72189d337216e03d8baae70731d267477a477777	rejected	1790432845
0x722f48d293a4dd1c507e5b99356f7381cd557777	rejected	1790650872
0x722f73ce694a78d803e603fc24b930acb77c7777	rejected	1790650769
0x72360e8578c55218c5c5646faa948d6f5d2c7777	rejected	1790667708
0x723afbf693269bbdaab3a2521bf81bb1d5317777	rejected	1790434042
0x723cb3a6aa4779001aa38e1ae7fd403b89ac7777	rejected	1790650717
0x723d4370b2370557963873a98c7182e97c8d7777	rejected	1790433432
0x724051260005cfb83dc83efdd8029eac113d7777	rejected	1790668101
0x724712ccdb08abc6747374c48debcaf97f117777	rejected	1790649953
0x7249705b208b88d21633018fdbeffb04342a7777	rejected	1790667977
0x724a9464a6b88df3c2c0fa9c35e946ba90a37777	rejected	1790668171
0x724d875ef143b0ae316bfae526770eae4b337777	rejected	1790434369
0x7256025afe550381700ad4b86bca245683727777	rejected	1790431642
0x72564ac680c2c0681f6d3c051d80b368aa117777	rejected	1790433833
0x725cc178402f22438d253e91bd4b83d67ec97777	rejected	1790650204
0x726c481b587d9f74f6478bed5bcbba6b92fa7777	rejected	1790433718
0x726e75d6a0be1adbe0e049f644cab68becd47777	rejected	1790434014
0x72799b8801f49ce8ba718d08a906b3f0a1217777	rejected	1790650131
0x7282be7e3f2c3d4b7a9a84c0c0176b96c89e7777	rejected	1790650709
0x72866dc33703e2193e01ce0142e75f5530a77777	rejected	1790650423
0x728793b5465d0deac6392baced0f5cf760757777	rejected	1790667366
0x729ccf67d5ea1f4816ce9ddf95e72f1ab00a7777	rejected	1790650798
0x729fbb5b212331102b585406d812977051597777	rejected	1790433872
0x72a8c30dc838a6bb5e38952f15a1b0207c247777	rejected	1790434480
0x72ab824f849020b4fa5d3b95c8ca835c73397777	rejected	1790667362
0x72b46da86bc475b3365818023d13a75515b1fc3c	rejected	1790651087
0x72b592a0441f5efb91cdf743f3801d6375847777	rejected	1790650432
0x72b623619e32990931ad3172502c9e367df97777	rejected	1790650059
0x72cc7ef2af8d365f0b8abaf4211ec2b3a3287777	rejected	1790432720
0x72d3eccd893f4564337c89d33747b183abbf7777	rejected	1790434014
0x72d45a3cbddad3eadfd558952dc0854b07947777	rejected	1790667703
0x72d5e684b5e09c762b72db49b07bc0076ed77777	rejected	1790434373
0x72db203395e22b639c0d9ce9203bb7efe4e97777	rejected	1790432943
0x72e6c1a66665bd1b940e21ca1580f2e87a037777	rejected	1790650856
0x72e94a6a7a87c76c474143743fd8b138aebb7777	rejected	1790431649
0x72edc8a6bd089ca9ec20b21a40e119f08a844e0f	rejected	1790649974
0x72fd25b964d2aa5b655977192b6a77c3ab4f7777	rejected	1790433703
0x73089aa5dc4afd7819c1bdd44c492563873f7777	rejected	1790668175
0x7310d7e13f437e13ba115c97af08528e69e07777	rejected	1790650525
0x731257e3cb9cfd8d201ed46f59eafdee90787777	rejected	1790650784
0x73253418198862667557273e6a74271acb447777	rejected	1790650235
0x73293843ab745a68dec67dd4539d9f667f297777	rejected	1790434484
0x732975cf70e8f54a65a3b6a378b916ce5e557777	rejected	1790433517
0x732e7665bc8eca68935a1f1f42fdfcf5d2cc7777	rejected	1790650372
0x73309eb99feb907b8eaeb42d3b95fd31f6097777	rejected	1790433386
0x7332876f24a5e30f47ecdeca45fd0f6ded5e7777	rejected	1790650580
0x7336703dd002c8115b6d90af3814200b21ad7777	rejected	1790432946
0x733894a1ca1d4f43aed7c81c65f9c3d733577777	rejected	1790650514
0x733a6ad87135b4f51e3487ecfff0cdfc795c7777	rejected	1790668121
0x734011a7efdfb5ec32c43b6d041aa931f0047777	rejected	1790650560
0x7341da8f3a9cde98cc9be5823cdb4d1bd0827777	rejected	1790667896
0x73495f9b2e2b5604a05278a50bd51e1996057777	rejected	1790433873
0x7349befb91fa745a2f900fcfdb0673a37c307777	rejected	1790869675
0x73565ac80437f53b798833e2bfb54863b81d7777	rejected	1790668173
0x7356dd48ddc359b5f7756790218642ae4f037777	rejected	1790650158
0x735d0ba02de43105c2815ed4d169e9432aee7777	rejected	1790650522
0x735ea9b45f0d31a8cf8a741d30991c549f467777	rejected	1790433517
0x7360627d0916f27b76e479ffb3c85472489a7777	rejected	1790650159
0x7361eeeaf1039411decf61cf8bc42e5448687777	rejected	1790433888
0x736e451b7c6a48356f38d80b577d5c708ba37777	rejected	1790434497
0x736e6833119092d98af75c7277809fca63ae7777	rejected	1790650735
0x7371ebe78227f85fc409ee2b0507a6fa57127777	rejected	1790650797
0x7371f3d542516b9b0077d5c38ec52a016add7777	rejected	1790650363
0x73797ae8db7e30d2ba60a8ad8f03028b43bf7777	rejected	1790668010
0x737c4c693770ffe654d1aebb866407d816cc7777	rejected	1790667754
0x73837aa1c1a5bbfab9b456c49c9411f390b37777	rejected	1790650298
0x7388664b06b54ec777d074172be390563ec77777	rejected	1790650194
0x73b72bf899c9ceda1e6ea47c10097991d6477777	rejected	1790433685
0x73b939193258c08f99cc90f47e09a8f490787777	rejected	1790649797
0x73ba8dc51ed1bd90e18a419cc088fdc31e117777	rejected	1790433656
0x73c537ce36483e98a8c19e6d9b156b59557e7777	rejected	1790433477
0x73cad51310a8c9a28fa8a6a6e124f3fdc9a67777	rejected	1790432866
0x73cbbe402dcec2b872f4c49ef7f26b5ba752ffff	rejected	1790432841
0x73d3d65c6c4531c4e09674fe44e3727d85477777	rejected	1790649910
0x73d55dbc0d26b79427fae7103012d1b314977777	rejected	1790432501
0x73d66d9048e204f923734630194ed5b29dca7777	rejected	1790431421
0x73d6b3d8fc8fd9ddbac17294f1a3d33b8fab7777	rejected	1790650043
0x73d7eff9cb9479a618168d0a8138335bd0dc7777	rejected	1790650004
0x73d9bf3c59fe84ab3bd3e01fbc00a52ff36c9777	rejected	1790651047
0x73eebf50008f6f41afc92bdb0b9fb6a620127777	rejected	1790649828
0x73f743dc99d9e73677b863b33e58b4a9d5d57777	rejected	1790650236
0x7404300fe4084fc07ed21190bb15c4c9b15f7777	rejected	1790667708
0x74051d7276d56e8bee5f533aa5c968962b537777	rejected	1790668109
0x7407cb82c8835f3e26f9208869c008fc6fba7777	rejected	1790649852
0x74097e1c36dfe3a123d71288ee5b054ab5197777	rejected	1790667602
0x7409d9b97f4662d4803f1c37993420b135937777	rejected	1790667843
0x7425889fe94f9d693e8daefe88bcced6acfef4c0	rejected	1790433893
0x74262903a929bb58c16250088d7b6026fd5e7777	rejected	1790433453
0x742a589d5925d7c435e56b3c413d3ddf6e0c7777	rejected	1790650464
0x742aad47c4ab0f1ae6c81a92dc01295184307777	rejected	1790650295
0x742e93beba16b3c67c25710c6acad6bded827777	rejected	1790668096
0x74361fe05c419ca5c414c545a6fcceb0b6057777	rejected	1790434358
0x7436f27eb5cb98e231fcee7c114519943da67777	rejected	1790650541
0x743975d37fe5bdc5443c9cc05cf1164d8a157777	rejected	1790433640
0x7439cce210bda1ec08cb8a88c5f6d2fb7526af2d	rejected	1790649897
0x74407fbf06170988c8b79812e4774aa4930e7777	rejected	1790650848
0x744216c9347f5e32df0fb6005bf60f094d577777	rejected	1790650476
0x744362a1adb2abea89b3fd0b84066221fcc11641	rejected	1790650799
0x744666a4cf3563af1d6ef0fae0614d9c241e7777	rejected	1790650804
0x744b8a158f018076ae5e314deaa44c5cb3817777	rejected	1790431315
0x745368f60870a650abdac99aa19b4110e81ff354	rejected	1790433601
0x7458ea7ba699adebf491f3b8002ec0b2dc5e7777	rejected	1790649908
0x745dbcab53016e7c87d7cb7fcd8a3b5a6cfd7777	rejected	1790650565
0x7464d475126961296dd1a23537d4e50fec5e7777	rejected	1790667848
0x7467295a7589285cb78dac4b611a68a65dba7777	rejected	1790434492
0x746ae6a99d39a3a5e458344915a46d4036937777	rejected	1790650797
0x747067eab98f0f5d003e07b6dd2199be43b57777	rejected	1790433651
0x747345ab8b011dd6107efd52cce8d78447427777	rejected	1790650309
0x7476546ef6603ae3011d85d45bd7aa713abf7777	rejected	1790651027
0x747b1d64cb867327d8feacfa1dac6b5a97917777	rejected	1790651016
0x747d12e9634da3306c8868850db2104e86a87777	rejected	1790649878
0x747f04cfa99dd3239612fc7c965a8e6e566c7777	rejected	1790668072
0x748043af4b23540dcf0f0e126880113488737777	rejected	1790649820
0x74914ee36ea272a4ef7f88eb86182e91e3e27777	rejected	1790650069
0x7491f511a004e9d5cfe2aff260821f409fc27777	rejected	1790667858
0x74a6b411c0befed8ad4b6b35b934f060ef347777	rejected	1790432851
0x74acd4fc364a9ce985fcd7653cd876d3812c7777	rejected	1790649748
0x74b6814da8f9aa409ef6fbeb5d0860d0bb1c7777	rejected	1790649648
0x74bc01746b407121912b1c9fc37ed21d6bb37777	rejected	1790649764
0x74bcf2c7a15e2a06f610291058fd48632df07777	rejected	1790668056
0x74c8c42ae1e390ff6b8c9bfb38384e938c997777	rejected	1790668058
0x74cda73402051679c656cddbc5065baba5d77777	rejected	1790433534
0x74d40f3eff85095591b2c5b0f602d84fbfab7777	rejected	1790650062
0x74d85958a48c70151317a3054c98ab91f6947777	rejected	1790649805
0x74daee56388c50a2d14bae0d3982b270f41e7777	rejected	1790432979
0x74e0b7f2dc11077876a4fe89adba385b70a67777	rejected	1790667593
0x74f704278a135ccaad9146e78ba4e0c1708b7777	rejected	1790649974
0x74f76bd40673782ff4242a1abe873c9e93d17777	rejected	1790649887
0x74f7d09253d1f7b00457c0093439015022607777	rejected	1790668025
0x75044b6c8b735193a8b946626652bbfea0477777	rejected	1790650503
0x750c16ee692fcaaf0ee77cfde6899637469c7777	rejected	1790433692
0x750d11c45234dfbc1fc5615086b6f491d0437777	rejected	1790650567
0x7510865cc89e97d99a191f3b4124c7390c7e7777	rejected	1790433861
0x7525b34be19425fe6baf0afb70186c189b5b7777	rejected	1790431614
0x752d74c15247de34609013df32a6a257db347777	rejected	1790869675
0x75335c69bb4efbba76393d64ac9f31046b1e7777	rejected	1790649973
0x7535b2066f486b5c5d9fddf91762fe8079f87777	rejected	1790650664
0x754a40bbcb4eb95d14ae7d340c9ef4a0e4b77777	rejected	1790432856
0x7565dd1bfbb3e1e3eaa2e5dad111e8159c397777	rejected	1790650332
0x756b80775caa89d05af4795ddf3be06e3c0b7777	rejected	1790650138
0x756f3f4e32cfcb785fd205ec31679e1f04dc7777	rejected	1790650832
0x75756a00a1a6ad24a14d5fae24f47cc6bdc57777	rejected	1790650688
0x757d7a5d3d680052d82f93077cfefc9af4eb7777	rejected	1790649802
0x7582d42cbe1eb1f5594fbdb087be735d5aee7777	rejected	1790432681
0x758646765639986363eb052698c978db63e67777	rejected	1790433631
0x7595de3b255b42c83d8d8b58e494110f781d7777	rejected	1790649740
0x7599922d1e8db744b8b6cdcafe0de341758df7e6	rejected	1790668152
0x759a0e3fc7323e5dc65d859b9adbc9a443da7777	rejected	1790650847
0x759cfa92a2c1d73f3e49a6db50d2d0adb2c97777	rejected	1790667851
0x759f681246cc9139c24df367bca6f78b19537777	rejected	1790650789
0x75a135af4850add867676b738010e09892b07777	rejected	1790650172
0x75a9168f92745139442e7560d0ce2a0147417777	rejected	1790667937
0x75b1215e3a35f92b23bc040af50831d676287777	rejected	1790649742
0x75bc6ae036e1865de95e3888d6f6227a71407777	rejected	1790432846
0x75bf3e8c4bc538445502512491903a8395a87777	rejected	1790651052
0x75bfbc8ff402443f420e0e0268ac71f149587777	rejected	1790650703
0x75c998406c76cbae98344fe3a75365148df77777	rejected	1790433686
0x75cd2fe1288e106df9abf97316a28f4705977777	rejected	1790433851
0x75d10b03dcffe43bb96fa458a370d02f559d7777	rejected	1790649843
0x75d45ba17bdfbe171123c903c9f77400aa647777	rejected	1790650271
0x75de4995e3f855793af2fcbc3ac127a05d667777	rejected	1790667921
0x75e27b2d1b3dbb0953129a721df4b0ac87717777	rejected	1790434828
0x75e5d1a009b2fe9d2ea18c667588c17785147777	rejected	1790434026
0x75ef87eb8716da918e741110716f6816ffdd7777	rejected	1790649759
0x75f2cb1c61a7641ec3269687d2a6169383e17777	rejected	1790667980
0x75fd237775b6c58dcca0a87feeb598f0262b7777	rejected	1790650162
0x75fd4cf6f8392e41e70391d60c90c0d5211603a1	rejected	1790434007
0x76024d9154c02e5f0eb64d7ae6ad873c93a07777	rejected	1790650671
0x760d0de3f86a229634508a2aa644bc80f9177777	rejected	1790668066
0x761016b2d0924bdd998ecd2cf20cff581778eed3	rejected	1790649737
0x7611aa66d31e72b203842a98b73c6d98b91d7777	rejected	1790432739
0x761899c3aa7c720bfd0ff4e411e0beb313587777	rejected	1790668033
0x761e54c70e74ba91dd8fa25b97f8d45b06967777	rejected	1790649858
0x762053b153385a76cfd49375189cced6cac67777	rejected	1790431440
0x7627dfc041ba8a6e38497bc50be699b707b57777	rejected	1790433832
0x763bcb95af7bd2a370fdfc8df8aa569814af7777	rejected	1790434704
0x764505eb51ce406cd9c8db22b898426681bf7777	rejected	1790650442
0x7645d283f43f3f0dc8369fe03c5fc3f407157777	rejected	1790667839
0x764a7b7d8c99b7f6fbd07c750369b77cecb57777	rejected	1790651015
0x764f19e820ea38a8e2464eca5b4ba82aeb257777	rejected	1790668257
0x76554727272dabb70d1118cd7dd78e2cb2051b6c	rejected	1790651028
0x7657de3eb519558b0ed553be376d8f8ead2f7777	rejected	1790434394
0x765cd0b1173ec836c095a5f41d0e80a26bc57777	rejected	1790650157
0x7662d8432b7b9c69592edf1d0125d4d77fed7777	rejected	1790650354
0x766444f5c7fc9a8258fb8a1b49b3afc224c77777	rejected	1790649784
0x76668c2ebe22185b82b73cb4e77707845ba67777	rejected	1790650943
0x76699719f470b71cd9ea68fff5c609d3ac8d7777	rejected	1790433696
0x766fdb49d5fddaf59304d38d6cb86b985a347777	rejected	1790433600
0x7670f221407eebe5736cdce760f459d97b5b7777	rejected	1790667912
0x7674726eee6a7b8da1a6f076474b1b9c95767777	rejected	1790434608
0x7678ce3f6f051e323a4e0baf9b90d51d13c77777	rejected	1790650723
0x76797976fb847ff84b8767b46a425b5842327777	rejected	1790649955
0x767cd43c0828c71ba3c5aa527d24186032dd7777	rejected	1790433602
0x7683aebb778b2bd03b00aef94e04f7abd2297777	rejected	1790667841
0x76858fd16e7fefd6653ff84956f138d39c6d7777	rejected	1790650000
0x768d40cfc29bf99dfe12b6fbf42d11f1816a7777	rejected	1790650914
0x769edf1d6000e76632537004e14c76461f297777	rejected	1790650778
0x76a52e4cb525bc7a5bea37da7228db9b1caf7777	rejected	1790667618
0x76abf2b3013cf494d6e5b874688a7a4822b57777	rejected	1790650275
0x76b9fee438b897353c7140a8a9ff050d8a787777	rejected	1790650049
0x76c20b07d40019f80ebeaaa69ff339528e217777	rejected	1790650033
0x76c29f115d6684872871d2a0b0ffe118ee437777	rejected	1790433880
0x76c47f28bb2e7cba2bc7c9f3d073d80628467777	rejected	1790432699
0x76c923deb6b748683f4057aaff1886dcff727777	rejected	1790650844
0x76ca1317a0059f9822af80f034e1b549be697777	rejected	1790668144
0x76cae19a2dcab2717105eec771b140c8506a7777	rejected	1790649809
0x76cbd7a1e9328da7999e47bc61ad8e6ed9f27777	rejected	1790650715
0x76dac737afdd10e039ec6f14ea6aa08c07617777	rejected	1790649912
0x76daf05a6f1cc4692703a90e3247442eb16a7777	rejected	1790650533
0x76dd40236cc75a5971dd2c9b934b9d9e76ae7777	rejected	1790433560
0x76e45eea82d5aeb923237b76a834fa3092dc7777	rejected	1790667374
0x76e4d9bc1741c01778bede3b43b943ec24db7777	rejected	1790434042
0x76e7a3c3f65edc2535f0b74b9a5ba16600a57777	rejected	1790668107
0x76e965f6fa81385097cdd872c1b7b0857f877777	rejected	1790433418
0x76f4139109a99a85e2c04a46ca1f450f687c7777	rejected	1790650543
0x76f5931bbb4f7b6d1cd62629dc4beb4f4c017777	rejected	1790431672
0x76fc57d19c19bf8f79012010909e630d067e7777	rejected	1790651076
0x76fe84c6e09e3a530ab268f984b6d8f07a0f7777	rejected	1790433527
0x7702965792d0bbde52414d92dd76a8c2d15e7777	rejected	1790432841
0x7708a86f61236470f98f4c7cad7d1c3296f37777	rejected	1790433745
0x7709e1d4a06fc1e27427ad0de0b9670e68767777	rejected	1790667617
0x770f8a882a51f9051fe3dbae5a61838b0d7b7777	rejected	1790649829
0x7711261f768bd2fca01b784874b63296f0d07777	rejected	1790650035
0x7714586b27c97347db7e68b4b2eb703d76e27777	rejected	1790434151
0x7719ca3e1ee0a4f5cb1a665a54c1351163727777	rejected	1790650746
0x771c753d845d04d7577cdfbfc0d0328dad8c7777	rejected	1790650894
0x771ccce95c305366a9d68ca6fad10bed67987777	rejected	1790650304
0x77316899635d64aead71329222f94da90e717777	rejected	1790650422
0x7731bf9ee2f367a5a563a34e5b610c14f75b7777	rejected	1790649742
0x77385846c63f816a06c96f3bf6e961561efc7777	rejected	1790651082
0x7746dbbb9fd990517dcd372e9e0b6d2e7ac27777	rejected	1790434613
0x7750894911cb65649b62c3becf3d1e16da857777	rejected	1790433642
0x7754b96abb7bbb09f244b1794a4a5474dd397777	rejected	1790433702
0x7759d3167a29ab8252b675b702b1477d79af7777	rejected	1790431596
0x7759ee50ac282e19eb2c343e73997139e0c97777	rejected	1790432487
0x77652fc06ff51970a55de5c855684a9c8c857777	rejected	1790649897
0x7765bf39d6d50cecbf4c65871640a5872f9b7777	rejected	1790667910
0x77661063cb32b915d8d3d4902e971be9616f7777	rejected	1790432830
0x776e1db879f75dda6adcf71c2ed12f61e6717777	rejected	1790433501
0x77777f0376594a7d108025ebb5e45a5dc4b07777	rejected	1790650058
0x77801e5ae96155945fdf18416e62845126657777	rejected	1790650008
0x77825a8861224264da9a5f0849e5cf8029da7777	rejected	1790431662
0x7788fcc9d1faa49ca9837722d40c4ac3e491c407	rejected	1790649818
0x7794b2fa2980596e0489c53f26af92e136257777	rejected	1790650009
0x779be9a73f7c60df1b139dd9fceea76e1be37777	rejected	1790667517
0x77a7c0f41be0ed6f85a4e1341943ea81114a7777	rejected	1790668124
0x77b74ba27e131e7e785c4d1c5fad59c038497777	rejected	1790667716
0x77bfb2b4d8ace44f013b35c6719b87fa7bab7777	rejected	1790434989
0x77c275064468727f6f37303683e66814458c7777	rejected	1790667872
0x77c3be00982c41de36a1b3001ea5343926777777	rejected	1790433481
0x77ce511890a79c5badf11a04c6eca406ff6c7777	rejected	1790649777
0x77d3f72ca75afa0143fa27dc6c70d1c78e4a7777	rejected	1790434349
0x77d79a59da02b2277903d0ce5d5521876cad7777	rejected	1790650660
0x77decb1ceb0b3ec24ea58a89d9422808a1e47777	rejected	1790433435
0x77e8ca94784ce32a89fda9282085f215e5017777	rejected	1790649763
0x77e8e661fcb674980583b2c98994cf2356367777	rejected	1790667968
0x77f3a292aab905ea2f34d825c06b8881a401cfd9	rejected	1790650352
0x77f73ae7eb5f5dca8782c85ba0cfd511021d7777	rejected	1790667523
0x77ffc11ff44e959d0f7395bf3f26ac9c5e49ffff	rejected	1790432855
0x7801be2dcc1c97240058787eb32a6f4b6b3b7777	rejected	1790432865
0x781d8590b6f6a53ab9b29b58a3809789c7bf9280	rejected	1790667437
0x78259b29dd010f799815d701c57955dfe8697777	rejected	1790650404
0x7827346bef3ec86c8a09846e3f344b2225bb7777	rejected	1790649888
0x7834849acb2798a7fe6b2d0d83c7d73a1ec37777	rejected	1790667883
0x78356baef61da7c8eb60e5059bbf5ccfc0ce7777	rejected	1790433857
0x7836500f8451f684707b86eab280a436b8c27777	rejected	1790431402
0x7836ed04ce2aee0f921c089330504778276a7777	rejected	1790667743
0x78493cbc440f175ae2edf74646cde86bfca67777	rejected	1790433680
0x785773da5fad09c43e18dd2e873f91590be57777	rejected	1790433480
0x785c8a7c8623f62640dd2d2325aff89cb60f7777	rejected	1790651015
0x786895f49aa926803784f962baf0cc01cd237777	rejected	1790651957
0x7872b66dff5e841c9268326a5f43e3fb4cdb7777	rejected	1790650263
0x787fd080a96f990a66c3097da541af7a7ceb7777	rejected	1790650932
0x788cccce9d2e5be0898cf8a69d540ce0cef77777	rejected	1790668107
0x78a10ad7c26bd37dc63de3c91e9ffdd212c27777	rejected	1790431629
0x78a92f17b3dd243931623f1d5190e00835e67777	rejected	1790650263
0x78aacc4336288b5dedd5256df146f2c8889a7777	rejected	1790668136
0x78ae5add93aa75da568809393064a844f4327777	rejected	1790434384
0x78afb8a6ba8a5e4cc34ffbc02f86a3bd332f7777	rejected	1790434319
0x78b5c36a850f2628f654bda555b32f3b974d7777	rejected	1790649794
0x78b965756e3326a483ed75de9fbb0daeaedf7777	rejected	1790667366
0x78c3baaaff0714914f2cc099bf8cf083be9f7777	rejected	1790650922
0x78c5f65ed89df63bcf1484a9a064ae70b1877777	rejected	1790433751
0x78c7a104d2eac0624702833c5d3ca5b61cad7777	rejected	1790433717
0x78d04d0d05adb1596708c9c0a7a60085702a7777	rejected	1790433488
0x78da0ec33f1c4201a89feb888054c469215d7777	rejected	1790433613
0x78e1eb5026a69683fee93694a4c2e72485c27777	rejected	1790650315
0x78e25994648ce5ca8756c90c00e3524873427777	rejected	1790650819
0x78e7b4bbbbb34c35e74815dac987e3759e1c7777	rejected	1790649741
0x78ee0e1aaca6e3807cf7442115db46890af27777	rejected	1790667915
0x78fec6aeac9c184992e73232c7f6a39c894b7777	rejected	1790434597
0x7904ad5d31f58b830b1de37eeb0699b6d9087777	rejected	1790667982
0x790663aed5065536db40c5d5912cecfa3e3a7777	rejected	1790650103
0x790fc5a6563ca51c08bbe0452fc30310a0447777	rejected	1790650170
0x7912ecb95196007902501c2314bef90b2c867777	rejected	1790650863
0x7915dccd0f9b1c64c372f95ef5e608e182527777	rejected	1790433581
0x79162b2e863afd1921862213388794d993e07777	rejected	1790650659
0x7917e1551dbc9654a7247ab9e3c695b5facb7777	rejected	1790650858
0x791c2028e91f4ba64ba6eb379a12f404c4a07777	rejected	1790432489
0x792c0f67944efe75a4cc7387362c4734c4ab7777	rejected	1790650657
0x7930b69332066e1e92f1e54139f7d991c5567777	rejected	1790431609
0x7931ed3349fbdb4f3c96f9433a880173911c7777	rejected	1790433822
0x79450fb66ac3b0881b9e92988f1d16642eff7777	rejected	1790432513
0x794ab8f35bf9f206bb4d772adf791536cfb47777	rejected	1790650655
0x794c8e9cdff32ce8f63437f891f4ad20bc407777	rejected	1790434391
0x794f2b3d5a8408324673cdda3948e927ac817777	rejected	1790668142
0x7953ba4b28164d65f52d0d561e6e6468bf757777	rejected	1790667995
0x7959989142f431e4134e91e20b25046de1a87777	rejected	1790667621
0x795c637d768397b67b617d58d45c9afdfc957777	rejected	1790649876
0x796af5ce2ce4f63be1febcc3c90ebb40bb277777	rejected	1790649780
0x796e619c2ed7db1e628b90e64ed540a8fc3b7777	rejected	1790650825
0x7981600ec23d71cf9b9878c4b12157eaaa0c7777	rejected	1790668031
0x798ce3489368b19be0dcad571d5a506cdcf67777	rejected	1790433638
0x798cec85965a8db8ddf367db6cf80157122d7777	rejected	1790668125
0x798fe96ad2a668a3dd69f1f38f24a1b1d61b7777	rejected	1790668255
0x7991976828c8230ddb8d2bd2c2c815519fac1cbc	rejected	1790667765
0x7996c08dbabc5d5830e8d936a453b6919f557777	rejected	1790668125
0x799816f052f1d3fa664cb4503b9a57fec1517777	rejected	1790433754
0x79a75fdaefa709c2499766ad94307a79fe2b7777	rejected	1790432690
0x79b04913f1e5c34c67a7a791a89efeaedc167777	rejected	1790433459
0x79b8761dc6314fb45e7c212c0788e7f86d8c7777	rejected	1790433442
0x79c2acc160aed11d9b9ac99b39ca1b21bc5b7777	rejected	1790434205
0x79c60a7c3104366732cb9189db30e291510a7777	rejected	1790649924
0x79cb35824784d727e8db34501551a18f9aca7777	rejected	1790433704
0x79cfdac915931fe7971d0e008a2e27d5434e7777	rejected	1790649837
0x79d02380bc7395d81a81b8f81efb97f6c0a07777	rejected	1790650792
0x79d2d99e0f4d5a987a0ff2cb5e5c838382257777	rejected	1790432713
0x79daa672e3a92390bab489b37bbec2d235477777	rejected	1790650010
0x79ddda22c2de16343257d066423551e9de5a7777	rejected	1790434340
0x79e5211892ad7b2e14824ac7cd57a16e39617777	rejected	1790650687
0x79e5a864bf5baa9efb042039df7cb43942db7777	rejected	1790433890
0x79e82e417764b0cbf0f61d178deb54fa1d1b7777	rejected	1790434194
0x79f069f8146a54dd2afcf36442d7c298633c7777	rejected	1790668083
0x79f6f079c2acc7afb613d5cc71c6a47c83757777	rejected	1790668020
0x79fc4fd391bbed02dbcb6dc9559ca71cdc3e7777	rejected	1790433478
0x79fcba747484de5dfa655c54c8f9ab4b58d77777	rejected	1790432703
0x7a02b8195b3c41765d440299fd9fdaa2c64f7777	rejected	1790433618
0x7a0c96634d286087ff74a9d4c4af5f7908ec7777	rejected	1790650462
0x7a12c8a7f11131c882dffc8e183eba5db60d7777	rejected	1790432865
0x7a1f85b1a84b95ec575c31eb6353c813a2f47777	rejected	1790432734
0x7a22cee9a7a856a7be05208cbeabbdfe62b87777	rejected	1790667863
0x7a23f8a03fef45b400c1e96bc4a26d7ae37d7777	rejected	1790667908
0x7a2bbc77a98fe5a3876d98d37db3e3412d077777	rejected	1790434699
0x7a3b8211a52846d59743bb1f73d1e6d80ee17777	rejected	1790650171
0x7a3c69e6daa5254dbe5a5a041dd75c71d7987777	rejected	1790650488
0x7a4423bf96797f109bbef7d3383164f392197777	rejected	1790433567
0x7a452562de81da0e0f6b470a5a4ea8ca6f1f7777	rejected	1790667858
0x7a4f209f9de192c5cac88764c16c1ce215137777	rejected	1790667870
0x7a4f5d5808f5426c7508c37ed4261cf803c87777	rejected	1790668361
0x7a58316ae00495032a71f94fc7d01e5fe30e7777	rejected	1790667753
0x7a62f6257b92e9000d87a3a56dc7bacc2cb37777	rejected	1790650055
0x7a67363885ebc01f1d2aef95b238e39ca1587777	rejected	1790651862
0x7a6d55aefcf16cbc99efcc4e856ddb1bf0627777	rejected	1790431611
0x7a7024bda971e1e1db3679f2096abd773f397777	rejected	1790668115
0x7a737acd5baaae14c9284bc636ffc80302077777	rejected	1790650069
0x7a741a26250fdb4856633775eeca7d745a347777	rejected	1790668020
0x7a848a5a8169aa6a2f603d056a749f924f504444	rejected	1790433556
0x7a85e287ed84b5bc917d9e29e9be4aacbe1c7777	rejected	1790667621
0x7a88075b69e0f87eda8eb589279af096fc6d7777	rejected	1790435003
0x7a89acf5ca5acc57adf89071e861918ba7f77777	rejected	1790431643
0x7a94600f45553a49f17d554a7d9384e645117777	rejected	1790650829
0x7a9623038a15a7ffc9963afd1f8fe297f8de7777	rejected	1790431723
0x7a9e55e8e2371906d7cf9a2b3ce25c37650c7777	rejected	1790434026
0x7aab22f6e1b966f67b715ccda75182e157147777	rejected	1790433612
0x7aabac2a7117e64cfa2d59f5ee4d82edab877777	rejected	1790433535
0x7aae71d1695adb2bbc3ec7080f51cd7ad6a97777	rejected	1790649980
0x7ab002e75c6cb85bdd37bb058af2009cb70e7777	rejected	1790650488
0x7ab94d1bdaddbe2783b96463a4df4e5f284b7777	rejected	1790433857
0x7abcc197f0d1ad736fd1cf966ff3efed24037777	rejected	1790650877
0x7ac5a4e105a1db717bafd8c4785df06e36907777	rejected	1790650404
0x7addfc26ad9fae19156d92c0c2f5f5ad834a7777	rejected	1790433582
0x7ae4cdae0365b1e774efa4f69857553e5b5f7777	rejected	1790668051
0x7ae9d31c771ac68422ec240bae1ce69f268c7777	rejected	1790650506
0x7aecc2befa91f4ba49d99e9b0f5655395b867777	rejected	1790649907
0x7aef169768c8af84bbc4919a666ac8df18877777	rejected	1790432968
0x7af210242d9148599479cda5affe06bc66b17777	rejected	1790667856
0x7af3eeb03894c5150abac3e8b2ab6fb427a17777	rejected	1790433921
0x7af44cf6312f6cd1afc5f6ddfb6c503ae74d7777	rejected	1790668118
0x7af702a3a77ba9c8e3052f72c36d358ddaab7777	rejected	1790432956
0x7aff0f2dacde64402ddbd57c841085c97f647777	rejected	1790667922
0x7b077806c7bef5c89125bb680ee73f232d2c7777	rejected	1790650281
0x7b184272e63058a91944a75c64494acadd787777	rejected	1790434031
0x7b1dc2bab050fe9064ffcfb64065066762b07777	rejected	1790650900
0x7b20e65fdb4f6ae384669beae1ca972be12aa615	rejected	1790650576
0x7b22b1ec07709e94bad681c1096360f5925f7777	rejected	1790432510
0x7b2f1012f343cde0a6db7215866a09c96e427777	rejected	1790434582
0x7b307ad0360499099291db190c5c0b111c147777	rejected	1790650175
0x7b3d7024347db2c0de8d17d1df4417b6d9d27777	rejected	1790649727
0x7b45ec218beb397dd8de75b8978d50981b757777	rejected	1790432871
0x7b461cf49311d053a2312d6e704519a65a2a7777	rejected	1790649808
0x7b479dd49d93aacef5e0808cfa1e02d9f7e47777	rejected	1790650921
0x7b4f7cc7778b66ee133558497936b4353a9c7777	rejected	1790433685
0x7b5cd31f9cc2daf1989326cd1959c2265e0a7777	rejected	1790432695
0x7b64e799a0fa2f6d57c9275b6b17766447887777	rejected	1790667522
0x7b674c2ff332981fb535cedf36472d82ae597777	rejected	1790433726
0x7b680031080cb857098159b9ecff64e9ca387777	rejected	1790433649
0x7b6daed294194d3d587c714a173edc0188d87777	rejected	1790649932
0x7b6f5c496c09518b47ceea516e3a800cb1737777	rejected	1790434005
0x7b6f7f141224ff2a89b7715f984c1ce1bf2b7777	rejected	1790650707
0x7b78fc044f17e582c016affd378b9bdbf3657777	rejected	1790431664
0x7b7dd9c242aaaa7ee3c9da41ca49dc2b4a987777	rejected	1790434803
0x7b7f7de124a21aecb982ad8af1e40c1cea697777	rejected	1790667953
0x7b7fe199be0dad5598bd98a2cba141f0e6b87777	rejected	1790650417
0x7b861864d694d798e9ea8ec31a53d17a80d47777	rejected	1790650924
0x7b8949a3261baa8d72982ebdc929f7299d8a7777	rejected	1790431593
0x7b96e8457daf5f7f4a65581bc8aab7e122027777	rejected	1790434691
0x7b9e76112c43e45e32460cbaf2e96b5c656d7777	rejected	1790650742
0x7ba7b06d2d15d8b1e71ff5de53461d3e11bf7777	rejected	1790650701
0x7bb893f7de1246b41d07f49a33c29db81127739d	rejected	1790432960
0x7bbeb704da97a6d02e1be911acf34520f2697777	rejected	1790667713
0x7bc023e0693589817ed258cd1507b66b1e207777	rejected	1790434605
0x7bcce4ae1920cf23c9fa3a2e98364ab5a0e77777	rejected	1790668057
0x7bcd8c194be982fdb25f5b956eff55e7cbf57777	rejected	1790433496
0x7bd7a33361e45d1a1c04120cc2d8db9cfb627777	rejected	1790651101
0x7bd942a9ea8bc500e8e5664bfb01783b86b27777	rejected	1790433541
0x7be460f73e95f82ae1e6f25d2eefbd7b2c8e9bd8	rejected	1790650152
0x7be8fcc75b80dd51d6ea0c35c434448659be7777	rejected	1790667720
0x7bf1ee6c2d0847afb6e653ba196055ad46092b93	rejected	1790650267
0x7c02961584629cdeada47574747b73bd586e7777	rejected	1790650510
0x7c1039974300f44590c646690a4297a401d37777	rejected	1790668061
0x7c1520d83e333771a0c2e9c5bbf50e9679c37777	rejected	1790434606
0x7c1ae99ac898cb619c827a14501cbcfb2d587777	rejected	1790649973
0x7c1f8f5d8d000b00a2eaa3c21071dbca18f6825d	rejected	1790434820
0x7c1fac7ffe88a4c1903c385146c2f6a5a4f57777	rejected	1790651029
0x7c26a12f20507e2cee22ceebed9e88fda47f866c	rejected	1790650901
0x7c29332276ac94c2576bc246d32e576e5bbf7777	rejected	1790432748
0x7c2b5eca8a2921dbbc4398aecb2bf05980247777	rejected	1790650680
0x7c31ef3bd3825fab6e5cfafd415a90f92c7b7777	rejected	1790667898
0x7c3951b6daeabe663cc08615352ac9b53ba37777	rejected	1790650765
0x7c437f8e949091dffad64cb65da29e75c4dd7777	rejected	1790651960
0x7c4557d9bf75d32725b8274fffddf5f5bccf7777	rejected	1790668332
0x7c46508f0937a0c8fb4c34fa20fef70ec9a6bbbb	rejected	1790434580
0x7c48d3e389eabba095151269173011d9ffa17777	rejected	1790667600
0x7c4ca7f2a1c8fe8be9de872544fa01fa18957777	rejected	1790650310
0x7c4d7a180d737dd5a70d8065a90e6746a69c37ea	rejected	1790434692
0x7c59992b2ca409c357c75a9f77b6d8fdb7f67777	rejected	1790650422
0x7c5b1093133063c19ce2f704f909c26d23297777	rejected	1790649818
0x7c5b85d32b95248334ae8441d287ef4f90fb7777	rejected	1790649773
0x7c6a84ef2e42e79bc88af4548a4c89c786fa7777	rejected	1790433673
0x7c6ae15319076a42ab1f6a09bb4a289b43e67777	rejected	1790668323
0x7c6e6e9e80ccbf48e0435ba34376f3a2b44e7777	rejected	1790668333
0x7c70df8e3c273d086374923c580a3eaf97c77777	rejected	1790667864
0x7c75cfde6fff39c2774d05a376e7d59466347777	rejected	1790432964
0x7c83478328070cda95bcd6f1124314128b567777	rejected	1790432541
0x7c8d5502b544ddaf8852fc46d1174e34876d545c	rejected	1790434818
0x7c95df7a33313ed15ccdd15f52f21cebaf277777	rejected	1790650069
0x7c9c9b6424e707ef408e60ebc7f91b93d8797777	rejected	1790667932
0x7cb114d1e2b7aa0588726513954401c1be2d7777	rejected	1790650103
0x7cb46511160617ad07e76b0da77307730d997777	rejected	1790667744
0x7cb554f1a027cf7d0e4cd6afc985eb016ad77777	rejected	1790649771
0x7cba6563a5d3d88ea634002564f12358ed537777	rejected	1790433480
0x7cbbc1a24ab719dd7223d5cad57cab679f297777	rejected	1790650031
0x7cc316b1698cde955da225a0e21ecf3160ac7777	rejected	1790650374
0x7cc37f5cfc1151192580609cf684b4eef8467777	rejected	1790650143
0x7cd25d959f3c7667b4b35e384e2f9a28f9197777	rejected	1790433435
0x7cd542fbe45d8eafced01dc9725bc1c71c427777	rejected	1790649894
0x7cd7a517a015caf7e99ed34f951d083dbc5e7777	rejected	1790667977
0x7cd82e10eb9c5f24d5b2a62d224bdded851c7777	rejected	1790667946
0x7cd99b273caeb40de59e1111d325f27998647777	rejected	1790668077
0x7cdd6af3a080e75c8b554f3f2821004b13df7777	rejected	1790667999
0x7ce2ab09d3a98f31db71a80e4858ef1643427777	rejected	1790651051
0x7ce2e0100387296e87f5ae710793bf9df9f57777	rejected	1790433469
0x7ceb1bcb473385ef31fd3c37055cf95992fe79d5	rejected	1790434972
0x7ceb82ff11f2a850c7a2067a430ce459e3f97777	rejected	1790433559
0x7cec81b895c426079728ddcac73083afde3f7777	rejected	1790650292
0x7d08c8e5acb8f5d2330d7107a4301cba00ca7777	rejected	1790432744
0x7d094423f2d4aa636f53779a5a6ec9b1bf2f7777	rejected	1790434825
0x7d0962abbca9849210ca5f3bc9fbe7aa7c9c7777	rejected	1790433685
0x7d127abf46a6a75a0ffb9314e067691ebf127777	rejected	1790432672
0x7d16e0e2d96038cedd547b9e7d53d4314f917777	rejected	1790434318
0x7d197e49fdf9ac4d4a2f7da76f568c3ea9fc7777	rejected	1790650283
0x7d212a481a9ef3df8b5cfbce62635e70480d7777	rejected	1790433440
0x7d23307b5c4f268d8f6052cc538333b175727777	rejected	1790650831
0x7d255ccc38fc1bba209f9fdafb883c643395ffff	rejected	1790650448
0x7d2732f55bc467fab8cdf4ea3b98972f0da97777	rejected	1790650330
0x7d31e8d432266b1858d0e21e2ac7f5ef7e757777	rejected	1790432985
0x7d38afbab2b2bb44cc7b10b9dc279d8caa2f7777	rejected	1790433531
0x7d3ab6baa45799d9e3168b97da38c8e5af687777	rejected	1790433501
0x7d454d447dfb7db3535c020edd03279380867777	rejected	1790433707
0x7d4a5ea044b4a242306cf865c00130f86b597777	rejected	1790432830
0x7d4dccb6f41be1b7cfa7c35fd0afd421ff4c7777	rejected	1790433543
0x7d50b5093200f700aee88b0be42f5aef1bc07777	rejected	1790434975
0x7d52519c2558304ff50e761ec984a53412147777	rejected	1790650397
0x7d572641634842718a50903231c9169b58d941ed	rejected	1790650223
0x7d5aad6a6c376d6c126d33799f2829c6aba47777	rejected	1790432019
0x7d5e5889582ae681aa982de0d5edeaa1a89f7777	rejected	1790668176
0x7d67389eacb5203822aab048164a5e744247a630	rejected	1790649830
0x7d67a7bddd949f34186f0dfba44127972d787777	rejected	1790650847
0x7d6bfd3eb65aa3ba7b0ffaf14a30f098a6d57777	rejected	1790649986
0x7d70e4e1a3ff85676dac16b764ec364e8bb97777	rejected	1790667932
0x7d76099618eec81e8d0f799be6ae92f552df7777	rejected	1790668100
0x7d7b78a7eb6d95188520791fb91f27799e0c7777	rejected	1790650508
0x7d816edfc1b62ea26b609c612e4e41c8593d7777	rejected	1790432830
0x7d8740e3032086bf93d9a9bc17ad953226af7777	rejected	1790650092
0x7d8811697deb2e17445c1f9e7b64a49fdf817777	rejected	1790650517
0x7d912d8ffe58d9939f8f9e204387eae856ad7777	rejected	1790649728
0x7d9fc76c9ae49a48474dbd01eb55a1dc28897777	rejected	1790667842
0x7da75ed49f602d3a17745f827d7dd13aec5b7777	rejected	1790650105
0x7daa112991de1c00fa0cf34657c0d894c7787777	rejected	1790433713
0x7db17da81654bccc02c4915f1c4dffe6a2fb7777	rejected	1790650003
0x7db3c2ea36451550e33760a5bc687aeea5047777	rejected	1790433730
0x7dc28481fe4e7cf0f1d5978a578668099fd97777	rejected	1790649723
0x7dc6b85d12098ef20c6aad7572243d5149b27777	rejected	1790650822
0x7dcd4dc1eedc6a48a5f6a78196663d8073027777	rejected	1790649766
0x7dd7e86f43eeaed943b0bfbbfff3304e5194abca	rejected	1790433896
0x7ddef360f3c2db4cc41c3967984fefa2598cc9a6	rejected	1790434178
0x7de4b0f76229b7268eb4be77ae455320a3977777	rejected	1790434011
0x7df507b9bf4528408076b6e1b0004cd4964f7777	rejected	1790432832
0x7df7276527ccb786c54a77272a8ee71208a37777	rejected	1790650048
0x7e0096a4060a5284b60bd6a911991dcf8c1e7777	rejected	1790434700
0x7e059976bd99c09dcbbf4a2b044687a6b2437777	rejected	1790433725
0x7e0f7d6c636fce95794a44da8bd2cc888ee77777	rejected	1790433620
0x7e0fc2382076fe02ea490707334856f655b17777	rejected	1790649904
0x7e1218009e9e77a5b15c9b50f68010f2ee487777	rejected	1790649968
0x7e13da8c46b0b40b1f455002346aba98a12e7777	rejected	1790649753
0x7e26ac9aae62f6df307b70ba999338c97d5a7777	rejected	1790667863
0x7e274eacb4fa0fe364aaf074f7894e494577c5c4	rejected	1790433498
0x7e2ae04e57b201b686e639c69ebc780a8d447777	rejected	1790649917
0x7e2fc1c7d7cf66045500fbce01ab6b6338bd7777	rejected	1790869675
0x7e305a6835334c9911abd75865c2e26a2085e8ef	rejected	1790668140
0x7e35456541e2b36d79ce6f94717831a16d387777	rejected	1790651036
0x7e3594e65c22b391935eb5c202d9f8f185977777	rejected	1790432608
0x7e4106f8a568c131d342c3cf35006e9b783e7777	rejected	1790431598
0x7e527a107ce1f9a49ee614933d3c94fc52e17777	rejected	1790649731
0x7e5a36fffb46495e1802df44750f81148abc7777	rejected	1790650270
0x7e5a3d3d96510936d9ce5a4ec9d9f0bb28627777	rejected	1790649821
0x7e5a7b19c6bfd6c729e57540a5281221cb547777	rejected	1790433742
0x7e5ae0dffcde6d9b709dbf2c448e4223c69c7777	rejected	1790431659
0x7e5da0b4d891491b71457ba32506761f79207777	rejected	1790649905
0x7e6a0500a8a39dfca0740d114d35db8727107777	rejected	1790434694
0x7e6bdce52f7ee3efbd393fc66ea9338edbb57777	rejected	1790667695
0x7e70c23944189a29e254002479ca05de50967777	rejected	1790433880
0x7e73302c3307b758c2bff7d60f3bcdba737d7777	rejected	1790650386
0x7e75ea76bbc2aef008b1d385dff23b1f584a7777	rejected	1790650466
0x7e784d5949faadcff0fe54f67ddc1ac61a557777	rejected	1790667903
0x7e88a82e03fe3831550d70c84ddeb6e3e0aa7777	rejected	1790433854
0x7e89108fa3d31ae926c599505af47147536a7777	rejected	1790650460
0x7e89f1b875e952c269482cb94ca2d32803b27777	rejected	1790434488
0x7e8e5977773160fa4dce914cf54d93e1114a7777	rejected	1790432971
0x7e90ed2fd59a621e5058f4707269980f9d9a7777	rejected	1790649726
0x7e91b1b10415a1ad96f76e765d3c5ac77b6b7777	rejected	1790667848
0x7e9c431a8b90b07eb94596965c28be88a2607777	rejected	1790649913
0x7eabaaed01a3c66e3c37e73fd07bffe048cd7777	rejected	1790650862
0x7eabcb1ee833a378497cc0b2fe657fa73fdd7777	rejected	1790668023
0x7eacda05fd8051ac33814e05b6dfaf2021e27777	rejected	1790668183
0x7ead34302ef8e6639f6c50b798fc9ed5581a7777	rejected	1790650868
0x7ead8612e1048b71bea3fbb5e5d933c73a907777	rejected	1790650519
0x7eae5e740ea4f9d75021fa09c3438b67c9327777	rejected	1790649977
0x7eaec1ec6bf64afa86b379b336cc757c1b977777	rejected	1790650173
0x7ec0f57cdeafc565730559b0036dac86f5b07777	rejected	1790649646
0x7ec35c59155f97c2d904a8cd7a3770bee6e27777	rejected	1790650222
0x7ec4765ffe1ef3f34e1e57569227504467437777	rejected	1790650577
0x7ec6a13e018d660980c65d36a39b7616d84f7777	rejected	1790668161
0x7ec770a757de413845bbf2e3e00ebaee1eca7777	rejected	1790434791
0x7ecf81aeb03344a2c1cfe9aa60c1c6b7b99f7777	rejected	1790649767
0x7ed016fd6a063c08c25fdf1aa9a58354a32b7777	rejected	1790433473
0x7ed21bc8941d024803b7dabe9420c07c55207777	rejected	1790432707
0x7ed5ca564d36d9cfd33fcc1488d4c226be5b7777	rejected	1790650144
0x7ee0f7b27e7ea9c0bde82d2d57fd8811fd307777	rejected	1790650499
0x7ee8edf203b3f5e1300f107a1522b72627a57777	rejected	1790650474
0x7ef7c7d3ded545121dc76012e0aecaa2ce8b7777	rejected	1790432987
0x7f10bee13f767267256b8d96a12881783d6a7777	rejected	1790649906
0x7f15ba734977f98c7ecb149e7705f4f75ea88cd6	rejected	1790650833
0x7f196c0549f57c5023d0891089626020f65d7777	rejected	1790668348
0x7f2216621f9adf7172144b2d2277891acf9a7777	rejected	1790431525
0x7f26f082e882fa976fea135e23dd0bb38efe7777	rejected	1790433438
0x7f36c8593fcc3f3993909378b263b700629d7777	rejected	1790433519
0x7f4302bcb1e5211c504777a80885f7f71fa07db5	rejected	1790650855
0x7f50dc9b3dcc096230f0f449c55a1ef1eeb97777	rejected	1790434385
0x7f5615861f68ce4c697dc1e1886995abfa397777	rejected	1790649783
0x7f626e2e9ec345efce166fe3891dbc97b3e67777	rejected	1790649732
0x7f638d172290a3a8d458b6772dcd4142c3f07777	rejected	1790434591
0x7f6679ee059c710befaebf2bd5bf2d01c4d57777	rejected	1790650763
0x7f69741ae6d5140258b62a391c5452d6c9027777	rejected	1790651059
0x7f6e1b2534524d565882d7561e8eeedacfb37777	rejected	1790433627
0x7f70cd71b5aed70222d816e62ca8941849e67777	rejected	1790650704
0x7f71e460d1beeb3b7f811f4c912c2f3d21517777	rejected	1790433531
0x7f736f1aa8f230545afdfcc67a1335eeb3967777	rejected	1790432491
0x7f7911fbe563db27430303644831e18934a3ffff	rejected	1790650554
0x7f86f03ab11e788486791b59f680bb4bc6167777	rejected	1790667902
0x7f8dba5ec047ed5dc15b4647a7049d8c97cb7777	rejected	1790650768
0x7f8dc9665186e5607fd230d955164643ca0c7777	rejected	1790650377
0x7f95a2a2377b176148f92bf316fdc492ee2d7777	rejected	1790650866
0x7f9f6397fa87f7e25887458123c706ff30ab7777	rejected	1790649990
0x7fa423959c3fb506d7163d96ff17900794387777	rejected	1790433447
0x7fa541368c439e66c84d01b8fc06ecc3441e7777	rejected	1790433883
0x7fa8323d4eae37005d38176ad1bdd279bcdf7777	rejected	1790650222
0x7fac154869c0cdf52d928def9e5a6d891a477777	rejected	1790667883
0x7faccfe6e8ccef5fc477875c2de5538563e77777	rejected	1790668052
0x7fadb3bfae74eb80e7ba9d34d9cec332a8b37777	rejected	1790667917
0x7fb12eb9950dfd1375e49f920d509047bc5b7777	rejected	1790650728
0x7fb32912a4286c3fd82d4a53b92a683f3313db9f	rejected	1790650802
0x7fb45742a6913acd1c163ec1c72cf22e99e07777	rejected	1790668329
0x7fd80dd4ecfc89648e49e11205fc9f2640807777	rejected	1790650850
0x7fd917b927579a86e5ca4f5c216dc89b440d7777	rejected	1790650717
0x7fda9cba2c6176a482563f590ca37819a9ff7777	rejected	1790649944
0x7fe3c62ae7173cf97d7ba2f507f2d00124527777	rejected	1790432845
0x7feb11d185955167befc30355ba2b4e30d657777	rejected	1790668002
0x7ff53b23595a977494fd74b2be5a78239f407777	rejected	1790650325
0x80106cb3ead06659a5ad19df39d9b4733863b9b0	rejected	1790433928
0x801272e48725caeb0b9ab155d660ab3ed1da7777	rejected	1790433582
0x8016f828fa3bc5cfa3cb771e55687f6e5cac7777	rejected	1790650277
0x801824b9d3f5530cc8167743b2b5d6ba48107777	rejected	1790650926
0x80192e584358e427c784d35f3bf741cc86fa7777	rejected	1790433869
0x8025f50dbe11b0a33f2e591bda66bae186cf4278	rejected	1790434818
0x80263cbaabf4f69c99680fd03ad28488619e7777	rejected	1790650662
0x8026d01a294bcec8cef2232cb3aa5ca4a6477777	rejected	1790650272
0x80342395cd6e4347116a2b5171359c7fe3ab7777	rejected	1790650458
0x803bc46ae75680d8017df1a8b634f2e00af87777	rejected	1790650330
0x803f8dc46444b6e25d21067568fa270843b27777	rejected	1790667761
0x805232dde134c5fd6d0e6df0bf7003edbbfe7777	rejected	1790649844
0x8053b8b0501c7e9cd4752e4bf514650eaa517777	rejected	1790433489
0x80542561f2b029736df7e6e98aff24f0f4dd7777	rejected	1790650228
0x805ff685f380873537c03847ad9d11e0d57d7777	rejected	1790433859
0x8066b0af87eda156b83999aea5fa5d85aecb7777	rejected	1790434318
0x80722c527906612fc4c352ba3768980d010f7777	rejected	1790668087
0x80733089b32db6e8483a45db0efecf6c334f7777	rejected	1790433561
0x8075356cbc2f8b6b4f187d744bbacd76ab277777	rejected	1790432845
0x8076f2b07ffcd6fb247ce770113414d0fa457777	rejected	1790649871
0x8079f9ee16c8a7e99fdc67c3d2406bf1fe787777	rejected	1790650511
0x80817289bb3780186c90d71f4bd8a68f02d27777	rejected	1790434322
0x808b74dc418a1eb3ca62b60d0add6bcc6fbc7777	rejected	1790649931
0x80961c786d19d52d6bf5238183f4e94b32be7777	rejected	1790667870
0x809a950d3a7801c0d47c39337129f3f87d267777	rejected	1790432678
0x80a20703ca7fe530ef4bcfb97f5ad3f306157777	rejected	1790433565
0x80abc33975e66dd79ecb4bb5b2a782505a8c7777	rejected	1790432967
0x80b0c2255d142435cc0c0eb82d7b5847d0847777	rejected	1790668098
0x80b0f0e9e0dc54c234ccc6d5cbd613e980447777	rejected	1790650679
0x80ba6c29b2f3f5acd98eeec1b8e2d3e82d637777	rejected	1790668136
0x80bafd9894994ce43e0a36599ea6fa507cb67777	rejected	1790649778
0x80c472d381c2cc43fb00728940ec5819eef77777	rejected	1790434018
0x80c59f7f66b7c8c45f217921df5ef1d217cb7777	rejected	1790650718
0x80c6417a4fd035c5637536455bce35265c0c7777	rejected	1790667621
0x80c9b31a767c9de8277c1ff4e22494ed4cd67777	rejected	1790649897
0x80d18f9568f7e60f81269581a8e011c6f5137777	rejected	1790667976
0x80d6530880e5613d820d8e1d2b2eadc499767777	rejected	1790433847
0x80e98a4b36138ec8c98f2494ad6d367823457777	rejected	1790650325
0x80ea4afa054f35a4d262730bb9441017d5527777	rejected	1790434804
0x80edaedde91a63e4e21f407b5baed0c07a027777	rejected	1790650565
0x80f20e71f5cc96735c925ffee4e417fdd3a77777	rejected	1790650388
0x80f37600fcb16cfb8a4ca024b834645584d87777	rejected	1790432945
0x80f3d493ebce97e343c53d29a137942416b4ffc0	rejected	1790434320
0x810db2d65763636a30738b5648bbca063e417777	rejected	1790667736
0x8114ee5e0993d0e37ed725e602588de81cf17777	rejected	1790650264
0x8117b2c65232b25beae611784a7bfddf85e57777	rejected	1790431397
0x81183ab746cb976df1fd2cf1cbd3ed8bb37c7777	rejected	1790667925
0x811a4c680f499a68240a7240971086c55cd77777	rejected	1790649727
0x811c0c46fa731ecce6c66b0e47ba1ca7700b7777	rejected	1790667598
0x81201a1801396c8f2e0753457224107ead957777	rejected	1790433656
0x81215684ef11f6e8050bc6b34448e71de264dc74	rejected	1790650918
0x81277dd2660806d9f7396ed5c5984c9b4ea57777	rejected	1790650382
0x812e959448597920f23024aabaaa2fc096cf7777	rejected	1790652130
0x812f8ac32a166755787c84156b64818e1a797777	rejected	1790433741
0x812fe443b955e567f3adc4de16e8540611f27777	rejected	1790432840
0x81339ef45eda976407e49194b39749bf00097777	rejected	1790650044
0x8133b3245edde9c149e4678c98024c0a90a97777	rejected	1790667845
0x813886b3f043152ecf5d94050f885a9127277777	rejected	1790431660
0x813a7048d78b9622411372c2fb4e6ae117407777	rejected	1790668010
0x814e1ffb91dadb37d69415fc7c28591b267d7777	rejected	1790650567
0x81531b8a22eeb81f924dc4fdf798143fe45c7777	rejected	1790668085
0x815c798a456af6bc44dc5c8898f816546d067777	rejected	1790432868
0x816a9c99ea60222ae1c14b3463b7b6b3c1437777	rejected	1790650675
0x817015c54a011ce39c6263df59cb2bdbaf857777	rejected	1790431418
0x81733cf3ed422a6ff3d02f17e96933119fa07777	rejected	1790668117
0x818be16ef49c6e0da52b05bafeade4324d267777	rejected	1790650016
0x818c16db4c77540c5c2771155bb65afeac7b86a5	rejected	1790434616
0x818d2de2b41830e69a1f26766e1905103fa57777	rejected	1790650132
0x81928c1e30d18f8a3e1767511986b7d35adf7777	rejected	1790433705
0x819d99b0a62c54b1ab0a7bfe417509ef74627777	rejected	1790432486
0x819fbe101d4a5552eaaf8506705c19e3c70c7777	rejected	1790650109
0x81a37c5e06a737d8b97e1ca938d3b9c334477777	rejected	1790667918
0x81a4d9b125faa758b5da01c13a566516f1a97777	rejected	1790431661
0x81a9103ce7c9ba700c7384272d24b02391af7777	rejected	1790650674
0x81a93ec178860ea75bda32cd9e9d17cba0ef7777	rejected	1790649839
0x81ac976989eaf8244ce4648d2cc33cb5e6777777	rejected	1790433457
0x81ad22e1b63fa2626a15f9039b670620678f7777	rejected	1790650817
0x81bebfe6179080c015480c999907f2523aaa7777	rejected	1790432684
0x81c53dcd707930470d7ac4da3775c74233ea7777	rejected	1790668092
0x81c6cc3e347b6b9186191ac579850b1ec1932404	rejected	1790431650
0x81cf1d6778fdf108b93c4d508629549e72997777	rejected	1790650863
0x81d042044b934d923b9b41e7bb9c94d735fd7777	rejected	1790667704
0x81d6a453cd24000f4d9a4814985e72eeebaa7777	rejected	1790432699
0x81e6daf45ae1941fdf2cc429621790ef80d97777	rejected	1790650945
0x81ea35f98b0e4c2984f57e7424adb9e281c27777	rejected	1790667869
0x81fdbff9c80e9b63e8755166464e6ae509bb7777	rejected	1790649930
0x8201c6b0443ac05057b3d5b3e5deecccacd67777	rejected	1790433740
0x821944b54715bcb0a214a065e1d043275a317777	rejected	1790650661
0x821de34fc8940a1b72bbe123374acae9c2b47777	rejected	1790650808
0x8221530c9df495005138a43041884aec1f427777	rejected	1790649815
0x82239457eddf64d6bcf630deaf360e7fb9e57777	rejected	1790650439
0x82267065a3125381a10770b3bafa155cce2a7777	rejected	1790432837
0x8230388b07f3d9421d85e9f44bd2bdfa91807777	rejected	1790433700
0x8233c6a60fd80bb4117512e86946da8c5b9d7777	rejected	1790649818
0x8254078381b27343b5044c4665d67017918c7777	rejected	1790649732
0x82541923f989930d6c0e9536d75cb95b74cd7777	rejected	1790433544
0x8258e9bfb5af1ee110e9b509e417a6c122db7777	rejected	1790650458
0x826bc3fd4ca2449d4f716e7727a881da1f1f7777	rejected	1790433552
0x826cd2f7307bde0f3ea42d4ba80d5b1c2f3f7777	rejected	1790650078
0x8285f689d1135113caa8cb6f34429862ce977777	rejected	1790434034
0x8296ca668d6422017a236fbeb78e130dd0857777	rejected	1790432678
0x829a8bdd21245ced095d24631412fe6a92637777	rejected	1790650768
0x82a21288a5a7ad21b67937a8022f290c79b67777	rejected	1790432676
0x82a3a4549506d6b4a994f6269310e3f7c2457777	rejected	1790650028
0x82b083847e2e40923e3750274183f656415c7777	rejected	1790649991
0x82b84983dd521bb4c74b5758a3569018bcfa7777	rejected	1790650338
0x82cb49a92c118b5ac3d08e21b3a80632c4037777	rejected	1790649757
0x82cd3338c0a875139bc1506351864919f0fb7777	rejected	1790650868
0x82cf147adfedf7a9dd75dd28bf919396bb177777	rejected	1790650265
0x82d6515bb666903c505fe9125f753cbd73d67777	rejected	1790650789
0x82d6970d13f3b6d2556a3c2e409e2f8cc87c7777	rejected	1790668087
0x82de1c6b0544ac7b18849dc57687fcbaca2c7777	rejected	1790433839
0x82e7010769d7712e94ff8f5a8e0f7d78fc6e7777	rejected	1790650009
0x82ec31d69b3c289e541b50e30681fd1acad24444	rejected	1790434332
0x82ed749360b393472eb42747a188554585b67777	rejected	1790432673
0x82ee57d852277093fee2a38a859b1487653d7777	rejected	1790667752
0x82f4a195a60ac49b9d4b358184d6506cf27e7777	rejected	1790650681
0x83027b5e9e60a1a8c486dcfe854fadd80b9a7777	rejected	1790433828
0x83031dfb0aeada465bbc47a26e259b8ed03a7777	rejected	1790433550
0x830613744871c10739f86ad3ba48da216c8a7777	rejected	1790649772
0x83090c44bde7cb8b9a2bd50cc0c8a0841ba77777	rejected	1790650071
0x8321638fcae14dd80ffde79a23a7c4e58c857777	rejected	1790650444
0x8321fdc811c5605ff411ee8ab008433fe0545d99	rejected	1790434509
0x8326e179e49e030d70d83d051b4f5ba5e3d27777	rejected	1790668016
0x832905ad0a8b5861837c02ef8cf4e343fea47777	rejected	1790649771
0x832d0006dbfa7531631ef90a9055039523e27777	rejected	1790432729
0x832efaf9551bd6cdab5421ef77c191a95f787777	rejected	1790650884
0x833307d818c591d685d765ad4accfd20806c7777	rejected	1790650261
0x833fa0d8fd9f7696830c05935368bc55f0547777	rejected	1790432496
0x834079dac431728b0fc1e2259530279054077777	rejected	1790433898
0x834869a7f5456cda09b697ed2b9a098252e67777	rejected	1790650273
0x83523f9ec47eecd5a0d738d03dec7d4ca5607777	rejected	1790650432
0x8357582ec6b424670b841aba462291a54ed27777	rejected	1790650159
0x836ae84ef21e708cb27d88ff2951a1b402067777	rejected	1790650353
0x836cd2d14231007d2b7b29bdb2b9b4f52d887777	rejected	1790434809
0x836d24cb1fe8cbbeebf46cb2ef3b5ce2b4fb7777	rejected	1790431430
0x836fcd985d5c0e014c441e5e72fef72b99207777	rejected	1790667717
0x837037c6dfbc79d961ef98d869c72626fe1a7777	rejected	1790432484
0x8375619c769833e762fbe692d5104c0cd9f07777	rejected	1790650783
0x8375dbd455909c04e811bf64e8bd38afa83a7777	rejected	1790433439
0x837711b42e6d9ea54524cc3c5ecb2337968b7777	rejected	1790434187
0x83849661f413397aa50b3fe513adaf02a89e8732	rejected	1790651045
0x83852dae1b768fde2308fabd1d48584065ee7777	rejected	1790650557
0x83a02a2c3d40d698ed2b26b9aec4ce88cac37777	rejected	1790649792
0x83a0582bd645e724177ed670d7dd003191117777	rejected	1790667950
0x83a494c89c9f4e2b3aa7bfd544afb68aeb977777	rejected	1790432995
0x83a6bb2a198abdf174b328d81c9519dceea97777	rejected	1790432703
0x83a7a62c62a9937eb5c19c101888cb3f284e7777	rejected	1790649886
0x83aa00a4a1d10ce15d1828b7719321b346747777	rejected	1790650671
0x83ab0da717b26e4e224f0d2ed64489b536307777	rejected	1790667896
0x83ab649b4118715b1f8366cea5fe1c9100f47777	rejected	1790651044
0x83ab6da615c0411169c35cbebf90eadbd7f47777	rejected	1790650705
0x83b3713f0cb0298eb3542cf0b8aa63dfb4b97777	rejected	1790650730
0x83b54007324ad948ff0d0a663ddbab83bbd47777	rejected	1790668084
0x83b5650f0655f675acecc262de1e9c6d211e7777	rejected	1790668258
0x83b69f54f3e66816c69fddc144d2e97655477777	rejected	1790649649
0x83bbd52244678c109089f6507b24339685187777	rejected	1790668089
0x83bc2dbf4065d7bbf6dceaf9b4bb28ce1aad7777	rejected	1790667695
0x83c0cd1ff2dc8414f969c50df9bc227d9d647777	rejected	1790433482
0x83c2eb1b05bbc385e4023684f142abc5aed97777	rejected	1790650199
0x83c42f3be0206943f4764ace5c1dfb52f3367777	rejected	1790433588
0x83c4cfcd1bb6bb952c89ba132977d601c7d57777	rejected	1790650348
0x83c51193e8928bdc095be88d838c99950c277777	rejected	1790649782
0x83c7bba2c9f1e1e29a4abd2eaff88644e77d7777	rejected	1790650154
0x83d235a9bfc9c66ca04e11d155f05491eb247777	rejected	1790650865
0x83d67871dce0a42ce93ce2fe10969be9c0327777	rejected	1790650383
0x83d95ef57cf92e8d60b7973f04dd69f7ae0a7777	rejected	1790668069
0x83dce51deff7ee8d15ad8b13647c807fdc627777	rejected	1790432859
0x83e008d2dfe1c111e83adfecb5baac108f6e7777	rejected	1790667998
0x83e117af6d37599c0869b0e4aabd396d79797777	rejected	1790650040
0x83e30c06463c70252bd7a7c2bb7cb9111c447777	rejected	1790649965
0x83efbab5f8aed5fc74703759dbe179e433a37777	rejected	1790650094
0x83f66f463326b7a81180f1f668a77c8a14fb7777	rejected	1790433574
0x83faff78d5d1f3113602fd3c53cc589776247777	rejected	1790668343
0x840064fa40d6d1e2cc2cc9768f5811c3f98f7777	rejected	1790667602
0x8400e0c2cfa76623647fcd75d3ae5c9e48d67777	rejected	1790650059
0x840a6ccf13be229133c037b1ed50b0c693807777	rejected	1790650206
0x840d83452d4dd39f6b59147d246334487ccc7777	rejected	1790668006
0x84136678fd3269b142c7aa8183417625cf557777	rejected	1790432505
0x8419d225a38a5692f4f7d336bd5358b8167e7777	rejected	1790650188
0x841e9c8682222622ef1b20a166cb2286f5437777	rejected	1790650720
0x8420c641e95c9f835bd9b057666abb11c38e7777	rejected	1790650850
0x8420ed4b903ad4386c9205c7abef6bb0377d7777	rejected	1790667980
0x84227c9fccdc11667040444be34e3480f1117777	rejected	1790650405
0x8423ecbe125ed558a4f16139a88710e26f337777	rejected	1790667597
0x842a55c7c71f1bbb55a2994e48c468e892627777	rejected	1790650516
0x842bdd571069b2f6e15ca8dd36a2151fbae47777	rejected	1790649911
0x8433a2b33c2c73309a28f6888318546d2cf57777	rejected	1790650827
0x843a707fce202708ed9fb802984d332198ee7777	rejected	1790668168
0x84439ea3e3a0f973632e9d7906886f8f6db77777	rejected	1790650883
0x844de06b291d3aad1cd8de4aee8cf61b8ee87777	rejected	1790649996
0x844f82dbe0c7080880f0a59f3971de8f09bd7777	rejected	1790433504
0x84564043698d37fe41d55d16fba8cf78e421205c	rejected	1790433574
0x8456f880c6987f95d97378884720166717597777	rejected	1790650232
0x845da8a8b9547aebafa2b938617a514837cb7777	rejected	1790667897
0x846211caca635defeef4f0b21243cc7ef4057777	rejected	1790650139
0x84700ebc6f749795edc6bed52576b26e10097777	rejected	1790649983
0x8475c35c48928a5d82e8b7f987d48f4f51927777	rejected	1790432971
0x847d67848181b54b08e7e34cafc7f13000e77777	rejected	1790432164
0x847e77a382a4f6d618db9dd182ad4b2ea7c9b685	rejected	1790650273
0x847fdf7c4b7268e67abe66c9977f239caf357777	rejected	1790432968
0x8484c99dccaf3554a606541991d6703edd397777	rejected	1790650376
0x8486d599b9c9cb313a70ce228f2120635cac7777	rejected	1790433626
0x848cb11ffb4da27fc3b790095885521feede7777	rejected	1790650534
0x848d4f427d793d5e1fa61d3e333f6f1e0fcd7777	rejected	1790667910
0x848e2b1cb00dc439a15b03b8c3194e7d08917777	rejected	1790433932
0x8492fcedd07856efe5fbd4034642593db44f7777	rejected	1790433888
0x849555e8134933ad8bb0d87a199d8ecfc2677777	rejected	1790667719
0x84967d797cbb0958c14dee6ffa5830a887c77777	rejected	1790433453
0x84971fe1349a0b9556cde7f4cdaced72e05e7777	rejected	1790433686
0x84a2d11476c6b65164c7e91e686b559f39917777	rejected	1790650402
0x84b0f72c7fcc507f4997856f36815e4e9d897777	rejected	1790650174
0x84b9e41c7c61c54cf0dae8a44045189959a17777	rejected	1790650865
0x84bd26145b43805fb8917bb36f9e56f563037777	rejected	1790650721
0x84c05360482e1b97663c445d12e46e51801e7777	rejected	1790650183
0x84c11ffcb4a832c876fe31bf731021188f6d7777	rejected	1790668021
0x84c33437ed19018259f81be3c5ce393881797777	rejected	1790650654
0x84ca65212b91305daffe913a3a4e2d4176397777	rejected	1790434620
0x84cb09eaacd14635ecad29820b8294a343927777	rejected	1790649723
0x84dc25096e424782e72025551c595a2d74b87777	rejected	1790650654
0x84e80d5b7476f6f97688f79516a4139040737777	rejected	1790433756
0x84ecd2d2a7b408b1ca63911ac85df0fa65937777	rejected	1790432498
0x84f421d1fc6322a62c61b306a3bb8670d8c87777	rejected	1790650456
0x8500adce3d20763249399a78c4af6caf4aac7777	rejected	1790433904
0x850402cbd30a6123c7a8565e8bcf9422b94a7777	rejected	1790668090
0x8506642595725f77f40613bf490c21250d6e7777	rejected	1790667363
0x850db673daa924aa6525151a8451e3d441037777	rejected	1790667854
0x850eb5b96ab72fe18fa8aee498eb7b9967527777	rejected	1790649929
0x851018ff268c330382b2a1f2ff6392f525357777	rejected	1790649794
0x8516389eae1bc52a0f81d62c40078e4dc0747777	rejected	1790433512
0x851906a023103aa4c879034dddf5fc681a0b7777	rejected	1790433688
0x852010ac18fd002c7218a54cb673a9ed2e527777	rejected	1790433596
0x85211719ec9e4bee946eb6bcfc9f5c8f33237777	rejected	1790668009
0x8521907d3677cb00c0d7129080b132207f6c7777	rejected	1790649734
0x8524ff249e75c8608ecdfe5a228b23317d297777	rejected	1790433493
0x852b47703c3343d12d8ee8689e4bf95e12007777	rejected	1790667888
0x852e90fa4423706ba2594825943acc7468ba7777	rejected	1790650705
0x85319b9b71dc2c1848c1147ff7bae09580327777	rejected	1790668060
0x8534039a62bcc3699fafb7347b9fc797029d7777	rejected	1790650483
0x8538a2a1e2be0286047baa1b0440e9bb155b34f2	rejected	1790668011
0x8539a0252f8c957038d6bef84cde86ded52f7777	rejected	1790668136
0x853e7f190cd0d058b941973f81d9d650ef3f7777	rejected	1790432856
0x85427e051125ed44b9752306c99987471f2ba702	rejected	1790433924
0x854b2d8368e0b6fdabe324e644c4be2956ca7777	rejected	1790433670
0x8551f5d8b83c2fc6c07e915a50ee5fe5ac5e7777	rejected	1790434032
0x855c319d123ee1ccd1b680ff683d814743ec7777	rejected	1790650696
0x8563e6b22ad1bb953d5ff3afcfea97804c517777	rejected	1790649875
0x8565eea11ec3e26718a52500b97b7e2e1a7b7777	rejected	1790667903
0x8575f76ea5d94a8b1a5b9a698bbcbab683e67777	rejected	1790650446
0x8576614ee2186666bd6265a5db300659966a7777	rejected	1790668113
0x85774b2c1a33e048de593f23535710f2b89a7777	rejected	1790434720
0x8578d2dcce943cae678bae5be606c2fe59267777	rejected	1790668054
0x857ec249716ba16c169aded02750a978fcd87777	rejected	1790667862
0x8582a2d741fc4078f5d85b9e0432191d46c97777	rejected	1790649863
0x858dac4e92b801fb15f5a05029aa6111109f7777	rejected	1790649789
0x858f5d0fec595ee47c311d24e6d381f123217777	rejected	1790667926
0x8596d6d89cc15ef52691c1036bdc8a6ed24d3f58	rejected	1790432608
0x85a04798074cfc3bc292d1b3491836b9dce37777	rejected	1790667959
0x85b007c851138177be6b7318a662fe8a09d77777	rejected	1790650008
0x85b8d79684188346031df25bec33eaae2d207777	rejected	1790668031
0x85b91ca3dd61da145775a83617ac4dd9073b7777	rejected	1790651041
0x85bfe3421e2bea67654d6f90e2f26d5f40877777	rejected	1790651498
0x85c08add2c3548c43b41aeea083219b219fc7777	rejected	1790650438
0x85c3533ce927cc488b73bd6a4d62979b9cd47777	rejected	1790433449
0x85c47f47232c84b40fcbb11bd94df4f124627777	rejected	1790649848
0x85cfd448013d5c9bfb0476454e72e3a87e217777	rejected	1790433447
0x85cfdd5237b855fdfe75a51d50651c2db12499d8	rejected	1790649858
0x85d02efe52e1b5e238b00db2c51d96a6782e7777	rejected	1790434586
0x85d7a4e63718b2d763a625f31a991264cebf7777	rejected	1790667956
0x85d820edfbad316ba2ad10efeae3f14f9e067777	rejected	1790434810
0x85dbb4235609dc2c04547947a2f42e75f2a4ed08	rejected	1790667441
0x85dff8eee63e7ad7ada831017699ed3d95a37777	rejected	1790668026
0x85eac5ac2f758618dfa09bdbe0cf174e7d574d5b	rejected	1790433922
0x85ece2d999ae3c23fa200e22e1ff5ccaf9107777	rejected	1790649769
0x85ed124d55604409c91b55f6c0ddd49cb38b7777	rejected	1790650230
0x85fafc08c2ec0a14710948e627d5bd5737b67777	rejected	1790668102
0x86016b3bf8904cfd1661d5e27889098be0577777	rejected	1790432691
0x86016d08cbdd153bc83ddc9d1f3c32c19e8c7777	rejected	1790650031
0x8609e9536e844d55ec958a52c9110b8cc2727777	rejected	1790650765
0x8632bb92f82fc2d9311e2f1966688272c5347777	rejected	1790434035
0x86355838bc57be334e4431bd2498ea3cf2f87777	rejected	1790433602
0x863d8183ff5ca7de2e53da3e172e027ba0607777	rejected	1790433583
0x863e0289a36e610396601f567a3095f0df2c7777	rejected	1790650925
0x8645646693c68e86e77ea184f340ce47b4ff7777	rejected	1790432754
0x86466ffea5524be4c99518aed345716b278b7777	rejected	1790650537
0x8647b7470a1db9673116686324942b84f3777777	rejected	1790667920
0x8649b5389c49fe0ef8af82b80c6a2b139def7777	rejected	1790650566
0x864a9d3ff99a1b7f00e3ded8dd2620493c8b7777	rejected	1790432973
0x8652ea1ab55daae52469c85063d2f52296b57777	rejected	1790433197
0x86530e72db123a53b7a32fe65dc3d3ed23b07777	rejected	1790431511
0x8655ad7b7c4751b29eef681466831575f5177777	rejected	1790434356
0x8659cd4ae7c6e25dc7b3e73cc3de2ab8fd517777	rejected	1790431646
0x86658850401103d3177edf4f5d15f6edf2cf7777	rejected	1790434970
0x8668ff1c8e4dc57407293c09fb892c5093807777	rejected	1790650682
0x866a32f62598c1d3895caeac2f433371651d7777	rejected	1790649651
0x866b2a59e8e0758944b6224d566c8d00ec3c7777	rejected	1790650712
0x866e25d8b2da3ff16a881d9479797665e8467777	rejected	1790650040
0x86735aa3495bc6a15e176a3f8815e173a6917777	rejected	1790650386
0x867531c82cd2662602db7b895811003abfb57777	rejected	1790668036
0x868d84c50094e839129a649460cf4adc545f7777	rejected	1790433039
0x868f04294d26adc040300f06fd7c200ac2a07777	rejected	1790649984
0x869b547c67e81c4cfbc2a884150af410aba67777	rejected	1790650270
0x869e552f2f45a8bfe4ecf30320ea79e390dd7777	rejected	1790650513
0x86a7e37ae37e4bc0b62a27928c1c3ba73f927777	rejected	1790433539
0x86ab7d32d46676dae4296577d925eba3002c7777	rejected	1790432951
0x86b2d9469b013bce6bd46d31921bf0192cca6fee	rejected	1790649809
0x86b3f3197f0f6e6ee22bb3e15f0bf4c721097777	rejected	1790650887
0x86b791bbfbe9f63e61d0f90ccf56a0e639637777	rejected	1790431283
0x86ba329e8400775e0e777d9e99943ee549f67777	rejected	1790433481
0x86cf7f926f8961b2b6ddbe6c4ed48e23261c7777	rejected	1790433642
0x86ecbc2ad7d5fc996c7e72e8fda9aefb989c7777	rejected	1790433512
0x86ed6e3255fb1c216a8c2846747dfdf0c8467777	rejected	1790433506
0x86f17a99f90e4e340949c311cf234251338f7777	rejected	1790433541
0x86f950cd787666b00f44cd5a1194231cf4027777	rejected	1790650743
0x86fa29a18993d212cb9236ce761160ea25737777	rejected	1790652133
0x87016dce4d6b3d1c716ebc030d21e25b66947777	rejected	1790650081
0x870706d4fd28957d31daa712c7d55b1cad7a7777	rejected	1790650914
0x87153176e951c920dad8d679f608241af36e7777	rejected	1790433570
0x8715c12ab1bcc38d19e39e7683da06eed5b47777	rejected	1790432948
0x871a12ba6016bed8e18049bb3eb690f576237777	rejected	1790431658
0x871a295c456c515bf777a6a0312114d4d8a57777	rejected	1790667764
0x8724f6115551a1688acbfe764b0c574a6ab87777	rejected	1790650372
0x8725ec7f4056bbd3d1f6da0003b3a4342b627777	rejected	1790650690
0x8729438eb15e2c8b576fcc6aecda6a148776c0f5	rejected	1790432499
0x872c22d177c2dc8d9330bb6d05a5451f149c61b5	rejected	1790432515
0x8733be38ca1fb93990874f4a9bc917c6c6b57777	rejected	1790650533
0x873d8e465646c6ab60bf581d4a61f059c4de7777	rejected	1790433740
0x8752a414a5dccf2887a03091d0c2ab83b9ee7777	rejected	1790433510
0x875d6e31ee6b0eb7a857737af26e432138a17777	rejected	1790432690
0x8765952e355635852c71bbe22d080d2702514444	rejected	1790434175
0x876d867c45abf8ccdbeff4697cbc671ad88c7777	rejected	1790650043
0x876ef02a2d8346cbd2e249b9c770fcf4ca307777	rejected	1790667901
0x877434609fb485b06d96c62dd762d1325ca17777	rejected	1790433665
0x877985fdb85a9c91deaca83748a40b71f8f47777	rejected	1790650414
0x877d60b1076d80344a080f797b0d9ff552b37777	rejected	1790667743
0x879803773fb11ea331e05a5a96054f3c56667777	rejected	1790649783
0x87a8613dc425f742f2824b6ffd76622f8f757777	rejected	1790649831
0x87ae267002cd1ea0ec86bf3601d4a8ad76a47777	rejected	1790651345
0x87b4d33ccafbc317f94902d5df30a96af5ee7777	rejected	1790434382
0x87b5982bece3eafa6ddac8e816e99570d43e7777	rejected	1790650787
0x87b6407f8ec49cb43249d16ef78ae48444597777	rejected	1790431635
0x87b90391f23455e34fc2f3390c9463ac5a227777	rejected	1790432704
0x87d186597d8cbb57bf5c5797b9a7fd50dfee7777	rejected	1790433435
0x87d47de157c53628288cc86c832046c4503d7777	rejected	1790667749
0x87de4d2490f410079a2a1f9a75f7fa21f3577777	rejected	1790649949
0x87e0fabd51d34bfbf5648438f283290eb1367777	rejected	1790431723
0x880176693cc348373856532e0500abbe96977777	rejected	1790668021
0x88032875ac279cdc5488b2fa9c2e9d5dd4937777	rejected	1790431605
0x880365f31214d59092bec4aa7209aaff201f7777	rejected	1790433386
0x88062ab88de7adb3b39ce54943b607535aac7777	rejected	1790433620
0x8808052cb03b7219f951f6be83e98cf673ae7777	rejected	1790650136
0x88149cb201940dcd2c1cfa485c62dd9983d47777	rejected	1790650382
0x8818ab42957baa0cf856b351040e9b1917bc559d	rejected	1790650079
0x881a2f2dfa7c39150957f840805d435e75107777	rejected	1790431411
0x881f1f890e9e9e1411d96d4e18a7784e24db7777	rejected	1790668035
0x8822d8377ccef2e4e1fb8fa30aab1189b97a7777	rejected	1790650711
0x882a6bca6ca838d015c39a61d4aa94a46ba17777	rejected	1790649986
0x88313935b16760e8ec52b99d1f8415e140b77777	rejected	1790432832
0x8838be3e1c977645153c19ce9c05368a731e17c3	rejected	1790432947
0x88438c356a22c8002309d795c85950fb8c377777	rejected	1790650775
0x88476bfb69dd253532cb047cd0d2a6b2d1b77777	rejected	1790650536
0x884acc07793f4e163b8664295375662f4a597777	rejected	1790434809
0x884d78178c0b05e64d38d7343059d63cdbda7777	rejected	1790667694
0x884eeeece98106e9050fbfbe7501cca86f367777	rejected	1790650256
0x885098e1990e129f14bc2318c96fc1be4fc07777	rejected	1790432493
0x88529438462a1b1bb7b322f6240df460c5187777	rejected	1790650311
0x88627b80c278fc4e9de32fd63ed7d6e05f3a7777	rejected	1790650077
0x8872a1951f3729bec5a0b80fcf00728d93067777	rejected	1790650391
0x8878a61d2933d3fbd2b1b2f4f982c96e9b017777	rejected	1790650247
0x8881d7b8e8702494866fc3d05b9aa3c52c79a62e	rejected	1790651655
0x888a9e925a182c92403d456d3b64dced937b7777	rejected	1790668252
0x8892d4196129d4e81c057da1bb7c43a804f77777	rejected	1790434331
0x889a29ad80367832737bb86d9ae3a7163ccb7777	rejected	1790650008
0x889c9210fc05f801fd811ee406c20b4a22497777	rejected	1790650765
0x88af11f0787ec901a9769d16da43193496eb7777	rejected	1790433699
0x88ba503263197641566cfd6bb39729ce657f7777	rejected	1790667602
0x88c08bf706146c149fb1fade2834ac72290e7777	rejected	1790650006
0x88c520e4720651c74ea0b631b1fcfc1a7e067777	rejected	1790651063
0x88c921a9c058c98e1d384637288a699a0fa07777	rejected	1790667856
0x88cbe8234f1fce5b4922040925e7a2c945877777	rejected	1790650002
0x88d0a45b67a2e99f1deff4432f04be2c9e517777	rejected	1790433570
0x88e220da3d16320d0f6a3e24fdb06db76ed27777	rejected	1790668128
0x88e31dd41ada69a3fd54096c4a7ade21cf347777	rejected	1790432844
0x88e49d5deb3074bd780d633312253fdeed987777	rejected	1790650124
0x88e6c3e4b6f9e7b2c0974a5789cf06bd54087777	rejected	1790668096
0x88f29d5ec072031aa197bdd395e16567e41d7777	rejected	1790649793
0x88f2dd13b7054a9aa8d5517389da2f9ef3627777	rejected	1790649761
0x88fa071b0a0c01d4d7771fcc32d860af2a407777	rejected	1790434212
0x890255d5749d99f9cb85ddfd22aa2030f0197777	rejected	1790432705
0x8903ff95899cb85f002b1fc17149b58448fc7777	rejected	1790668011
0x89086d06c01c77c55fd0d77db6516d01f1047777	rejected	1790434490
0x8908c40a721806d9c23e3a8c09d9a8771a837777	rejected	1790650683
0x89090a2d84e2ed3fbd6650cc4be3d4f64b354f33	rejected	1790432856
0x890bc1b8977f9cdd9b7a58b86b9e00a8fc827777	rejected	1790650221
0x890c4c409dec8c8ecd26020015feb5f17c277777	rejected	1790433538
0x8926a8e49ff8d09c112971f5231abf27ef1312e6	rejected	1790434588
0x892868e5e57571b966d3f1fa51398c644e577777	rejected	1790433386
0x892ed65c2bf544e48a1ca58f7540291abcfbad15	rejected	1790650717
0x892ee25209ff3bc7efafe91fe313936f395a7777	rejected	1790667614
0x8937da69093d508b9217cb0d3175c7c65f387f2a	rejected	1790651085
0x893c22c4b94c36efd908a63c74d661718b067777	rejected	1790650233
0x893dd0e3909fef8b1d2c16944a60822306957777	rejected	1790433647
0x89420aa784cac148d0ac70058571f900d8d17777	rejected	1790431408
0x894a3bf34a40c21ec1b25cfd463ac3bdaa3a7777	rejected	1790650238
0x894f5a2dc7ff665c6c56d841f1746b6980817777	rejected	1790667944
0x8955ba02f65aeb78517857d2babe3c207a777777	rejected	1790650667
0x895854da8c28dcf1692be2ae2443611d18f97777	rejected	1790431512
0x895da0ef12de0425e5b520ab9042b32878a27777	rejected	1790649907
0x896d886fdcb26568990607c34e293a7673897777	rejected	1790434389
0x896e175663041b5d1b32b8d2f4d8e971bcc57777	rejected	1790433618
0x8973bd47ea00d6d9fe5916a1095fbaaf8f1b7777	rejected	1790667366
0x897b204ceaa57785ff90826cf51dec5aeafc7777	rejected	1790650374
0x89821d1d3a94bf6ae4df1bb5090eb7ac24fd7777	rejected	1790667733
0x8986495524d7f5ed4e1ce030b474707481cc7777	rejected	1790668087
0x898ae99886d169eaecd8fef48abc17eab9907777	rejected	1790433612
0x89930cd2588342a8d7012c49ad5a61e793dc7777	rejected	1790433660
0x89967e8a519ab1fa85a92c9fcd01d635c9047777	rejected	1790432744
0x899e9942152b3687a81ae03aa84c8a33b7537777	rejected	1790667362
0x89a2fbc6f4796a64bf837d1c33ef78e10d897777	rejected	1790649737
0x89a7956969ec462862ea0d0df51cb043e8317777	rejected	1790433492
0x89a97cf3accb82745c5e462bd6126e9b17567777	rejected	1790431637
0x89b636dc9642d7b8f15f51d853fc49d995987777	rejected	1790434367
0x89b9632c02474ade6ddb57c86c9462514e667777	rejected	1790432684
0x89ba008aca4c7f61d4ea803246cae94686909f8a	rejected	1790649747
0x89bcafe4070cda0cd010277dbdcdbdc4727a7777	rejected	1790433722
0x89bd0c2e9ef1cadd9373086646513043bcd07777	rejected	1790650429
0x89c75f1be49dbb32ad4ef641330ba4125ecf7777	rejected	1790668161
0x89ced5560e95d6a4000fa67f50bae3c453c27777	rejected	1790667964
0x89d577c5dd2b5e3cd171db47ca1aa55bfb077777	rejected	1790432976
0x89db90dea3a565c81610e0d881d9b55ff25e7777	rejected	1790431616
0x89e1ff8702385afa59adb4a7c0d93861d06f7777	rejected	1790650882
0x89e3d5374dfcf313410dfa093d1735412abb7777	rejected	1790432508
0x89e4cc14d49490368c9256cd525ad65c128a7777	rejected	1790650870
0x89f0c9dc09ea00c069e5c18b5042ca9c10d17777	rejected	1790432712
0x8a04b2483ce46b54bf96152067c6158af31a7777	rejected	1790650441
0x8a0f738b7e59c3119e13ba5213e3422d88277777	rejected	1790650040
0x8a24449afca65229431bf130bc2034b448ad7777	rejected	1790431599
0x8a2d7f142b516df9ad2df13670f978e4e79f7777	rejected	1790433668
0x8a2e9b227dc8f7678a62dae1b009bfc4019b7777	rejected	1790650574
0x8a2f3bb878cf4fc7d548c3b8d0b4052860437777	rejected	1790434805
0x8a2fb78f9d3e96ea72a7cc4fcdfafe9caa747777	rejected	1790432686
0x8a30c5d6b37a618f4dbf70b3267d87e689ad7777	rejected	1790431618
0x8a327a25870ce52c07e769946618955300437777	rejected	1790431596
0x8a3376a16a95f9051d36ee36c55e635be5977777	rejected	1790650736
0x8a3381ab107d6693360cca7c0d4a67e212041f53	rejected	1790650116
0x8a3529eb3c3e3589ccdfb8e5aaba12cfca8b7777	rejected	1790650676
0x8a3605a6c8631081ac74bbf128fbbcb114837777	rejected	1790431608
0x8a3b7158904eb19a0eec8a4da58d3e66267d7777	rejected	1790650308
0x8a44930cc6c2876445910f4a9f1eaf0e5e257777	rejected	1790434695
0x8a46dc1e1df4b65cfbb85854241248e638f57777	rejected	1790650531
0x8a4ce064792babc0d4fb03bf5714a9fd496d7777	rejected	1790433596
0x8a4fd435455fd9a3a9a56ad264b24418f0417777	rejected	1790650846
0x8a526031e79f159c27e51681949f551582077777	rejected	1790433459
0x8a61190cda95695d82a907ba5f1c8fd578117777	rejected	1790649724
0x8a684430872cc75749dafd81a2fce38a6b377777	rejected	1790434716
0x8a6f2311af71a2f9113327105df01dd2af607777	rejected	1790650322
0x8a70134a341d7b1b27b555a80fd8844305d87777	rejected	1790432867
0x8a778b83c836672ef09022d744d517d34b977777	rejected	1790667936
0x8a77995df4405a72eb5565e5b6689ba081b27777	rejected	1790668153
0x8a882f06ece3554aa1a4605116fe9ca5274d7777	rejected	1790668006
0x8a9627d501b7f3f4434fe5ac434dd37aabf2a1e3	rejected	1790649835
0x8a99a379256ee9b561268b2e50f835c3e8937777	rejected	1790650564
0x8a9aa31d1ae085a0bc2e892766d525952b297777	rejected	1790650890
0x8aab6b3229c4491e31e32a86c564e29bbf717777	rejected	1790433431
0x8aacc072dd52f421866bf5e8b9ff091d7f427777	rejected	1790651089
0x8aadd8f61cad3b6ade6f189ab1851ce17e8b7777	rejected	1790650849
0x8ab0a70965d034962207997fcd69a5baef217777	rejected	1790649890
0x8ac76a51cc950d9822d68b83fe1ad97b32cd580d	rejected	1790434145
0x8acc8de03f4fbb7b259ae1f787e91e37e0067777	rejected	1790649881
0x8ace0a57108131f418570d211ae8458f24177777	rejected	1790668139
0x8ace94ab06ada4aa3b391fb14edff7c4d5cd7777	rejected	1790434019
0x8ad145e7a7a82a646098558678d8a0bd78697777	rejected	1790431598
0x8ad1af915bbcb5041035f387c09bb4fc2fc47777	rejected	1790650193
0x8ad6e71e3c3ca89d0b5271493ee22e3eca377777	rejected	1790668258
0x8ae07b907866ff8ba46988aa0b546a5068787777	rejected	1790650358
0x8ae9a62ccb8d3c3693da827d0d980db267467777	rejected	1790667513
0x8af3f86c75c5050b4d46af99530f52949fe77777	rejected	1790667935
0x8af62bdc00ea11f05831cc575ab2308b4aa389be	rejected	1790650323
0x8af89a7333f5a2aa57ee073b2180d01b97397777	rejected	1790650444
0x8afafa80a91a9374b32112702802ec3732f27777	rejected	1790649727
0x8afc934d8f7b4b31fe8f02892f2f5f09b3d97777	rejected	1790650123
0x8b07fe5a3db8d39bac27181cd210069950bc7777	rejected	1790649820
0x8b0ec9327f47deaffa3faeb0ebec4a1dfc4b7777	rejected	1790650661
0x8b10c290909065e397767da731a9c5e01e73ffff	rejected	1790650495
0x8b16b8a2523f807c70d55854d46c4051f5977777	rejected	1790432827
0x8b1afab0736fd8b7c31fe33b7d6fbc82bbd1eee1	rejected	1790668249
0x8b2b4c2cbe6cb702a6d292a6baa6d14a4aa57777	rejected	1790432861
0x8b2b8eb877b8b4218e9ac7bb0c2f9e3049497777	rejected	1790434723
0x8b2e4720f276a29abcf4cf790c3b5a48ecde7777	rejected	1790650872
0x8b311eb9042ff91e5907e9adf07b90b9bcbe7777	rejected	1790649931
0x8b33bb78b35cd346e65e798d01ba5dcd21697777	rejected	1790433435
0x8b469d93790898f0147f6604defa50533f8c7777	rejected	1790651024
0x8b51ec825cce89cadd56f3c72275c51952ec7777	rejected	1790668031
0x8b524fd74ee7a3d29e7ce3253df688eb51b57777	rejected	1790434578
0x8b540038fa0b42145eb25d51e0759610b1de7777	rejected	1790650104
0x8b55dbf7ab3232d0bddfd1af8b03353d48287777	rejected	1790433633
0x8b5c0ece884cb926b9455ee12cdf5e260e447777	rejected	1790650443
0x8b5f8b34f44aed8e16e5c90cf4d786b394c07777	rejected	1790667943
0x8b60ea5dee7168d7febb467e9d52942773aa7777	rejected	1790650027
0x8b643b8586bb1077604644d116dd12646c2e7777	rejected	1790650732
0x8b658cd376262b55e860f2c91c042b1955717777	rejected	1790667769
0x8b66c32a9464219a4821e24f61dfcb31b59a7777	rejected	1790649749
0x8b7616925a5a10baeb2ef3133f4a742a23717777	rejected	1790433644
0x8b7e033a2bd0700027df42a8f68d555c993b7777	rejected	1790667865
0x8b868a80ec78f67a12680d50e5875ea9ccca1a24	rejected	1790667363
0x8b872732b07be325a8803cdb480d9d20b6f8d11b	rejected	1790434721
0x8b93ec81c786162dbd5e7db685e5fc861ddc7777	rejected	1790433362
0x8b958dfd799096c84b57fd46807250c43dac8888	rejected	1790649835
0x8b977abb803db95f607b6a4ffed8ba4be81e7777	rejected	1790434703
0x8b9ee39195ea99d6ddd68030f44131116bc218f6	rejected	1790434387
0x8ba632c77c0b1839ed8a672a2bb6937d9a1d7777	rejected	1790650217
0x8ba9439c7f5a4eab0299551de2e09176552f7777	rejected	1790649904
0x8bac75d46992105466d614110b56f6b6f9c37777	rejected	1790650041
0x8bb120ad416cfa78f9e3f4b49858297fff567777	rejected	1790650453
0x8bb700580da65f8956974e3748eaae9c66427777	rejected	1790433438
0x8bbb4ca1d88b6c21ec688a6bd643d24cae927777	rejected	1790650691
0x8bbbad8d2ebd1f610fb5d09e4218e274a1107777	rejected	1790650059
0x8bbe3174d13103308ed03224b0864dba0c2d7777	rejected	1790667883
0x8bcaeb2553d9d020f8e756056aee709da5417777	rejected	1790433918
0x8bcb1548fe0b72a62e5d90e7ef16c5317499dd68	rejected	1790668099
0x8bdb9656c7485d2c55b0cce01e78246b57437777	rejected	1790651037
0x8be3111d612de2b066a3a1a57b6b9f4513b07777	rejected	1790667360
0x8be36bc62144ab189a0fc50087b92d14a8607777	rejected	1790649947
0x8bec835bb657a4e27ac2a9e3ff24106c12177777	rejected	1790667710
0x8bed9aa0d66a388ec6774a549664070e45507777	rejected	1790434613
0x8bf06a81a22aab3a9385096ee659fa15031f7777	rejected	1790432846
0x8bf7e3dfd9b3a97e2dd501e3e38b88fb3ee27777	rejected	1790651049
0x8c082f50276e269c5093f1d51078b510bd5e7777	rejected	1790649748
0x8c10795f5b8b9cfaf654b90a23ec92849b157777	rejected	1790667948
0x8c10bcba6967d2286ff36b6b1d7f4536f82a7777	rejected	1790667733
0x8c1286c85b1c6bde9da6b6245cee852c56327777	rejected	1790667764
0x8c12c98a0c4e884e3edb144905292fb7a9577777	rejected	1790650363
0x8c1c8f0ca86340f66e3f3b13d21ed7adc0ac7777	rejected	1790667944
0x8c202264bf9109e4098cbd30af1ceb826d417777	rejected	1790651065
0x8c289e4bd6695ef6d948d8c0fd4732fa7d617777	rejected	1790667974
0x8c3391d8a6d5c31068d8f97c32a19850e40c7777	rejected	1790650191
0x8c342345427b0721f9a576d03a00791059a27777	rejected	1790667977
0x8c3470a686172ce34a65325f76d4a17da0e87777	rejected	1790433530
0x8c3da358bf2003a84fa792ef858449ecae9f7777	rejected	1790433866
0x8c3f880f4d2840a303b555e88be80d679e19593c	rejected	1790650870
0x8c5430d4d11268414680cd07a2625b814cd77777	rejected	1790667882
0x8c56d557367001d16c07dcee2cd3b3e6fa3e7777	rejected	1790431597
0x8c6d2c01f6b7d2614a1e364bf2a3b25c176f7777	rejected	1790432749
0x8c7559ef8fffca94dda5f88225891c1063714ed8	rejected	1790434387
0x8c7788c1c291e883ae4bc71a59923b60cf707777	rejected	1790650575
0x8c7da3d2a21096d7ae67e4732fdd93c18c067777	rejected	1790649993
0x8c7e09d73a96df9e1b1121f159b374cb5eee7777	rejected	1790650282
0x8c810ba7906ee88a781e1d517f8149bb76f47777	rejected	1790433466
0x8c844d3c2d0951b9b8e77c4813bf24e9209b7777	rejected	1790650390
0x8c8f957f95a11aa644e5c1b48edb1bc68af27777	rejected	1790650930
0x8c937c152f47709de49f14905bb736e561837777	rejected	1790667980
0x8c9404c8aeabf7186958b5ac5dead6050fcf7777	rejected	1790650361
0x8ca481ca586f08c1d971eb2efc93dc15e1bf7777	rejected	1790667944
0x8caa5440cd055f0036381e3337f933bd45ef7777	rejected	1790432946
0x8cae1ce451399b124429f73438f1635a92507777	rejected	1790433513
0x8cb5a61192304b124e8463cd2f758b7047ce7777	rejected	1790649742
0x8cb92e6b935c6cd773ee4ebfc9ae1d5a44a57777	rejected	1790668168
0x8cbfdac1eee1617e82a36cbf751eb46778747777	rejected	1790667767
0x8cdb9d40715edcb012b3a575f9ad1b9100a97777	rejected	1790431424
0x8cdbf5ea53d9e17d1e68ffa210100caa97ec7777	rejected	1790650676
0x8ce263ef0c9ea42e3180abee1cf89a64c9647777	rejected	1790650015
0x8ce71db164f7b37c5e12c963feedb6a243297777	rejected	1790650158
0x8ce754229281525e2694f8d741fa7e1e46987777	rejected	1790650706
0x8cf023263470e1e6536c118260e228bbec347777	rejected	1790668336
0x8cf127c4e75f6e6972dbcdff1ade041b98d27777	rejected	1790668330
0x8cf3c67b78a6c8f7f634210c880c74b148c77777	rejected	1790432720
0x8cfcf2961e1aaf607aaed65cc8d4735493a38310	rejected	1790434581
0x8cfd0aceedd2c56745792c9325d1db9ff7e47777	rejected	1790433651
0x8d0547a9fedc849c6f59265801ccc8dcf79f7777	rejected	1790668066
0x8d0d000ee44948fc98c9b98a4fa4921476f08b0d	rejected	1790433869
0x8d1a91b80b94e6e02c6fdea95ce98b881e6f7777	rejected	1790433677
0x8d1bc75d3658d93adcc2a6628b815613519a7777	rejected	1790431524
0x8d1e3396f7523dd3b3a650b1508e78e63c357777	rejected	1790433596
0x8d25112ea46c26574c2aca5fd2c923c4cdba7777	rejected	1790649947
0x8d2dc51803b77841fa1e27f05a10a8806f677777	rejected	1790433620
0x8d323eec0cddd091e71a5e5004aae61dfbc97777	rejected	1790433641
0x8d383b15a2a58454e3433023faba6030c259f101	rejected	1790649868
0x8d4671608c808301945bac82be5e644ef07f7777	rejected	1790668134
0x8d473a46467f391dcad90433d7cc3da835c97777	rejected	1790434039
0x8d48314e9fd28e06ecbf6f018b4eb321b5677777	rejected	1790434979
0x8d4a8b4c61404f910c6f17130836e1e04a957777	rejected	1790650238
0x8d4b72765d817d4e7e26186038eaf41bac827777	rejected	1790649911
0x8d4c6a3133c654cf1c290826365a9e4519f07777	rejected	1790432847
0x8d5f48cb563cc72c2b3a9637e31c831a35ec7777	rejected	1790650054
0x8d6426b4bbf7bd81da2a8510f89b54ab7fd27777	rejected	1790650166
0x8d65744527f55d0b2338350912d5c99a81ddf0e2	rejected	1790668087
0x8d68e1aec2c13272804c70cd6a37f20515d97777	rejected	1790649816
0x8d69538612251871673dc4f7bbccbb9840e67777	rejected	1790649757
0x8d6a38b98b6a9acf061b8472909128c0a8007777	rejected	1790434788
0x8d6b242d43dc0f87cb957ef3e8aef87c5e087777	rejected	1790650166
0x8d6e3edf5d212b68f08c1dacc35d3006a8037777	rejected	1790667892
0x8d7cc65728fb9d4eefd45048886054a4a6827777	rejected	1790433583
0x8d85cad0cc61e256ae697124f503dd805e287777	rejected	1790667515
0x8d85d08cc13592d3b19cff804290b7f027e67777	rejected	1790650481
0x8d88aac8c03e718a0ba6412aa7fe5fc3f43f7777	rejected	1790431594
0x8d8e2e1135e8691730d4ba8904e071d82eb37777	rejected	1790433584
0x8d8e61b208bd68e8d8292341b604f83a86757777	rejected	1790667896
0x8d9096fe6ffd59496a717db35ba1840bd5b67777	rejected	1790433556
0x8d911a98e989de487303d2cf17f37a85afca7777	rejected	1790649848
0x8d96b2ac299aa4049c30317ced2e09a8b7ed7777	rejected	1790432684
0x8d980bcf8853f2a2dee4713db2bc9a1a4f727777	rejected	1790667967
0x8d9e3340e0c51eee6f8436f3898e36ff77a47777	rejected	1790650546
0x8d9fc09ea94489b1cb578a456c6742396104232d	rejected	1790650309
0x8da85a4f2aaca3ed310a10dc76cc37d2d42e7777	rejected	1790434334
0x8dbf81cc9c090481e6e47b3faa696bf781a87777	rejected	1790649756
0x8dcb926362a46368ca84807f848d2fab839afbcd	rejected	1790668326
0x8dcce13b7812ee0e05d17c0bebf87cea00ad7777	rejected	1790433842
0x8dce380d7709c8f1c660e9a1d9b74f0389d67777	rejected	1790668167
0x8dce711ed9cd15b16dcd8e2df9e301b44cc47777	rejected	1790667925
0x8deb8a94d7c5af67551ceed8c88fe24da8df7777	rejected	1790650209
0x8df6b0ca87dc3171b875ec747efc3a9fc23c7777	rejected	1790667593
0x8df6e86ea68ad3978fcd0e94fc0600e6f78c7777	rejected	1790650523
0x8dfc87dc2ddefd55b73ffeafc7b86bca15297777	rejected	1790649740
0x8e00d74d17e0712d8044f9ed98163ab34b667777	rejected	1790650819
0x8e03ea9a02435eaf69f0bd88ad708ad5944d7777	rejected	1790649832
0x8e085981323e0c4a01ba56ac6703d6dbc0e77777	rejected	1790649845
0x8e089fcbabf7a36ac0bf6d4c1dd51128a4de7777	rejected	1790434503
0x8e0e4d9b67e5687ac25f95fc1fa90c7ebf497777	rejected	1790431674
0x8e11c0a767f30f0eca7bba6681e577519c157777	rejected	1790650167
0x8e1542d487959b33bf45b9c4753bdd685094d5c3	rejected	1790433593
0x8e18b5c52415f77826a8ff9347080e5e68837777	rejected	1790667755
0x8e24624c0706998c2894e7baefaaeeac21797777	rejected	1790433489
0x8e29470b8c62eadaef17751499d1a8d70010c7b7	rejected	1790432855
0x8e381acd9753b280b839d8d6f52b25dd6b767777	rejected	1790650123
0x8e3cecf5b65ec1c57186ff4ab283901235847777	rejected	1790433605
0x8e3cf861d2dde30ac1d7e9c9deb80c942b075000	rejected	1790434816
0x8e461eafce9b88fef4b48cd642c1348efef87777	rejected	1790668157
0x8e46b883dc3556fa1c4dd58cdcf0dfb0436e7777	rejected	1790434795
0x8e4759660109aaf7220f6c22d7b0493b40b67777	rejected	1790432979
0x8e492bf4711a208e957c9ff3cdca730881ca7777	rejected	1790650244
0x8e4b1e76fc8192156ba5d22eb6c59972010f7777	rejected	1790433676
0x8e52b39ac9a02959629e5b2e7ab93bcf37587777	rejected	1790668343
0x8e598ad6d02dc6fed48351eb9d17acb4242f7777	rejected	1790668082
0x8e5b78674c441301d45991f7621fc27be5277777	rejected	1790650057
0x8e603cc23fedce7aa9efbff1cd6491f5b113a28e	rejected	1790433666
0x8e6151bd0a72f18fa54fd97bea1168f74c6d7777	rejected	1790434503
0x8e63fe71a35c225b6e7726a307fa8addd3e47777	rejected	1790650265
0x8e6762933f1f146b72df21deed731e5477bb7777	rejected	1790650826
0x8e70335d68bbac7aaf6645257b761b27399d7777	rejected	1790434790
0x8e7083f637f1f7f5ffc5199d32f0ffc6db577777	rejected	1790668102
0x8e7307bee5200a0d6ae4dde971383db19b277777	rejected	1790869675
0x8e75a63f33d5936b57ac4a3cd2c4f55de6474a08	rejected	1790433554
0x8e78ef221f94aebb79530288db3c9a41c4c964b2	rejected	1790432943
0x8e85c1b1b180e033bbe91458fc14304d284f7777	rejected	1790434834
0x8e87daa1897ae442ae0535651032579447577777	rejected	1790668133
0x8e8ad18c86e5a9648edd2b7efad73d26cde47777	rejected	1790668151
0x8e92a513a57c9cfa450f0435fcf9efdb083d7777	rejected	1790649779
0x8e97ab85662573f35b52460a00ddfef7fec07777	rejected	1790667941
0x8e9ce12f27becda32bc95065ec71e6d91c9a7777	rejected	1790668013
0x8e9e6347c9938dfd165ab9ea7e1a9cac0e647777	rejected	1790668082
0x8ea186274c230c9417e4f67331f7b6e328677777	rejected	1790432695
0x8ea392169e44403f8f752879b3ffaf74804c7777	rejected	1790650753
0x8eaa5dd62c64212f1313717dc83ea23a32068888	rejected	1790650910
0x8eb38d616cc29f2b58b19d6a4ae9e93aa2007777	rejected	1790432835
0x8eb50b781ebc8c90c12a701d66ec87fb5ab37777	rejected	1790668001
0x8eb53bbaa9d2999a61044f0fc11a821351847777	rejected	1790434408
0x8eb5a1dfad1ba3187fd74dab9050ad12ed997777	rejected	1790650764
0x8ebaa652b7df9dbe9d0da064c66b91deca817777	rejected	1790649937
0x8ebb2a93469bc14e545b3e47c93e8f828a307777	rejected	1790431594
0x8ec76584459b7d7107b6c27491897aa6465e7777	rejected	1790431390
0x8ed57025c99ad5e360dd1741bf80dde391047777	rejected	1790651068
0x8ed5fef907c555f1ca3d2a26bfcfd752db767777	rejected	1790650581
0x8edda97e9616c2933e2c931a0fb2090989787777	rejected	1790434390
0x8ee20cddd29aa240b56f19ba9ba594daf0657777	rejected	1790667768
0x8ee598b717308da3c132a2f1e79e3b96b9c17777	rejected	1790432945
0x8eefab1839beea0fe0e0a21545f82596bd0c7777	rejected	1790433839
0x8ef274ad00d4543f18c3080091f90d6b05f07777	rejected	1790667696
0x8ef395b758b6b7e916170b35528a91c7acbf7777	rejected	1790650716
0x8ef8e7ff85a9d4e8225e5b2bd6ecbfb5c2c87777	rejected	1790667907
0x8efafb56c52426242ab512a40d987f026a179921	rejected	1790667513
0x8f10ab7d9b711251bbaa679b41052f401e867777	rejected	1790431640
0x8f246880d3f6fe8fc937ca051214b2035d537777	rejected	1790650006
0x8f29ee0db689bbd3f6108085c63a08252b3c7777	rejected	1790433553
0x8f36efa43a6b423111cea592f3f6dbf67a787777	rejected	1790431394
0x8f3ff63eec822f4becd8061b48f0399929397777	rejected	1790649939
0x8f4227edcde0a53b9ee630aa34c877ab16b27777	rejected	1790650480
0x8f6251ad710e557c92236662175b388cf9ef7777	rejected	1790433574
0x8f63fd1f506a7a2ff1c560276c0efe07a9857777	rejected	1790650764
0x8f69abfdf29e415788f7fbbbeba3d4042b3c18ba	rejected	1790649782
0x8f6a5d82462dbcf798a3419f32a1f48777397777	rejected	1790650169
0x8f6ba2bca846ae732fc979200aa7651165647777	rejected	1790650927
0x8f6bfb67e21768eeb5346cbceac1ccd88e717777	rejected	1790433537
0x8f6c4b0da8539d0f825cb85259d46e4a01d57777	rejected	1790433451
0x8f74e923cac52a9235168aa312a20ec83a937777	rejected	1790649885
0x8f7df9119d79c592f49e65acd519daa03a8b7777	rejected	1790431631
0x8f80f0b6880ca0b3b0ea1c64b8b843fc7df17777	rejected	1790667859
0x8f86a15ec17cb3369d8b3e666dadbc11daa82b79	rejected	1790434493
0x8f87814b53abace721d027b868f33a14c6177777	rejected	1790650850
0x8f8dc31bbd0e11863bf11eb916bc01e84bb67777	rejected	1790650346
0x8f8ea984e510ed7cda29bc7d2cb6c9a189f07777	rejected	1790432962
0x8f9022c058a755ab8a34da760a657e5aa80d7777	rejected	1790649969
0x8f90715a5af0cf9fc965df117a4fcbb4e8697777	rejected	1790667839
0x8f989e21984131ad947efd9f24bc0950a36b7777	rejected	1790433819
0x8f98a5b2748d7eab94d8829fc02fa61295787777	rejected	1790667693
0x8fa18465bad1314ad254ec7eaed1e69046ee7777	rejected	1790432861
0x8fa6b9c5da5fe5afa73a0ccc246ee19260352cc2	rejected	1790434971
0x8fabf437c8603f97ae9c118d8010a6d639027777	rejected	1790667997
0x8fb457658bcb14d050ec656ed350eae515067777	rejected	1790668349
0x8fbcda74fa55b60cd5354bd52146c3e5d7227777	rejected	1790667596
0x8fbd11257d1dcc9b6fe5b9f030bf73389df77777	rejected	1790650932
0x8fbd8bf1752f6e0b4d4fd2123292a25a85c87777	rejected	1790650410
0x8fbdbfa0669c82158e6ed3a130b6a188efcb7777	rejected	1790650944
0x8fbde6ff14325db8cc06a51ac6bf0bc613b37777	rejected	1790433888
0x8fbf01000ee650dc370f848e089c667c653b7777	rejected	1790650323
0x8fc92e9c7d79a74f971d5883e131f06ec0b47777	rejected	1790667937
0x8fcf4489d8e3521957b24d5c741d32ffa3187777	rejected	1790652079
0x8fd40a97305999b4f1cb7bcb4d5179bbb5618888	rejected	1790650892
0x8fe0b3e804a4780b2246c77863a81e504f117777	rejected	1790650142
0x8ff0b8a87e8bd4d79a39de6b0e7b21dd57777777	rejected	1790651069
0x8ff0ebdef7899269d5c66b0f1597aeaec8db7777	rejected	1790433746
0x8ff4de53039f0d2a9d9237f1cb53e9bf22c67777	rejected	1790433854
0x8ff795a6f4d97e7887c79bea79aba5cc76444adf	rejected	1790434622
0x8ff8541ad77014c4182ff4a4d4c60e8f35a57777	rejected	1790667601
0x8ffc97f8a0e33f3c66989f7b9e24f5a3f0487777	rejected	1790650876
0x9002422c83192b30d5391416c1428d00fdde7777	rejected	1790433538
0x9007ff0ce8596dd5f28b86a8af972328863e7777	rejected	1790433831
0x900d71e4c6d063240e7be62cb3cfbfb701ab7777	rejected	1790650317
0x9012f90b59e2e11b21ece3fb3d867d00dc927777	rejected	1790650393
0x90193be808da91cda0830b58f722bd843f957777	rejected	1790650371
0x90196f5217b73d9848cc081bb21493c915677777	rejected	1790650135
0x9027f14027ed8d45efa432abffb793d6c5757777	rejected	1790431409
0x902df049b6d7764b2218ca7f86eaf1f669d77777	rejected	1790668000
0x9041eee3f4215b71eb428f0e8f26bf3a0a597777	rejected	1790649875
0x90426a53da26ce5add96e91519e5bd5d83fb7777	rejected	1790431396
0x9042f7fd06f50549a57cac7788e7396e95b27777	rejected	1790431516
0x904f2b2a2ab7dd94138e2a7cd7a1a4dcf75c7777	rejected	1790650565
0x905171b21c5bc084f61c3cc3fc8ad3a28ef27777	rejected	1790649960
0x9052905127925ee67eb61896ed6ce55da6c37777	rejected	1790434593
0x90542f8c2056272601ee7ea5e7e501ed846f7777	rejected	1790649845
0x9054d515c3b6bd2c9927c360815de2755b707777	rejected	1790650117
0x9068888ef3ff74bc2b39dbf8280c3845e9257777	rejected	1790667838
0x90778e315528bc04c42016d1598d799ece257777	rejected	1790650267
0x907bd686e7b84a3c936bd675b2f681ee9adc7777	rejected	1790433477
0x907f39a62d4b5167ef42af022ff0454cb0ba7777	rejected	1790649840
0x9081598d05132da86b3e42eba77feaafc5497777	rejected	1790650290
0x90897e90a920949bc3b190de956459d800707777	rejected	1790649971
0x908a67712fa5951bc78ba2905379c3b826067777	rejected	1790667710
0x9092e13d87e6a79beb22c3bf6d30a0879ab87777	rejected	1790433711
0x9096fad57f5c3192ce5967513c6b968fc4ab7777	rejected	1790667607
0x909c6706483642afc2dd6991e5f2d23516427777	rejected	1790650529
0x90a21532163726085593d437f30a54b810b37777	rejected	1790651037
0x90aa061a7aacd2b08ce9abb59d42bd6e2c2c7777	rejected	1790432707
0x90ad6ac193160b4e3085e420da3586e24ccc7777	rejected	1790649927
0x90b5d8574c29c5d50bae97cfec73267cf4e97777	rejected	1790650140
0x90bd1b92f53b66d7aa50dc3a076453e090057777	rejected	1790650127
0x90c99182e035b45745673ffb2022f310c6d27777	rejected	1790434611
0x90cb3d782a34eb01d58d587cdc822730d8717777	rejected	1790668323
0x90d950caf91d86ecd9bcea16190ebd3bd1f17777	rejected	1790433616
0x90ddc1e1430631737550c241fbe532119bd37777	rejected	1790649942
0x90e8e7c0ab3854d83871b6be27f05304c5ed7777	rejected	1790650663
0x90eb9e2a017808a3f5c64aca6cb7362138807777	rejected	1790431519
0x90ebb22239029689be1d25817889d41a48557777	rejected	1790432965
0x90f145c79db82096c7cc1fa02a62971b56b37777	rejected	1790433439
0x90f2193e25c3a628392bb9c67c7ac00dfc707777	rejected	1790650539
0x910048611352ef0f69cb3a19a230618081e97777	rejected	1790869675
0x910d37888af5db02296ac4d98cdcb83423ae7777	rejected	1790667962
0x9110372433d05a0e0efbd6289f6d882dcb3d8b38	rejected	1790432724
0x911075978d7439bce27d1681c1ebcfd4526f6f13	rejected	1790433362
0x9117e6292776e9ca15da9a0449178bec971a7777	rejected	1790650365
0x911a98032c4801ad78511ac1f5d821de52b37777	rejected	1790650668
0x91284ae5ad5146f581fa7d7a20092de0bf9a7777	rejected	1790667982
0x91302737b7e37f174c9ec02609b02ed4afaba432	rejected	1790434717
0x913762259a50e4dc33c6359afdfab35b542d7777	rejected	1790668111
0x913a14164b849b1b30a4210472fcef1db6027777	rejected	1790651067
0x914b56ce42519f9922b1f648c91f299910d27777	rejected	1790433746
0x9156e4a08d73fbe34c8b0892602faf1d8fcf7777	rejected	1790650772
0x915c4342f6f3ab292d68ed661ba267cfeb557777	rejected	1790433859
0x915dcad4c3eebfea455aa0cdd5e38341c7097777	rejected	1790667863
0x916469b83e1caf10bf7ef938662beced978d7777	rejected	1790650370
0x9175f072c6f668cf799c0098610bc1613cd77777	rejected	1790434007
0x9177ec6ac23a006b051e5d3b301304ea51ae7777	rejected	1790650544
0x918933f1c03a25b5e77e611f129ea357df606ddf	rejected	1790434816
0x918a25e26f4262b0be169f9fde2b1ebb86a07777	rejected	1790651036
0x918c670c2bd957c16b46967571462d4c40357777	rejected	1790432992
0x9193eacc532ff0bd0e501e321b6644cb9fb57777	rejected	1790667943
0x9199dafea102283e5c4560ef2a40ec31f0407777	rejected	1790650328
0x919c78083a78617bbd3b75a44979fb221eef7777	rejected	1790650147
0x91a61c3534e66934d5f159e8b8e252c6abd27777	rejected	1790433607
0x91ab94a6ca1a4a8c621dbe1ab6cc08a167077777	rejected	1790650042
0x91bad84f8f46bbfb00e6f36f067fcc9c58167777	rejected	1790434011
0x91bcc6085425025c4defba1faf185e750dccbae2	rejected	1790650295
0x91c4c4e9f769f0f7a126c583f2dfb5b938717777	rejected	1790431507
0x91c8c9bbca9df98fc5d4b56c5030f932e9807777	rejected	1790649765
0x91c9baa353f63d2ecec9da3a8310bdc3da517777	rejected	1790650351
0x91d390f49deb21eb75d99259c16b241d25aa27f1	rejected	1790433530
0x91d5cd647d067be1c181900e72378b41db137777	rejected	1790650504
0x91da3e8d5c93fc9db73138dbea7126b778bd7777	rejected	1790432689
0x91ea1a12e89592bc68a4d416911cadf512a37777	rejected	1790651030
0x91eae9c6506adfa1fa14be531c80c62b3d3d7777	rejected	1790650364
0x91eccc82b27265edf0d813a3d63a8f877d3f7777	rejected	1790431657
0x91ee280ffb3ef7188508f8a3479b1973cd5d6c35	rejected	1790432964
0x91f9d20b6441eb771d150d7f00f33808f28e7777	rejected	1790650842
0x91fc7371d6de682a1e8cfcb4eb7da693312a03a4	rejected	1790434331
0x9203acfefb822d210f8e407ae1da9688590f7777	rejected	1790650477
0x92068eb23c5ee11e1f5c9d9113b813b5a2f07777	rejected	1790432692
0x92072ac457b9cb9c94c14ee3cbb4355cfdfb7777	rejected	1790433482
0x9208f92dc0fbd26bc4fa9c432b1a925aaac27777	rejected	1790668081
0x920aca6189c5e77ef2559c929e55edec0e607777	rejected	1790432986
0x920c0949a84ba31218c2abaf2dc85271438b7777	rejected	1790649962
0x92129b4ff7894083a7c9125b4bec16708fe57777	rejected	1790650093
0x9212cf1f9f4a9c69bb010146ba5b0725169d4444	rejected	1790434487
0x9217b491788d5c14320a3a1d6a0558ad40b17777	rejected	1790432866
0x921be21013b2b5cebffdb4853024e4a430097777	rejected	1790649905
0x921ea41f8aec6f89ec4e4f35d01f61ed6c6f7777	rejected	1790650492
0x9223a77421b0b04313250477b4ffce4238dd7777	rejected	1790668076
0x922b281e95d19f06bb4ef59b12d17d949f2b7777	rejected	1790668073
0x92375107864e51a159b4b0b79f49960628097777	rejected	1790667889
0x9238bbcd205fc20861f3c75565de10c3381c7777	rejected	1790668247
0x9239864a1a2ea4d41f526bd0018f46dc1ae37777	rejected	1790650357
0x923b700e458f6ea53e9f2f5a01db97d62cc57777	rejected	1790667859
0x923cbbe402ab9adb85fbe04edad056dc35447777	rejected	1790434833
0x923f2b36d54ab7560ab4b665e3b9ce4354f77777	rejected	1790650303
0x923fc2232d90f2d559f6d725293aab4ef4ae7777	rejected	1790433618
0x9241ac5a7575f960c58b771fbd3da6480d037777	rejected	1790667719
0x92473d005a248ca1204cf2d3840b50f3c4057777	rejected	1790434836
0x924c11ae859ba4d7d7ee6a4e6235438763237777	rejected	1790668036
0x924fa68a0fc644485b8df8abfa0a41c2e7744444	rejected	1790434074
0x92564bb18770c36a897141ba2246affc1c9f7777	rejected	1790650676
0x9256ef4a3fa3d307e185d1fe3ad3dbbd6f817777	rejected	1790649940
0x925c8ab7a9a8a148e87cd7f1ec7ecc3625864444	rejected	1790434971
0x925ccd194fff3c28cb0f748aae8358ffb10c7777	rejected	1790650715
0x92654fc75310f29440233848b9791c46b86a7777	rejected	1790432975
0x926ac30bfa52c82459310b27a8f4e76e760d7777	rejected	1790434835
0x926ec3a1fbd6be2d9e9ce37890091b8891c17777	rejected	1790434371
0x92705211f0c04f0b4ae0f010e4db2c09ac987777	rejected	1790668070
0x9270d63295fa4b580cd00e84c1ecdac1c5787777	rejected	1790650467
0x927c705e900f064b01f4aaa1d1f004e592e57777	rejected	1790668178
0x927ce8c3521b82580ef40df165b74b0516af7777	rejected	1790433532
0x927f8771a9d46228e66fb447de7f81ddc4d47777	rejected	1790434325
0x928baa28ef23baadb71d2e9e81d6d08832a07777	rejected	1790433864
0x928f0200902201964eaef41019c9b2c079a57777	rejected	1790667438
0x928fb2601427cdb1b04204a69473b13d49407777	rejected	1790650749
0x92931b1208f9aa0ad73653679523689a6f947777	rejected	1790667716
0x929bc2ab6aa0a38b3ecef782f29659558adbffff	rejected	1790432839
0x92a54abff0386350540f69c16a3f5aca122c7777	rejected	1790650136
0x92aa03137385f18539301349dcfc9ebc923ffb10	rejected	1790434497
0x92af1c5edb3a3e6f34cf9dbc38744b87518e7777	rejected	1790649878
0x92b1943194bb1697360fb546bb086d2c395b7777	rejected	1790650192
0x92b30697a4055c193a2c0d634c5d84e1767461ec	rejected	1790649790
0x92bf019274828d2b99d1a3f592ccb71347607777	rejected	1790651072
0x92bf705f73e1f6822a487cc136e5ebb561387777	rejected	1790667366
0x92bf9792e16a108bfa02b18f346b1bfbbfc17777	rejected	1790431281
0x92c437ea263da07837a05edb408dcae33c8b7777	rejected	1790649956
0x92c4bbd18bde3c13f0832746e894525e13bd7777	rejected	1790649650
0x92c874fd0355730b0e3434a2533f1f8ad6a51255	rejected	1790434408
0x92cc34c1f405ff4e106f69dccf56cad4bd4d7777	rejected	1790668005
0x92e10c00aadd257fcdb12451d7c3f67979737777	rejected	1790667757
0x92e5ade40588a17ddb2d4ee1c04a5dda40847777	rejected	1790433457
0x92ea02f8fe4e15349ff96e807247726984f97777	rejected	1790649754
0x92ef734f814c5a2edb71a76037957f13c09e7777	rejected	1790434343
0x92f2bcb130b8ed681bd2cad0a351a692a2f47777	rejected	1790667894
0x92f322a5692da268a7e299091a1874d1b0d57777	rejected	1790667845
0x92f4a78635bbbfdb28303ff762e5d6ab15fe7777	rejected	1790650160
0x92f5a8dfbc659d10dfb6a31163ca686c88b17777	rejected	1790434348
0x92f9908cd52a71c0acd9c2414b7824017b357777	rejected	1790667939
0x93005bf4aa9db093920cfcd08fe99f26e93a7777	rejected	1790433636
0x9300ff691dba49c744821b63836f7d919b377777	rejected	1790649902
0x930332502979f439e8a2789b094edb869b157777	rejected	1790650137
0x930388409dd597aac4bce9cadd397d1e3ff87777	rejected	1790650218
0x9307630bd88ef9258b7b4bc4b4c7964be36b7777	rejected	1790668073
0x931a9bd025383909825506454e9bae1517be7777	rejected	1790432726
0x931bbcfd0246f05015dfd4d939a43cde4f017777	rejected	1790433520
0x931e86c4be7eec220fd735ca414daf140bfa7777	rejected	1790650018
0x9324f088a05a7322818035d8027152ecaa727777	rejected	1790668246
0x9331db81e42426a31f51b48b536204f185b37777	rejected	1790650508
0x93330d888ad21f49263a6859c29213d04f597777	rejected	1790650277
0x934ded8577f3431bbaaa490173e06edaa5107777	rejected	1790650566
0x936cf65cd4d50dec5054104a8ae5e2abf5067777	rejected	1790650442
0x9370f9a43a2b280646e195ec8e3bb083d4117777	rejected	1790432735
0x937daf502ac161eacc0e36325ee77038ff317777	rejected	1790431658
0x9389a659597ffc15958a6ed8b07cea93d7727777	rejected	1790668344
0x9393553c8c3855a67e45a20d00f839f71a7e7777	rejected	1790650493
0x93964534e38ddcc389cdcbe62024a0287cf57777	rejected	1790650034
0x939c91b840eb5ee6cd90d32a8e4d97ae27b97777	rejected	1790433748
0x93a8853eb0f50c785ac8ded8087ae4361d147777	rejected	1790667729
0x93af48d69751d9b12ab249b6c139a1c776737777	rejected	1790667516
0x93bcd3e7a3708d6902e0db625690e7ed21b07777	rejected	1790650699
0x93c84b604c7394e1b72d1bf8c689e59ca25a7777	rejected	1790667366
0x93c9e0e33e16e86a6421f3d9fd9a8a32f0787777	rejected	1790432856
0x93d95cdc920d1943cf53011f4a664115bee8ffff	rejected	1790434616
0x93dee4416098fb346899e1c1850921f8d8467777	rejected	1790649879
0x93ed3b531fb840e0a3157d1409b1701180197777	rejected	1790434715
0x93f1208dec4812e62ea8287f4bd7cab263787777	rejected	1790434396
0x93f76efe03b101f0fb3ce6ba4b6efa762de57777	rejected	1790667519
0x93fca13b20120da968581ff49f5108fd76b47777	rejected	1790433590
0x940b212ebd78cb8efb5e5c4a46f374954d28ffff	rejected	1790432745
0x9412a56c7f44a1fcc346d7f802c36bc65d807777	rejected	1790667913
0x94174e3d1335db402dd03a092f7aa7ac2cb32be4	rejected	1790668252
0x941aaf776ddb9c10d8051e88cb8fc3751d467777	rejected	1790668063
0x941d2774fed162ac1dae6db6d7ef2de20f9a7777	rejected	1790649887
0x942466930a7825494915f1b186f2a3f9e2d57777	rejected	1790432724
0x9426d31fd29a630e1622edac8e0c5fc576da7777	rejected	1790668029
0x942a3ed0a1a6687319d01290a227ee4a7d5e7777	rejected	1790432947
0x943074fbdb4262991a5e751d71ee3d65a7507777	rejected	1790433708
0x9431e3498c05e9de337379c781580e87ce1d7777	rejected	1790650424
0x9432815266d1e7534c0cc27a7c92626ce1977777	rejected	1790649861
0x9434d2b57f6d14dfee0388a21d6000e85c227777	rejected	1790650333
0x943811eabfd9e4ee0d9958e63919e4f0d4dc6dbe	rejected	1790649807
0x943847fe13a59a2fa878af0191a97a8a0be67777	rejected	1790650243
0x94494c61751b5646429c96c5d18d353fbb267777	rejected	1790433726
0x945b4d164acb237ac3648d94cdc56fe837ae7777	rejected	1790432948
0x945e36a19db422e6ed0427a8d57c96af455e7777	rejected	1790650811
0x94702a15c694ba7a1902329f1090de7bf0777777	rejected	1790649883
0x9475175bb8a941055f56dcbf5e3c9e36fcc67777	rejected	1790667840
0x94788c0d0220b18f710f261d46fed510a8617777	rejected	1790650476
0x947931774fd784785f720737c6bc3a6496d3d4b8	rejected	1790650771
0x947cdef1e579e10b0143a83b3288eacc145d7777	rejected	1790433748
0x94801df65bbb6bc4c2be805203b8fc4c65d67777	rejected	1790432722
0x9480c6dcfecbbbc4bb3abd2e0efb7fb99bcc7777	rejected	1790650400
0x9485156c07c63b620527d34f911889b258e37777	rejected	1790668032
0x9487d90d3259704011c179376d9e4fb16a347777	rejected	1790650792
0x948aa4c5f9321379daee9cccdee745028d9b7777	rejected	1790434379
0x948e17a5c52aff4f63529b2d1a2fc957a3ee7777	rejected	1790433506
0x948ffb39a77516c58d0cceff35391c1c19257777	rejected	1790433671
0x949895e22ff7df30a5d2577a6e24cd756b347777	rejected	1790667961
0x949c04b497c7f82b9c55d5ef435475ba6e9b7777	rejected	1790434805
0x94a845cdd84839e219e6dfac69d65e61abe37777	rejected	1790667700
0x94ab0d2c0afdaeee59e168b680b99878d60b7777	rejected	1790650426
0x94af765045e1e59cea3bd4800a150b811bce7777	rejected	1790434788
0x94b29dfe0bc9ba7550cf743ce8e94a12fa037777	rejected	1790668013
0x94b4669adbeca57cb29e3b45d8aa3a1453d07777	rejected	1790650364
0x94b7e8a4d5ee2035b0fe747ed9ade479cf177777	rejected	1790431521
0x94b85b5254ba8c4d05d41cb431d21ce28d26ffff	rejected	1790434395
0x94bd7df0df6a97124f016aa571b829ab76ef7777	rejected	1790432841
0x94be0bba8e1e303fe998c9360b57b826f1a4f828	rejected	1790434621
0x94c3e4c20bec47d399221c2bb77eeff21cc87777	rejected	1790650275
0x94cc5a92101327d29b6d2de1b2ab9b687a1d125c	rejected	1790433535
0x94dac6c00192991b05c72c45abc7213ebf6c7777	rejected	1790667923
0x94e24d081de7f7162f6dc9ecce4c6c5ca0217777	rejected	1790668002
0x94eadf712bef81f1a9f9ab5ce84f63a31f947777	rejected	1790431639
0x94eb17718c1df6cb507b8b56cce6935083f87777	rejected	1790433684
0x94f3dee317f700174665494ee5be819237637777	rejected	1790650387
0x950e0ec9565346d17179d048a0fd5f38522b7777	rejected	1790433452
0x9510d5eb2d164f2ae99fa753b99c3c8507877777	rejected	1790434793
0x952b3bd9bab60b9600fcd8b1076e305376b37777	rejected	1790433452
0x9531abc47b33828d1f1bc7042a74b0c9110a7777	rejected	1790649771
0x9532903fda918151c10a31a0a73ddfc088cc7777	rejected	1790649839
0x95331de807ac520784c8d5a900e8075667207777	rejected	1790650092
0x9540cc12382a7b33ef1a255eb956ff26b5207777	rejected	1790650737
0x9542e685bab4fc6d2db3d5510dde6cc5bce67777	rejected	1790432697
0x9543c1e40eceb0d7a8c197b9ff64dacaf3b77777	rejected	1790434817
0x954adb437a831a48db1118608f6f6912b8dc7777	rejected	1790667750
0x9550157e167d8a6ea6f4b690a9cbefeb025b7777	rejected	1790432966
0x95556792319e74bef96045e3c8a9d443a8bc7777	rejected	1790649810
0x9559d1bd503ae7d479cbe1e4ae5c80986fcd7777	rejected	1790434501
0x955aace0ff29b891d1f037fc5a7622acb59b7777	rejected	1790649876
0x955c325cd7908d15795a151df1c6167972b27777	rejected	1790667752
0x956b1754bd9da846733acdfa6e2be26fdf117777	rejected	1790434201
0x956e43771f997d5492ee8eb36cbdffce98567777	rejected	1790650550
0x956f86b3ddb32a460115d865073c9a879e817777	rejected	1790433436
0x95767796e3b761fe50a17102e8eac41954fb7777	rejected	1790650292
0x957d3935264d1784098c3edd90c6b496fdcb7777	rejected	1790667985
0x9599512384c8bc6f836553e149970de9620f7777	rejected	1790667752
0x959e6571da420213a641c9196bb0e314e82018e4	rejected	1790431316
0x95a149e287c0c6281d189457e789c8e9795bffff	rejected	1790431627
0x95aa44e4e25fbde8407c7e0ac2b7f1ef38027777	rejected	1790433656
0x95af6c4784a80df54df691370aa4a6a860557777	rejected	1790668331
0x95b5e29502c1b5be93f4cb32ed075d38760b7777	rejected	1790667444
0x95b6df871986903e7ea281085e868ae55ea87777	rejected	1790650239
0x95b7c9e37e817f39e6e38c05ed4a55792dbe7777	rejected	1790650763
0x95ca58d177eac425a3f79c9402a81be659287777	rejected	1790431623
0x95cae68f52e51d89133a028e6699c0931e1e7777	rejected	1790667596
0x95cb04d01bb0cb2413fff1c0e599a2b90cce7777	rejected	1790650343
0x95d4a2c53fb8b5da73b10f38503b869128627777	rejected	1790433652
0x95dfa1077be099569d6c70c7cba05818dc297777	rejected	1790650126
0x95e061d75f43c22b885efea241a2d1b56c8d7777	rejected	1790433506
0x95ec1a76f3286c1d60b8c0409ed096e6ff077777	rejected	1790668071
0x95f0ca43a03c49f159d9dbba48e98cd377227777	rejected	1790650763
0x95f3a2cedb2f8191a430d0b9550f9107b9077777	rejected	1790650039
0x95fbe3357bb14d58f36dbafe50f00d12f9157777	rejected	1790434009
0x960009e5cad1645328c2a3af55da04b180ce7777	rejected	1790433649
0x9601cb1662a094d0743f2f596313b01c97b17777	rejected	1790667594
0x96050708ba86ef35db4ed0df06b9a7b5264b7777	rejected	1790667875
0x960cdfb4c1e47be66e9acbf8051403fdb65b7777	rejected	1790650572
0x960e8e4bb40b523cf0aeac3d3d338482da757777	rejected	1790668335
0x96108dfc68233b1772b28167925354f1cc2d7777	rejected	1790433568
0x9615362c0d07932e25a4eb0867cc12d6b10a7777	rejected	1790650386
0x9616ef341c6ce8add025601a5ee95db14f927777	rejected	1790431425
0x9618dfb3d6af64aff4b07cde86943d000b967777	rejected	1790650686
0x962a723729d2966490d41150ab01f1639eb57777	rejected	1790432837
0x962e0fbb2b74b5b517d3c1e7c475fb43810b7777	rejected	1790433543
0x962f3e8d37ed8adc234fcf8dff5d6d0e20e47777	rejected	1790433853
0x9637a085f4f295cdba1ba4a198dd0d3589ff7777	rejected	1790434991
0x963d717bb87c6aa2ef71f40ef7c8d09d68817777	rejected	1790650469
0x9641236095c3bef6b7c1ed9ea96b52e37eef7777	rejected	1790649969
0x9642e308e7a6649bd4f6bec39cc9386b75327777	rejected	1790433734
0x9647e60e8433b35f45344b2566840b621e2f7777	rejected	1790650672
0x9655001bc091fcd3ee3b9e698b28a2a536917777	rejected	1790433715
0x966662c25bd8d5d08133c8264e3bbb35faa5c9b8	rejected	1790650379
0x9666e6df1c6629546f916282bd6ca2037e067777	rejected	1790433586
0x967137bd44d26550b9fa02dfc8300c8be5cf7777	rejected	1790433881
0x9672b63d3cf81d479e60f996816705ed93917777	rejected	1790650517
0x967c8786ba341ee768ecc5619c9bed1f0e667777	rejected	1790650485
0x96891f2bdac0d382ebd4556c5401a9f0551f7777	rejected	1790667759
0x968ce40b803d8e2094dbf3357f96941d96b67777	rejected	1790649871
0x968edf4bf8daf58fd88c6d195c229b1d1c717777	rejected	1790668012
0x9694a716f53c6f542a90c578ca2f5de466a77777	rejected	1790652075
0x96972df827cee97ceccc5089737f7e20e63a7777	rejected	1790668030
0x96a48534594502f17e543b33c506c5de88b67777	rejected	1790434024
0x96a50294464c632bb045127d0a7e2241a30c7777	rejected	1790650300
0x96b62cf526e1e6991e661474c4567349f2962b14	rejected	1790650126
0x96c1adb0661d7eec362322ac285120084d557777	rejected	1790649993
0x96c532131ea4e30fb5ccdf42bfd66333b6827777	rejected	1790432175
0x96ca04ed761ab3c0fac3a9a6542a7ff004ed7777	rejected	1790650448
0x96d958c5276f05e6869ef6e92e1ea8a31eb27777	rejected	1790650191
0x96e157c9bb768347235e24db0d2d9c4e98477777	rejected	1790650087
0x96e497c23c8d64190c0785572d16f6d8684f2396	rejected	1790668121
0x96e7d606e229448ef817a7f35fd7394c3e15d00c	rejected	1790434339
0x96ea69cb85926e727a95358462a8d84c062b7777	rejected	1790650318
0x96ed0255972b1d20d71e227323372995eaf47777	rejected	1790434828
0x96f3ad5deb537c27bb04116a524f4c7586a27777	rejected	1790433368
0x96fefb09f20ac61e6bda5b7653baf37bbc207777	rejected	1790431389
0x9707a3da99e52ff8083e452dfe96cda14c507777	rejected	1790433859
0x9709b424e9fd4b14a6d337fce1ef7cd07fb77777	rejected	1790650780
0x970af110b0db09baf16faefd1da8e23770f67777	rejected	1790667871
0x970de35502699940469f924842d3e4edc2117777	rejected	1790432860
0x97175177fd600fa15d1cd811821d3e08a62c7777	rejected	1790650143
0x971ea2054cf05394f9744f4fc251effa243d7777	rejected	1790432828
0x9727ae7296aed30c6e5254ac530ca125ddcd7777	rejected	1790431635
0x9727d79e8902db53f4e38b0f6d848ad5e79a7777	rejected	1790432541
0x972bcdb17becaa8874629841a3cddc88fb337777	rejected	1790434029
0x972f7f8804fa9d7de928ff226f75fbc985c67777	rejected	1790668135
0x9730c9acc38f5d0ae3de1f0044d60ff185017777	rejected	1790649961
0x9731c0db1505619663f619fd1685473f067d7777	rejected	1790667705
0x9736987712f19f6f923c334772a2952a2f847777	rejected	1790668140
0x973d9a39e2be6a7995a8400e79f8087577587777	rejected	1790434142
0x9746069a683d5dc029ab5fca01992563d8487777	rejected	1790433717
0x9747bd1251cb70b28a5406922b70be2b1a177777	rejected	1790667887
0x974ad8f0c104431c402907d96063959080847777	rejected	1790432851
0x974c5ee2a8064ddc5eedef5bce7f0f0ad67e7777	rejected	1790650531
0x974def43043e91a5a5f8c87a794c5f3bc3107777	rejected	1790433631
0x97508074f5ad4ba84afa5a5575ab4cb84a8e7777	rejected	1790431517
0x975f14e25d1ab54d074bf3421d5c6c4d8bba7777	rejected	1790650052
0x9764aec64e029efb8b61d1840921a3f5da067777	rejected	1790432718
0x9767bd3a2661773cde5ac5e08d6ee7ac52837777	rejected	1790432831
0x976a98e0a33de0babe2691fb96c7761bcae07777	rejected	1790650535
0x97705d33aea114521801877519058dfbbcef7777	rejected	1790668164
0x977bee62fa9cc630ce8b5decd76e85f7ad497777	rejected	1790650698
0x977cc4e250ddde05085c0eb179d811ff0a547777	rejected	1790650214
0x978deb44e6c16e728138f5c4ce7af80e2ec67777	rejected	1790650345
0x97969e96f97b1e09042fbfe496ab9e20d8537777	rejected	1790650428
0x979fb0afd571bbe13e2ec2fa4a4c7945ea5b7777	rejected	1790650480
0x97a0ca8122b558087f8282f30c1e28d9cf027777	rejected	1790431649
0x97a8071a72d567f44ca5cc5f937eadd0def17777	rejected	1790650373
0x97a9848c952bcfb7eff9c0a8e5c33ea9c5d67777	rejected	1790651024
0x97a9f1589ef67ddbd36c536cc297680a7b297777	rejected	1790434371
0x97ad26f43a5d3183b4bb56cbcae7b4eb8e5644a9	rejected	1790433491
0x97b446dd267413523fa4ee0fb9f71156a5b17777	rejected	1790649965
0x97c4dd52bcf749ba344848456d83e42caf247777	rejected	1790668084
0x97d5378e4cf6084a6d3dd8c3c835b811e3fe7777	rejected	1790668335
0x97d902c96f2c02bdaa38eafc4e7ad8c248337777	rejected	1790650042
0x97d9fbcca59108b116505b06db6ef936e1f67777	rejected	1790649995
0x97da3c05ba1b585455a74ea28d08a3699f397777	rejected	1790651053
0x97dab00e806bbc86888a5f6f34d0e35af4dc7777	rejected	1790667613
0x97dbd071332112f7d988ab3420c887df03ab7777	rejected	1790433638
0x97ee5c89c2d60bdbb3b4485566f7637330f87777	rejected	1790433732
0x97f3fe63f40a35977af5c3807b9fe5bf019d7777	rejected	1790432870
0x9800f3cdd7fc523aa59d1805fb6d6915d9c77777	rejected	1790434829
0x98082c37b4605e327ec7315306e7962a5e657777	rejected	1790433690
0x9809b52f99cdc8e81d48846ee77baeae1e267777	rejected	1790668035
0x9812ce7e19e3897d3d9d09ad03cb56eb69b97777	rejected	1790432507
0x9814139802fd7193c9cf7108977d80815a577777	rejected	1790649733
0x98146950cd92c79207fe1eb5dbd0abdbda26dae8	rejected	1790434387
0x98164894641d66beff69ef3af5d52aea3e137777	rejected	1790649972
0x9824fd9b2864c272eb1dedcf54afc3ab05807777	rejected	1790650768
0x982585d847db6d46cb585d625525acf303877777	rejected	1790667891
0x9829eb71b2bb4c4a6b62eabef2d4b354251b7777	rejected	1790667860
0x982e200713d27d67ab5b9b16f4321ece864e7777	rejected	1790432684
0x9835790dff83f0304201192592b159812ac47777	rejected	1790432985
0x9845e8e52c936c360fc81f98c1f7e1ea38f37777	rejected	1790434623
0x9846efa2b5719fc4021ec0d5d2940fa874b07777	rejected	1790650157
0x98571a07a4e455812a15b834c5b2464b77c57777	rejected	1790651073
0x985db8d2963383e169ace96f2e0c9223c54b7777	rejected	1790649739
0x986459f21798fd5f8d6226aab8a165e026707777	rejected	1790432701
0x98664707f5eb93d724584e63597b64ece5057777	rejected	1790650176
0x986739e03cae93ea93ae5d5c30af213a43ed7777	rejected	1790432862
0x9867c9d3c6d71e970ae06c9c1d4bf5ba23157777	rejected	1790433704
0x98705a089207d382932359550b278e45c3f77777	rejected	1790667842
0x9876e1190be85a242b222db02794eda174e47777	rejected	1790650248
0x98775542e1339cf6bc3bf0665c48e60638fb7777	rejected	1790434175
0x9877a7157ec36a9fd810d324111a5cc18f557777	rejected	1790433696
0x987c37dd01ab3891afe293fa4921787bb1fe7777	rejected	1790650366
0x987df608792f17e7100cbf99b8d94797fd957777	rejected	1790649946
0x987e4100ca02ccbbcb28068c920f1fce3fc17777	rejected	1790668050
0x989160ff9cec4d8b9d2bdf8a682572ac16337777	rejected	1790650486
0x9895b4dd1a11182c1d3213f8d195f3ea61ea7777	rejected	1790650407
0x989eb8bc1a52333ba774b664d032bcd5cb877777	rejected	1790649653
0x98a2707077757aa5c779208756ce6153f51a7777	rejected	1790649942
0x98a302e4944d50136b18bde66a8c6fe79a507777	rejected	1790433519
0x98aba954c34d2a7427ec49ccf194b7ffdfb27777	rejected	1790650494
0x98b0313a3d68efbc0de9bb0f2c86aba3f0b57777	rejected	1790650319
0x98b8670976ecdae32990864463835fb9aa6f7777	rejected	1790432832
0x98b982de1c2b619c1cd5ffa3760937b05134eb6b	rejected	1790668109
0x98c8ca86d949278cc0d8d6631836e4d626ac7777	rejected	1790433702
0x98c9175b6956ec1d7c124a9b3eff8de461247777	rejected	1790667912
0x98d7fe17f7b34d04f277c071c9015a81c0bf7777	rejected	1790650148
0x98dab14f403ca1866cc2cb0cac39fb3a753019e2	rejected	1790650909
0x98deefbf96abaae0be46f8706a3fcf74c22b7777	rejected	1790432690
0x98e584940856216f1fc807b64cdeb33ff8707777	rejected	1790650541
0x98e71bb51897dae6cf03a1cd1726ba0b388f7777	rejected	1790433579
0x98f30668bc580d5455855dff8f5df5273b4d7777	rejected	1790650759
0x98f4d1ecd4efbe33aad9945c5b8269fe51377777	rejected	1790650122
0x98f50e2bfc82983e901dc058ea93b40a22277777	rejected	1790667949
0x99018a517d48e0b0c4c78c0815eb4f6876187777	rejected	1790431518
0x9907c58b1b9efa57d8a7202634889bcb79007777	rejected	1790649938
0x990c22062c0fb8081721346faf2d6e0cf4d77777	rejected	1790650656
0x990f547993fec8e57e55f1487fe6ab4efc057777	rejected	1790650005
0x9910bf6ce44f7a11c168acfc52cece26fffb7777	rejected	1790650555
0x9913f6a3e3818a93c6723ae0d94ac53cd7767777	rejected	1790433714
0x99177f0e8b42a3d0cf802ec8f8b9fffcda137777	rejected	1790649895
0x991971b97eee413f422a03f92860ae6d13da7777	rejected	1790667604
0x99234a84a10a6e8670214b0bd6ee11297eb37777	rejected	1790650851
0x992700f2d6eb9f39f1ef5327429537df4de47777	rejected	1790650012
0x992bb3d232a9f6fc62eee62953c172e359ef7777	rejected	1790650491
0x992c31258826cb6b1b3df66cfdb6ad41d1337777	rejected	1790650849
0x9933148bc14eda2d93f5f9f21ff7132a0a787777	rejected	1790649981
0x9934ec2c22eedce49ee634f684e6a5c650397777	rejected	1790667840
0x993a3b3503daa9dc0e8480af88115670ddda7777	rejected	1790650908
0x993caa5ce97d9703e7745e0f72f4f487daf77777	rejected	1790650677
0x993f1144ba1b3a7e996f8ad6ad7b1ecdd0857777	rejected	1790650036
0x994203bc561871a4677d9268d4a92972f33e7777	rejected	1790649991
0x99482214427ee9f4ad4e58cd98e39a584ff17777	rejected	1790431632
0x9955cd8d7243710636ff870e1f621d7759e67777	rejected	1790431413
0x99560b1832139d4427bb406319d1825fc96b7777	rejected	1790434715
0x995c4ed24aca3a6e4daf2402cbe52fe96c687777	rejected	1790432984
0x9962cc81723b153f32d7b01237d979dcc0c97777	rejected	1790649776
0x9966525a2f5c0ff656f501ca8ac3da000aaa7777	rejected	1790668175
0x997233292ba8fcee8b3ea4d2ff07a3f8b0bf7777	rejected	1790432954
0x997bcb10d8367accfe97e73cb51a46b07db27777	rejected	1790650436
0x997c173bdcc479e8b0be496e5125b687be0b7777	rejected	1790649941
0x9980d81edc38b9821ab0bd572c7cfacc53f77777	rejected	1790650481
0x9992879864a24fe57ec334e34423e905ca957777	rejected	1790434369
0x9993a1e413c198f87342437e50b8541dbab57777	rejected	1790650284
0x999944e4793bcbe43ad5ee2c9cbc81a2f1cc7777	rejected	1790650946
0x9999450b1a0c1ef3d71b0d957a4511fc86290c2b	rejected	1790667915
0x999daaf22a02c85e2332789fdc30aee78ae97777	rejected	1790433431
0x99ab947a487d34cbbfe99438a031d4aa05b07777	rejected	1790433516
0x99ad6a03006e3c8c419d3de18ef1769a97177777	rejected	1790650457
0x99ae2e997e433d470004c6ac37503d0ed3c07777	rejected	1790649756
0x99afcb868d07c5fa02eea6e94c12a1bfbd6c7777	rejected	1790434322
0x99cd49c15c57f4e4033fa3d1d653847e79e17777	rejected	1790431596
0x99ce8f475027c4509de1a5711ab96b68011e7777	rejected	1790432713
0x99d1d058457e59bd5cf2127fd3ef8f3db3c27777	rejected	1790650094
0x99d2b00a3a5aa23dbb0d0804dd017cd91c387777	rejected	1790650011
0x99d78d37f649aa0a7ba10d9483796774a9799999	rejected	1790434350
0x99da8b2460ad995ff2742828a2dc5ee6bb9e7777	rejected	1790433435
0x99dec1695be91b6e0e28398692f142a713c37777	rejected	1790667880
0x99e6bcec810f2a94514de849a1159e41dcca7777	rejected	1790649826
0x99f676c5ad578152f311f1cad00620a7c41a7777	rejected	1790667870
0x99fd5c005f4927c17155d9af418cf402a5b17777	rejected	1790432957
0x99fe69afcbb4af431996667f5b18bd77d0f37777	rejected	1790668093
0x9a026f8aa21e4181c868a854e4a4ae077b3c7777	rejected	1790668328
0x9a0d54e69dffcba24a70b30f20df1214a86a7777	rejected	1790667758
0x9a1360368662e368e5ae538e2a3d51b154717777	rejected	1790434491
0x9a1ecc48aa0dd77048eb532045098409af427777	rejected	1790650033
0x9a276b5ab0cb11329ff464f0496a713f92af7777	rejected	1790649879
0x9a2a9cc8cbd87ad22ed55a9d79eee6f025e17777	rejected	1790650919
0x9a2c73ef9c74ac6be73030e6b0a27b9eb4a57777	rejected	1790433530
0x9a2d5d739b1100d096434013c6ebc9e537ab7777	rejected	1790433461
0x9a2f3454faa48760f71e15e4c4109a80d81f7777	rejected	1790649647
0x9a31825489574979a4debb60ca7dc6da9b417777	rejected	1790649788
0x9a3984cc0a92c75c9e6c5d1764bfb16cbf38d62d	rejected	1790650876
0x9a550e9fedc1fa5310aa1cd9224d9a77c2f27777	rejected	1790650155
0x9a565d7abb8b7e47eee7cbbf4f01db6ff3ca7777	rejected	1790650291
0x9a5d879a7cb07ebb1ee15edeae3f7bed2c1b7777	rejected	1790434003
0x9a604c3cf798f11597c6195f2a5f7ff3fb187777	rejected	1790434487
0x9a6abaffc99d2989f0edf179b8df8e2be5b37777	rejected	1790650859
0x9a75db04843b456197cfe2de5a41e3278bbe7777	rejected	1790650350
0x9a8e9bf8259160fdd5a46d2952b880e4ab877777	rejected	1790667612
0x9a94dd9f2037c89a3fa220ca6160d90c0ca37777	rejected	1790649953
0x9a9ebcd23501eedf24b3af8ed974d73ffc8b7777	rejected	1790432738
0x9a9f79280a95b69bc865b828ae2efd7b476d7777	rejected	1790433483
0x9aa554a06a7152346fcf3c710dc08e25afbd7777	rejected	1790650193
0x9aa5f2869da2fc02649eefcc8a84b014640e7777	rejected	1790431414
0x9ac6981757596e0fbafaae0cfdcde935ed607777	rejected	1790433476
0x9ac970b37761f681d953caa9befdd69e0c017777	rejected	1790432676
0x9acb8e48dd97ab11b9ab9e4a8d0e179812dd7777	rejected	1790650787
0x9ad4c4ce66097758c3cc9bd975da7116b6657777	rejected	1790650803
0x9ae5736d64725ee6bc9a0ad7c54ce2dc56097777	rejected	1790433850
0x9ae8d46c70f7a8bcea9542f9ef1716981c9c7777	rejected	1790650789
0x9aeb39d205114c28da64a6ca2c7bcf1c59507777	rejected	1790433589
0x9af4c58957064ad68c3111f2a22562a401927777	rejected	1790651045
0x9af6416f309057cca1d14c275388028909b57777	rejected	1790650269
0x9b09d6b9afc08790e65ae4c33308b650abdf7777	rejected	1790431417
0x9b16637d880325e482d277c90ad371b809b77777	rejected	1790650886
0x9b1714018658a6256bfc0e20ad94f0edbdac7777	rejected	1790433642
0x9b1e1463f1c6a67501baa21ae9238f4e88ce7777	rejected	1790431645
0x9b22cdd00e28e4c6a25948d5e6226c658cdf7777	rejected	1790650742
0x9b271797091f518e8097c66d252563af69437777	rejected	1790650072
0x9b2fd8240128db13821ebe6ef58fa0f9be8a7777	rejected	1790432737
0x9b3171a852c5670febab61dfdad5b52072507777	rejected	1790668249
0x9b3491a2de300e7915bc5e72dd13783464c77777	rejected	1790432978
0x9b354dc15f986e99f3cbe8703e2c1e459d877777	rejected	1790650379
0x9b41abfda2a23daa969114c7945b0fc134be7777	rejected	1790650471
0x9b5d00374a516d8afc558447283f8e8b228a7777	rejected	1790649809
0x9b6237159680a568fdaa759ac769e59442d87777	rejected	1790650452
0x9b62e939b3ecff127148edf4591a67d8a2887777	rejected	1790650215
0x9b6361f1d42d09a4f593b5fab7537580e8d27777	rejected	1790434477
0x9b6a8130401c00d3ef5cd973ac932ccdd5867777	rejected	1790433472
0x9b6b1a2031edc488317b90712dbb12a24ab97777	rejected	1790649899
0x9b716ac6a564a4291e8a2b5058a348c2b8fb7777	rejected	1790667366
0x9b722e6e1f58cae4c57c1af2d06bf9097d3b7777	rejected	1790650722
0x9b75b8c5d1baab9fea9c8d63b5881b8f60057777	rejected	1790668092
0x9b7e689de471be283e70a8eb61ce9780852f7777	rejected	1790650852
0x9b7fe9966ec7722fec9ca44959b22b9f6e007777	rejected	1790650232
0x9b81bc8880069ca946e22f9fcd182b90c6ef7777	rejected	1790433571
0x9b91a158d0c1b7d2fe94d066dc270a9bcb9d7777	rejected	1790667749
0x9b9a0ceefa64ee1d2ab298962bdc1cd1079d7777	rejected	1790433705
0x9ba121a62b949657ba4f1016258f46a203f36871	rejected	1790433498
0x9ba1aa33d16c4769fc90bcfbe9efbd94eab77777	rejected	1790434491
0x9ba727691fdae148ac2b4c094844097709d67777	rejected	1790650433
0x9ba8e68f2ff6c895fa0f940969182565197b7777	rejected	1790650723
0x9ba987024f0c37651c13b2a325e3b2a1c1f07777	rejected	1790668011
0x9baa50eac1b0aa0ea7be7ba8707cb45ba6327777	rejected	1790431430
0x9badd07c83eb4109660c2f65f2659275bc3c7777	rejected	1790650864
0x9bd018354e975dfb2ead2504cde6c1c4d56a7777	rejected	1790649798
0x9be365efb4ee404e1fc9e7d5f49b5d4823087777	rejected	1790667700
0x9be481a81465b4fb8f2afb48d4143b02048c7777	rejected	1790667705
0x9be5610c4b71bcb6316683f0b33d77e8196f7777	rejected	1790649755
0x9be96d11bfe00538443b392349a2defd99097777	rejected	1790650139
0x9beb67d5af8bc01376fc76925eb2795ded747777	rejected	1790650151
0x9bf2cbb7170fed3c3340d80a964a34e2694a7777	rejected	1790432981
0x9c03164ac39758a8df4de3b5b58ff87a8bf87777	rejected	1790432708
0x9c051fbf0a5466e8d4ba0c2df66d0383f20d7777	rejected	1790433605
0x9c12d902b82299b4b16b031945146a51a4187777	rejected	1790649824
0x9c17f52f2d2145091ba19e0db72f8eb1aa5c7b08	rejected	1790668249
0x9c224338d4e7784a26796092299734ef04427777	rejected	1790651092
0x9c2dbd7ce7c365ec3c9603eabe32c08810c07777	rejected	1790668117
0x9c2f81d4f9d9c1962f56b5ef4d00d90f4a3b7777	rejected	1790649893
0x9c34e60aff1eb337c17fdd97fb8fc4056af67777	rejected	1790432857
0x9c3811030fdf40d6ea8eef0643590399ccae7777	rejected	1790650522
0x9c4444d4e0db3482ac4bff0242ae4edd981b7777	rejected	1790649795
0x9c525c33a73466e11aba093ff1f306efe15f7777	rejected	1790667838
0x9c52d68e336fa4787cf4ce8c4db3094e99287777	rejected	1790434599
0x9c5745621f8f4086d3aea4e91e46b1b5da127777	rejected	1790667703
0x9c64a57f488c5bf0c6e43984f4ff7d21735f7777	rejected	1790650016
0x9c6e9f941c0f13244a21e3bbc14005f84cf77777	rejected	1790668245
0x9c741b3c1cc863793c4d8efe247ff07fd9407777	rejected	1790433864
0x9c7d23026fd9bee9921839d478fe19e33ec87777	rejected	1790668068
0x9c7f74f8bf4952da9c3499471807d1922fcd7777	rejected	1790668165
0x9c7fb0e9663973b28d34e8f5e94a732dbe227777	rejected	1790649982
0x9c81a45a5c0dcd4d65aa8e4d797d3ff158cc7777	rejected	1790650401
0x9c8336046d4e6c65669f014857714675a33a7777	rejected	1790650498
0x9c88122ca3cd17932e0a2ed53b3d474d5e917777	rejected	1790650384
0x9c90bda18dbeaffde9b8e2d92b189676f2387777	rejected	1790434690
0x9c912f93ba871c4a56a6892f06398e0573b37777	rejected	1790650142
0x9c920928d51e541f27b1f9e5d44f4890d3187777	rejected	1790649869
0x9c9d668cfefbb3a8671b9a108660eb962a7e7777	rejected	1790650327
0x9cbb6609ed1f498634ebfc6f756bc46c029d7777	rejected	1790650378
0x9cc69ab3423fcfa99f239b04dc88fc632ac57777	rejected	1790650886
0x9cca66ac533d9f9fb7027fa24f5aceb4498a7777	rejected	1790668023
0x9ccadbbc671a4307fed287923ad02bde4e577777	rejected	1790432710
0x9ccb66b3630c379fe0445c64f21c2bfa755b7777	rejected	1790433923
0x9ccfd7c0fa3fa805a82909af2da8e9e8be8f711c	rejected	1790434476
0x9cd86edaed89e387eea5de95479e980f88f67777	rejected	1790667621
0x9cd90c2fcfb8f89e96407e53906bd79b0a057777	rejected	1790650794
0x9ce010ea06ba6076547277785bf4f843c7667777	rejected	1790667889
0x9ce0de16aeaaea4a19a1ccce8d92de98f10c7777	rejected	1790650841
0x9ce32f157e5a77769ef1a1553b842e7960bb7777	rejected	1790432716
0x9cef0e9a387f66bf1374605c91e3a7a9e6b37777	rejected	1790650406
0x9cf44a04b0037a3c28a8ca5909cb829411847777	rejected	1790668085
0x9cf64cb579dcd3a5dde340ff8a771b9c60067777	rejected	1790649732
0x9cf87b6389953f9d96dc5196626169bfd3127777	rejected	1790650292
0x9d00200100511e78591b6ee690e770adf4be7777	rejected	1790650397
0x9d1025bfa4fde5ca7a516beb50f54d8c3fd87777	rejected	1790650098
0x9d11e87280ce6dba023e4def0f314f8c4dab7777	rejected	1790434491
0x9d164ddf05f177f26fc8f36f2dfe03f1614b7777	rejected	1790433278
0x9d1dc48cc3930b718a85514818c6019063d17777	rejected	1790650441
0x9d2ccede45125a7d008acba3afbc27cf800c7777	rejected	1790667768
0x9d30bd27a06e846bc514adf0c5d2085cc3f37777	rejected	1790650752
0x9d3d746f30a1d4498392f38def34d1b6f1ee7777	rejected	1790432993
0x9d428034e729a4064c63f4c8f6f8d9dc69dc7777	rejected	1790650777
0x9d52bd0187bedd59784f4d36e48f6c714aea7777	rejected	1790650236
0x9d56df7bed0167c2eadbaa5683a4c851a7b17777	rejected	1790650245
0x9d5c889db0868dda1f6b5a85d78ddc23386d7777	rejected	1790650530
0x9d71a36664eee512a6fb7451438f0a1bbda27777	rejected	1790650693
0x9d7c2af65c347982f93042335b41c8a11b077777	rejected	1790431616
0x9d7f0ec4cb9d07b6f5b121849688cb6e28317777	rejected	1790649938
0x9d8093241a313a8f71c4ee5e45247918700f7777	rejected	1790433659
0x9d81fc03a43cfdf1a3ec7f0b23ae1fbc99d47777	rejected	1790432537
0x9d8d8d000f6404c0bdad132c0a9d3880b1847777	rejected	1790434074
0x9d8f4bf7a2eb9f6a3cb524a8bacfa2b999d57777	rejected	1790651071
0x9d94d699c994ac9d47625a9c024cc7eb7de85228	rejected	1790650860
0x9d982ab2b1c73b881dacb059ee15fef3a98a7777	rejected	1790434477
0x9d9b09f12779b814bd00de0771003267a8ae7777	rejected	1790869675
0x9d9c3d34b841befcf583ecd74243a88fe93c7777	rejected	1790650934
0x9da768e9b9778fe031a98bcbdb866d6f0d9c7777	rejected	1790650808
0x9dad4295310dfb40e26917ce6bd9cadc60797777	rejected	1790433441
0x9dae655af62f4197fe24c4e8e63209bd0e987777	rejected	1790433691
0x9db6fffc10c019eb95f043646ca59bbbc8fe7777	rejected	1790434194
0x9dba70376b1a5680034037d75102e132f50a7777	rejected	1790650702
0x9dbf048675e17dcec48afb8cb91acd20195a7777	rejected	1790432672
0x9dc15cce058ca6acdbea60854b596dd9f61c7777	rejected	1790650858
0x9dca9a48daafe243d88aa9ede99045ed4a417777	rejected	1790650258
0x9dcb3e5de8b0130b7b1a2bd28e2888fc40177777	rejected	1790668126
0x9dda888492bc60116ace1ab66d33fe5d94a07777	rejected	1790431666
0x9deff6199d6bf93a9a8bb522df8c9b4469567777	rejected	1790432988
0x9df758db585cf53bd7636aee71ada8908ba87777	rejected	1790650250
0x9e02a8cb7998f2426d2df330335e8c1704587777	rejected	1790433854
0x9e05a5980464ece2cb2ff1a632bdc0e364b27777	rejected	1790433535
0x9e07d21b19b216e6d1dec35afd1af61516a97777	rejected	1790650122
0x9e0bbe34b04047cf7396a53ca675a90e9d8b7777	rejected	1790650821
0x9e0c374a4ab2c4d5348d5be8505b475f068c7777	rejected	1790668171
0x9e0de776a205419a24ff61b6a5563bf20b267777	rejected	1790433857
0x9e12de7a62951ef9d710fd7545f9ba0e7ba67777	rejected	1790668148
0x9e20ac479f43ab0c66ecce427cc5c034c3a308e8	rejected	1790434372
0x9e2ebb21a196238efe1bc1f9fe665971064a7777	rejected	1790650703
0x9e34d675b58200c6af48f6417eab1e89b79a7777	rejected	1790650353
0x9e38f9581cc3bb244589cf1e901c3f60a2087777	rejected	1790667996
0x9e3aff6261c333f1d020667b2df9a556c56d7777	rejected	1790649932
0x9e3bbf523d1a0206c97d1cae9067ad7fa4e07777	rejected	1790432673
0x9e430659e132f23107f563acaf7717a5bba47777	rejected	1790650695
0x9e46e1e53c58454e7f970144c78c59192b637777	rejected	1790668035
0x9e4843c1dfd2b30627a65a2aadda4610baf87777	rejected	1790668153
0x9e4da32b8bbddfbd9d828bfb0b1f19b8fbb07777	rejected	1790650161
0x9e5149bf7d573c96eb5beef3ceba570c5cb97777	rejected	1790650685
0x9e55df820f5ec90f15ed398a7f937910a1e37777	rejected	1790650574
0x9e585e9e6c1649c43fb8909641d2c062c5b97777	rejected	1790432837
0x9e5cb27109291d7fb16b4b5d04ef2f137fd87777	rejected	1790649920
0x9e6002962571d8a13b93289b673327f627e87777	rejected	1790650836
0x9e64763d4dbea03de2b5f0d7ac749ed91cd758e2	rejected	1790433549
0x9e6d3ebe847038b77fc0a854efadffdcbb917777	rejected	1790650451
0x9e76e6e13e044182eb7d39f0285c0cb281867777	rejected	1790650840
0x9e776803df3198b12e8fabae46165b62ca8e7777	rejected	1790434394
0x9e7aacb7f1feac98a2deb01d12c25f19d96b7777	rejected	1790650891
0x9e7b36b21dfb0d9220c3d937f8d6a5a533a87777	rejected	1790432956
0x9e84f573c6f2b60eaebe97fab5b1df5c0a8b7777	rejected	1790651101
0x9e8a692776b36bad79bf88476a8bb73621d77777	rejected	1790432494
0x9e921cd769e820ee5da2ab1965a62b4db7407777	rejected	1790649794
0x9e95aaeb21905c164819e183b70b6667e4477777	rejected	1790649974
0x9ea0e0ee02a8da6455dee75baf9d24affe5d7777	rejected	1790667924
0x9ea4f2577c4a113d1c0cab21396e713550317777	rejected	1790649885
0x9ebaa9092fc26c1ee64413b00bf5d1807a8a7777	rejected	1790650761
0x9ebb7c90c99aa209fa707036cb34fcc07efebe5a	rejected	1790651040
0x9ec02756a559700d8d9e79ece56809f7bcc5dc27	rejected	1790650943
0x9ec4671bed5b0370f74b5c832fbe74cdb0347777	rejected	1790667937
0x9ec585d8f6fdd0b7c3054de6a7d0191047c97777	rejected	1790433520
0x9ec93ce04f1519bac01c84401fae56411cba7777	rejected	1790650553
0x9ec95be15ee65b8dcba2b5ebadbbef43b5c07777	rejected	1790667883
0x9eca4589bb46d87841f698b278d1e7d80b4f7777	rejected	1790431636
0x9ef445418a10ad3d8ee497204b9972ef2d74403a	rejected	1790434486
0x9efa26befd364a3c16f62bac2ac5f7adea067777	rejected	1790434997
0x9f0b27c0262784835da90487645583181ddc7777	rejected	1790650064
0x9f0d79d49654124ff73899f064bf3c8722837777	rejected	1790434837
0x9f11e876bbc6107c630f715d286f278feabb7777	rejected	1790649791
0x9f12ef2f2aa9d65988b2a17dc4ee7b9616267777	rejected	1790668324
0x9f190216b66bc47ab44fa7ee0631c1d88b8b7777	rejected	1790667762
0x9f19cf8398247db109a332364a255aac96117777	rejected	1790650375
0x9f1d28effbf351a17efb143286b990e5795c7777	rejected	1790650395
0x9f224e9b8aeab1ec808c1bde8584939469617777	rejected	1790668057
0x9f242a0027373b5a247ffef3365fe57ba29e7777	rejected	1790432991
0x9f2636adf4912f9d51fee8a0c66d913155bc7777	rejected	1790649797
0x9f290c31866af0126cc22db3492d643e71827777	rejected	1790650275
0x9f344e6f285c6454c7a06d0e135b3fe545be7777	rejected	1790433696
0x9f3f3b1bcffff745b4cdff25b4a234c036387777	rejected	1790433822
0x9f415c3c4286bd6cc5a510bd6bb08623605e7777	rejected	1790433044
0x9f424e59fe86271af48ad8715fcef40419de7f28	rejected	1790650726
0x9f47deeef25f7765646ded4fd78c72ac9ce27777	rejected	1790431599
0x9f4836d91c08d06823092f3224a0b49273a27777	rejected	1790434980
0x9f4d9371c8adaf490bcf15e9ec4f1c9a8df87777	rejected	1790650476
0x9f4e77cac5c7bf8562a2799ee86fe2fb3aa87777	rejected	1790650779
0x9f55934f0897d696952c41f18cc35c96cedc7777	rejected	1790432975
0x9f67f106563447e568ac251a0b363f4ba3957777	rejected	1790668044
0x9f70f23763a6e672fceabc2d9a14464305767777	rejected	1790650872
0x9f779e6eab67598de0fa1cd642e8be26c01fb85a	rejected	1790650870
0x9f79aa80671a952783f957d81f6099aa9c6f7777	rejected	1790431620
0x9f89e128a0504be7171728038f96651986337777	rejected	1790667515
0x9f916ef48fe7c9c9ddcbb1d363f4e466b6407777	rejected	1790650085
0x9f9423a60c67052f619400c8c5641091aafb7777	rejected	1790667905
0x9f96768e03f24fc690934c09f1865039fe9d7777	rejected	1790650913
0x9f9b7c335b292197b0648b9f52107bdb87cf7777	rejected	1790668324
0x9f9f3eeccd6e50b9aa31c9c27716d96f84667777	rejected	1790650884
0x9faf5562f4cfaa246a17797fd663e700fc137777	rejected	1790650529
0x9fb305a267376652ceefbccfa1d9a012a878caa5	rejected	1790434492
0x9fb3fec917aa918af77f9f8eab3de09ae6b97777	rejected	1790668067
0x9fbbdad6f110b99b3ee193d961dc737fa9257777	rejected	1790434822
0x9fc3ecc0ed134a8815e47e7076654b1c05217777	rejected	1790433635
0x9fd22854c0b5828117d61330753eb30ce7c07777	rejected	1790649897
0x9fd2f38cce8fe7913fac9c471409d70989597777	rejected	1790434404
0x9ff7e55cf0d6bf9af2e99102b0f5a8ecd1b77777	rejected	1790667723
0x9ffa55824a734134c447c2134bda84da90477777	rejected	1790650219
0x9ffa708a833fec076374d42e9b7ee26ea6887777	rejected	1790667920
0x9ffd2aebadb48d9181f00b3639b8d177fbc77777	rejected	1790433879
0xa0063583e35cc1a52f360ca5c903b46b43eb7777	rejected	1790650250
0xa008720bbf7834f814d4a86c0f29b46a7dd47777	rejected	1790650048
0xa016be808454f6b94439f6c222ebd56454c67777	rejected	1790649910
0xa01d75690d9604eb96cc307fd82efd8612fd7777	rejected	1790651021
0xa01dc66cf1535c2f3ab009697ea1b18cf23e7777	rejected	1790668081
0xa01f6f96043f6ad9239f58dc3a78974cf35d7777	rejected	1790433700
0xa0242023e0f6cc3c531f3dfa2b6326d4790e7777	rejected	1790650146
0xa0251ff6d0c805cbff64667b0d06d159a6767777	rejected	1790433828
0xa02886a27375db96eeb093c1a0a830407eca7777	rejected	1790433466
0xa02d64d791e66f826a197d7c494fad39a2387777	rejected	1790667923
0xa037fe1998b4a8dea18d0b32e864f1dc63737777	rejected	1790433640
0xa042879e2896900203d7f98042de9ce121bc7777	rejected	1790432488
0xa0436bfa1a80003bd901b87a1b47025047317777	rejected	1790650836
0xa0478cb284fa88dbd98e7c6a15312933286c7777	rejected	1790668094
0xa04ed821b7336f8a3325eaf519a2393b8e5c7777	rejected	1790433576
0xa0586126d35e015287b1c12691c1290cc1697777	rejected	1790650340
0xa05b2cfa0465e26a84ed19168917bff348bc329c	rejected	1790650409
0xa05fc68494b7ca12ae7873f3e6839ecbe38b7777	rejected	1790650690
0xa060ad65d1a9683dd00e55ae522e364981b87777	rejected	1790431388
0xa075224dd9d0f24fa2311ee90017568bf49b7777	rejected	1790433482
0xa089e813c508eaa33984fce0032a2c032c9b7777	rejected	1790650776
0xa08ac377521ae71027ca2683cb247f9a75317777	rejected	1790650370
0xa09cf756c64521f2f4f52ddd8fab178cc0157777	rejected	1790649838
0xa0a3ed20b62798b1f8ee3ecd0deed286d0c97777	rejected	1790432754
0xa0a4a01c8dc60fc6cd353a9273a6b54302847777	rejected	1790433631
0xa0a4c85aac7da4a3347632ec543c39b92a01d71f	rejected	1790649891
0xa0a94fbe713abf617c94d6e8e1f35f72f9b57777	rejected	1790651020
0xa0b1f3209dc9c1975fd1cab34a6e07e088e07777	rejected	1790650751
0xa0bbd93d3a3e53a8b37266d607fd19a5b7be7777	rejected	1790650729
0xa0bcbc0de4d908343564864f1e1fe8dbc4247777	rejected	1790434816
0xa0c37b6ba5cab47feeac4d35a8f9571c040b7777	rejected	1790650507
0xa0c3e161b1480d02bc647edf694aa4b7e3db7777	rejected	1790649803
0xa0c6b6eda2f3cd9827a2e11001b14f8d90d97777	rejected	1790650835
0xa0c767460e2deaa6ca71baddada809c25b617777	rejected	1790434995
0xa0cd28abeb2eb2e9e43953f27f2908f3e2317777	rejected	1790668158
0xa0d05cdf30994c8e819451ed3f3b41654d337777	rejected	1790650776
0xa0d3f1ed7375793f6e5339a147fd5e70287c7777	rejected	1790668159
0xa0d697cbe14aec5f39c78b8f8ee1dad116ac7777	rejected	1790434582
0xa0d884ef20e461bc61d2fca32683ebb149a47777	rejected	1790649728
0xa0ebb44cd07705b998a139527010df98e6737777	rejected	1790650470
0xa0f2288fd534dd1ecf5904fc7d6e40bf14c37777	rejected	1790432173
0xa0f393c532b2f4aa320ad717ae892273a1f37777	rejected	1790431673
0xa106019e8c452af185a4dc1938de270bd32f9c38	rejected	1790434586
0xa10b76283cebfef2d15a738ed16764ca5deb7777	rejected	1790433508
0xa1140f52d1f615379c4c70a5062d105ce3437777	rejected	1790649994
0xa116473e135826b29a7dcb43c5ad739297b486e9	rejected	1790650355
0xa11d096644425342df64b9529355a2fc18f47777	rejected	1790432498
0xa11ff39769342e709657ee4ba496345fb82901fd	rejected	1790433998
0xa12e48bb4143790dcc1fd5f9c4c9abf1294b7777	rejected	1790649884
0xa12fa21d74aaac670c4d881bc7f8b81a85997777	rejected	1790434717
0xa130fb9e05596095d05cab8daebfc6ed21ac7777	rejected	1790650253
0xa139e68885001fc3c9a1ded4513dffed67d2a4f4	rejected	1790649812
0xa13cbe6c078e2ecc3a78ff975e8bb056286e7777	rejected	1790432735
0xa1457a4519e3be307d914358d0b30df5c0507777	rejected	1790434040
0xa14aaa69ed8593029458193edf39b3bafed77777	rejected	1790667864
0xa15199ad629dbd59a311547e6852c39d1a977777	rejected	1790650563
0xa157fabb9e04693318e3910a5428462083347777	rejected	1790651035
0xa15a3dda6d484acc769ce5ce3313f1811fb67777	rejected	1790433482
0xa15a6b1b9c256aa42cee7a0947a2404a72ed7777	rejected	1790434143
0xa166ec0b65f77e3537346a1cc23997628de97777	rejected	1790649769
0xa16a140468c7fed03f103a0b75393e71d2d17777	rejected	1790432741
0xa1873c6615d797af8e62a8d7e663fbcad9827777	rejected	1790650111
0xa1980b53f5d9186dbecaa5812e621f1652e57777	rejected	1790650083
0xa1985b182203b687409dc65034d6824f82127777	rejected	1790650149
0xa19f659dec38662de103e88ce39b28699e087777	rejected	1790650224
0xa1a49d2cd2e2a0bf091ff462b246dc9c5cc57777	rejected	1790649901
0xa1a5bab8f2b028dac7f81cc67c08f4e19cdc7777	rejected	1790668007
0xa1a7e7a1548f277c96998e85e5eca68b56d77777	rejected	1790650722
0xa1ab8e32fcb34b945c846328c75545ce063f7777	rejected	1790650738
0xa1acc11da6eb8309630212082eb84f5323fc7777	rejected	1790650273
0xa1b56835a6a8db3f0c47d5df7a68ade3ad057777	rejected	1790431446
0xa1bc47f8be3b53b445d16b06d1ab63b0ca557777	rejected	1790650105
0xa1be0c391c4c824acfe7fa44d27b887924c77777	rejected	1790650149
0xa1c74f788835659514ea9b142206d3e6aba8428e	rejected	1790651059
0xa1cc778f2782ea1d0fc5bc2caaa65eafaaca7777	rejected	1790650162
0xa1d4d417264b6016ef09629963701b634dc37777	rejected	1790433730
0xa1d9f346cc65dc13436643f133a613e4d81d7777	rejected	1790431519
0xa1db3d6aa08f6795d2417a655b1f3337f6ff41f5	rejected	1790432985
0xa1e46ff87f26e42955324d76928bcc174cc07777	rejected	1790432854
0xa1e67479d777e3fbdc8c1ad7c7c76fff821a7777	rejected	1790650179
0xa1e9980ded2d26800bae7e867cda819309e29f16	rejected	1790649814
0xa1ea3637211e5b8cb0c1ddd5209406ed41147777	rejected	1790667524
0xa1ed75966a2ac964b93b1ec0f77eff23119e7777	rejected	1790433561
0xa1f494a4c55f7a97928973872cb12f9ed78c7777	rejected	1790650234
0xa1fb972a6df7bb20bf66a6f78ceeba46a6e37777	rejected	1790650823
0xa2002a79918784e64a1dc3ba1a87b7d9609a7777	rejected	1790433706
0xa216426bff2134b84e2a0797d8635d373ade7777	rejected	1790667958
0xa2204fb151ba7f8ed1058d611958c7a965667777	rejected	1790433899
0xa22ee3c7ab7d1ee1999b62d4210f084e3918ffff	rejected	1790651058
0xa23a3b227a61b06372feb05e204331a5fe767777	rejected	1790650361
0xa2408fe56e1183813d88c173afb242fd76be7777	rejected	1790667891
0xa2419d1ea20ccbb8b126c8dfaddeef96db157777	rejected	1790432849
0xa2463b413c050eb63f5b37d4745c1e83aa117777	rejected	1790650097
0xa24bbd3f7a27b980872464d86b58a1d730a67777	rejected	1790431520
0xa24f1650a34e51703446e6e55b29fc7dc6837777	rejected	1790434578
0xa25ece17028837dc420f162a0a114bf4fded7777	rejected	1790433605
0xa25eec310107074902b1b67b47628badbbfc7777	rejected	1790432954
0xa260feecf9859bf03d6a62e610225fff98137777	rejected	1790649881
0xa265ff3a7ceaf9cc13d4446846f995b63dc67777	rejected	1790433481
0xa270b39caedd5e617be5a3fcf3d52a73d79c7777	rejected	1790649952
0xa274279cbe8d3d7ecc3020dba2c91727ec327777	rejected	1790433567
0xa27456589e1a5ff3fef9b3e02d678b978d907777	rejected	1790433918
0xa2770d3bd5a0924b460168a5fb7d15353442ffff	rejected	1790432856
0xa27ffe9f5aed4117a903916f9dda1d5d05497777	rejected	1790650013
0xa2800b8d1a2661a523697cd30fe193b2048a7777	rejected	1790433641
0xa283ac951e775f86964d5dbad746ab0556427777	rejected	1790433619
0xa286a695ced17a244907aba255ea4705d8667777	rejected	1790650231
0xa28c20742b0d23d313c0f0fffb8dcbe3194e7777	rejected	1790432861
0xa28c478ab5ba5a41c346db0e226b69542bec7777	rejected	1790433839
0xa2a7cb38f43776c3791fde2a95579d090cc07777	rejected	1790434488
0xa2a9ec63aa0e8053eab16eb9f6354218b34b7777	rejected	1790649808
0xa2bacacb9b64e11cdfa92d997848ca6bba2d7777	rejected	1790667706
0xa2de0a7eafec1e8abc70496b09fbe6f79910d0ad	rejected	1790651959
0xa2e4f6a1d46dda16617d7fd424b3625659a77777	rejected	1790432718
0xa2f3f7c8e491b0efbb6e762f7fd4b7db4a767777	rejected	1790433694
0xa2fd95cb903be6f23939e671645607b4201f7777	rejected	1790650698
0xa303d5482f7c729705baaf246f2cd2f855c6ffa8	rejected	1790434612
0xa306ad0d6cba80fc09af1d787b1fcf5f13aa7777	rejected	1790433751
0xa306ff54c8c7cfeaa895ae931d5d2e23e6367777	rejected	1790650148
0xa307cf34f592b177de88f5cc4454c6c40ad47777	rejected	1790650533
0xa314d892d8c87cad9b010c8650d0273a16067777	rejected	1790432851
0xa31afef715d9e92afed930806514c53c7f9a7777	rejected	1790433638
0xa31d974e8053064f338b86b197fe4bf099c87777	rejected	1790432162
0xa32676b96aab6b893951fb0ce510107a5c267777	rejected	1790431444
0xa3279c0ed8fbc1043125b5876ee7621d062f7777	rejected	1790650279
0xa32a3df49419747ccc4b452684d2d5711d9ff58c	rejected	1790650332
0xa32f2acc117e21fb456dcca576625105df4a7777	rejected	1790667735
0xa3304e4e071bcfb1349ed5f8a726953e247d7777	rejected	1790667923
0xa33bbefd628e6629dd0f8e342b7a622707707777	rejected	1790650780
0xa33d553114411e459e7c1ac5eede01fc0f157777	rejected	1790650111
0xa3456034c2d209e0aff5d15e47216ac4dc297777	rejected	1790650528
0xa34fb7c6b15b286c61606829eebf69b56c5d7777	rejected	1790433512
0xa351cedc5b283fa57ac6c4b471856e259f837777	rejected	1790433751
0xa3522388c4c6f9743bad1fc00bd350130cdd7777	rejected	1790432952
0xa35a2e8a1167fb1aad66b2b7794690569ec47777	rejected	1790668140
0xa364681bd1dd93972655ef27de9ee3737a4e7777	rejected	1790650530
0xa3754d2b1992a16c8f084cffff2e926f51007777	rejected	1790649780
0xa379999b52cc8b9869a7556f51fbf69a77657777	rejected	1790432679
0xa37ea9a1526e38a564ac6416951483e710257777	rejected	1790650164
0xa380d5191439787c41befe586479ddd0a05d7777	rejected	1790432703
0xa386c4937ca57aae002cb5527ab4de12a014c16f	rejected	1790651024
0xa38a786993acb9677cd8a8130063ba4dfc057777	rejected	1790432731
0xa398d7c1954284c7cbb8d94741d2a259bf327777	rejected	1790650178
0xa39c6339a2b5ea2a3e0948f6bea3102a9c427777	rejected	1790434826
0xa39fac31dd2502f9aeb7cb24fe8cf5110f367777	rejected	1790667519
0xa3b1dbb73a8a94ec0f1561a1a79aedae0e7c7777	rejected	1790434032
0xa3b5a0e06784f98e6bf749b15315d721c7707777	rejected	1790434341
0xa3b7ad86e08d0660dd260dc67c47a3c65d687777	rejected	1790434363
0xa3b97c824099cd45829d06a67c086ca06a457777	rejected	1790650289
0xa3bebef8bc3576c5ae2d6a1441da85dd0ab47777	rejected	1790650785
0xa3c620eac915190f61255bc05f76418836bd7777	rejected	1790650446
0xa3e07ec2ae720675b4adb24fefc43fa50a227777	rejected	1790649797
0xa3e1f928219b04bba59df8ee6113440104887777	rejected	1790667441
0xa3ed39de2a38eb7ba6e613986a097a8cd3ab7777	rejected	1790650358
0xa3efb527f40a8d7168538653ad4fb4d653107777	rejected	1790433630
0xa4059a35963b966afd0e0ab70e16961f1774ffff	rejected	1790431629
0xa4084be3b7222170f7974b1d2f9a5898b85c7777	rejected	1790649988
0xa4092fd2e2eaf61708a48f62af43bf3f29697777	rejected	1790668341
0xa40d41623da6828efc6426b3d65effc615dd7777	rejected	1790650342
0xa4103148838225b4e3e44b3b05e98fc372fd7777	rejected	1790434692
0xa429162d811a4e840a1b9979bcbb5efcddf77777	rejected	1790651032
0xa4298e392fb39608f2ed919c4d526cdeb1767777	rejected	1790650513
0xa42f914cf6da50b096ce7d78ecbd084e1aa77777	rejected	1790433544
0xa43019fdea74d991e416f1f0f167a3aa44fc1989	rejected	1790433475
0xa4390b901a63641c92327e5793b45fcb46954444	rejected	1790650723
0xa4421412909b8d7d443cd240caa539792f5b7777	rejected	1790433837
0xa44d9e8f72d2fa8ae322d7eb140324c6fd087777	rejected	1790432722
0xa452f06545db215a604c674fa05f588ab8ca7777	rejected	1790668139
0xa453f6b6c33cb3c5c336e1deb99d67ebb9b27777	rejected	1790651077
0xa455ae0f04a2b86eee47adca98985e61d14cbefb	rejected	1790434074
0xa45a0a87f4008d2cffa367a797330b4563ea7777	rejected	1790649816
0xa45fbc696746e6e5b43cc273cca4b7887f977777	rejected	1790434382
0xa46332b03062eb8da9265ab9b0232119fdcf7777	rejected	1790431430
0xa4650d38de72a0f963cf49af2df9ac5494177777	rejected	1790650454
0xa46eec7b56f0538e62dc56c7bf4ce8c7a6c27777	rejected	1790667727
0xa47167b3dcd35e939f301f4442f1410130fb7777	rejected	1790668017
0xa47e9451df6db029a9abd5539ef56f5270837777	rejected	1790434717
0xa4909162f91270a34f56d155b86f35cd54637777	rejected	1790667592
0xa496ba90b856ebf320b58b99f075d26eaa6d7777	rejected	1790433732
0xa498b10ced88af7b1d772e547b5d9dc9b7047777	rejected	1790649960
0xa499f2b9c80040ae9769fc0a2988a32df7a57777	rejected	1790433626
0xa4a155f34f1c122b27181e761a9f504859767777	rejected	1790649767
0xa4a59d30f26ef0f3d91e2a9da940eb91b3287777	rejected	1790650068
0xa4ade608459493c8c7981d27beb97f47418f7777	rejected	1790433735
0xa4bae184951353787140da5a2a84282760e9ffff	rejected	1790650159
0xa4bd08c30993b4bf750f6da4124ee407aa597777	rejected	1790649840
0xa4c0987b4f4bf5b590ef539b97ae0439fb997777	rejected	1790433927
0xa4c26783809c1ac258dc55659436ca4f28e87777	rejected	1790650155
0xa4c6c69da1ec84b77bba2e7c8ffbc5a257ea7777	rejected	1790650527
0xa4c828f4bd2dab5b7c33b4ba4302722973817777	rejected	1790650652
0xa4d2997ea7608fc5b9cc15f04f962f77d2bf7777	rejected	1790650911
0xa4db9a9b52f0ff31e4b2dde17de1084171c27777	rejected	1790668053
0xa4e09ced46d9d69969a693b0fbe4ed8faa607777	rejected	1790433530
0xa4efccec60295250b13793c70770c6ac9fd07777	rejected	1790432747
0xa4f6e53576161ac09e4b7c8eeadd125594177777	rejected	1790649743
0xa4f7461b1894b6ebc1adc4117c5b10292ca77777	rejected	1790433643
0xa5066ce56fac7e1f985799eb8478a691d55f7777	rejected	1790667953
0xa5111cd222098737b0ec47fd49c5da10d9ca7777	rejected	1790650770
0xa514d2c0814ba5b353b4f0183971cda189b67777	rejected	1790432980
0xa51af042ef389f6016e92849e4494b97b3597777	rejected	1790432606
0xa51f250f878f8882578e040e04f1064b1e317777	rejected	1790650026
0xa52051f9a9776fd0ad3853ce663bd46c15f07777	rejected	1790433717
0xa538803d4d63d7ac2206e6eac3eab324ba6c7777	rejected	1790650041
0xa54bd57d31ea80fa021b7efc8c15e0471f4e7777	rejected	1790433852
0xa555714e0583791502dbae567f7c810df5437777	rejected	1790433883
0xa556d018fc7d8f6136a5ed41feba02d900d87777	rejected	1790433893
0xa558818ebe98adcd353afc5fddc972b309157777	rejected	1790431606
0xa55c1a31e82ed6658ba1c9ffdb7e150a19d30f2b	rejected	1790650449
0xa55d20fd537f803e0fab60f494f06d70938436e3	rejected	1790650847
0xa56049b55c73af8bb8713e874255d4888b9a7777	rejected	1790649793
0xa5661cff6df52c0e665aea5cd20d580d33eb52ed	rejected	1790651033
0xa5734e502e68f90e32480f45a173164807cd7777	rejected	1790668046
0xa577abbb769ea8ec117251f2da5dea50ea9b7777	rejected	1790650526
0xa5817f63ff93d5507f48a059027948ec85087777	rejected	1790650824
0xa583b4f072c3fb2187698b573dfaeb1fae9b7777	rejected	1790649795
0xa5855243b3088d321559378d49ca8b55f53f7777	rejected	1790650544
0xa58765202c030cd377379e700026cdb92aff15e9	rejected	1790434357
0xa58edc95dd98d8492f8150dd9981c0955edd7777	rejected	1790650512
0xa58f194259a1c4ee841c62720d76350f107c7777	rejected	1790650787
0xa5910752712982a117e1c6416090438be3107777	rejected	1790667438
0xa591fc4bf6e341db7c4db7766069cac84a117777	rejected	1790667926
0xa59c37c019c9e144bd453fbb51a9881b7ab07777	rejected	1790433610
0xa5a01c44f51638233798bfd76bd4f5f328f67777	rejected	1790432746
0xa5a58b5692658593b6c54cc5c698b1f5c64e7777	rejected	1790650741
0xa5a60f75002e0eea5688c3cf0a8da32447987777	rejected	1790431613
0xa5a9de5e08be801247eec5195678fce877e37777	rejected	1790649775
0xa5ac4b204100851f51e7d67c8597234c0b927777	rejected	1790650417
0xa5bb49bb253ffa270274f9da2f9d72619ad17777	rejected	1790650851
0xa5be0ac0894cf79291b43f2fa5859cb0c1417777	rejected	1790433859
0xa5c191137f8ff8c84fc3eabe36534e401f6f7777	rejected	1790650865
0xa5ca6f241c553209aedb06bcf4cde77b568b7777	rejected	1790433831
0xa5ca7c0a5ecfa5f928e13f35d5dd956789117777	rejected	1790649804
0xa5cc70728b906a2edd889ccb77b979e799e77777	rejected	1790433853
0xa5d0223d59ccb456be45143321fef15f265f7777	rejected	1790668050
0xa5d1e780c5112574e7f3e584c7b04a9543667777	rejected	1790668005
0xa5d2b35939d151e5fa06663e1c9af32d2e8c7777	rejected	1790649827
0xa5d72e272f8677775c1923bc3d09230cde9f7777	rejected	1790650824
0xa5e39440cced9510087a1a4818cf818dd9db880b	rejected	1790667994
0xa5e415bba4d7decc6329b1f802a8324c97407777	rejected	1790651053
0xa5f5fa120418e3eb83d1a2398fae73a8b8757777	rejected	1790667971
0xa5f87d54abc993ae4e59ec1cf26321f9eda77777	rejected	1790650141
0xa5fb17117b9341cbfc2bb9bd0a203ec8bb797777	rejected	1790433547
0xa5fd1ff387bdbd3df877ffd35b908651250b7777	rejected	1790431657
0xa5ffc67b7e61e3f013b13ac033c0aaa162fdddfd	rejected	1790649874
0xa600b61e3519f6dc3b0630c465f2031f17827777	rejected	1790432845
0xa60b17f68caca442ab822d529efaaa9200b87777	rejected	1790668333
0xa60c28c609db1d6ba5ec37da30cf6c8b321e7777	rejected	1790433663
0xa60c3c0d5443666324cd29343a34a3554f2c7777	rejected	1790650126
0xa60dcc77f0c58da12f9ddced033e51feec817777	rejected	1790667720
0xa61a1d13ede0ec1e155f8ccd01c65299f5f97777	rejected	1790668346
0xa621392284ee41cb3acf6e49842dbbc9bfcb7777	rejected	1790433860
0xa62391552b8aeaa97a18b99d44eb8137935e7777	rejected	1790650583
0xa6308312ee8d65efaee2a4620888d206334a7777	rejected	1790650699
0xa63489c16c07b9bc8a4d6ee4a4f1a4376aa87777	rejected	1790651100
0xa64b0b9518c2ab5cc515336b18467957dfaf7777	rejected	1790431517
0xa6544eebc9cf06f3ba78d84cd5cc8a34ff557777	rejected	1790432986
0xa65e0a01f75fd8ef4733a1b08be8015956897777	rejected	1790650350
0xa66164732be76b3e52fbac253c5d765b67a67777	rejected	1790433703
0xa66abef7e5a5c1559f236b51e8dc7a99d7db7777	rejected	1790650400
0xa66b400c58ca55abfe30b678d18e27750d877777	rejected	1790651078
0xa6703fcf8a9bba6963057829b3ebb5d3f4a37777	rejected	1790668099
0xa671f892042d183a85ff3d056fe81b55846c7777	rejected	1790432825
0xa674a08d789a61c38bf0bf94c96627c173097777	rejected	1790668255
0xa679243657c6380897d1a5065394938ac6077777	rejected	1790667614
0xa67d11322cf058dc9aeeea05345fa45b1cd87777	rejected	1790650539
0xa67dd5c9cb93591465ad14f25f6c2e9831837777	rejected	1790649801
0xa67ee8a5deb5b5a9d3b54279b70668e8cec67777	rejected	1790432837
0xa6853921b588081cf2c19f6e601c2c3fa92e7777	rejected	1790668334
0xa6876872eb8d3b2b4d47cabc4e75722823797777	rejected	1790432730
0xa688821e3dd51cd840958495dbc502441d557777	rejected	1790434406
0xa68a88753e7c827acc39a996f921a84d97aa7777	rejected	1790667770
0xa68b8ff31e7f4b2d91a4ed2f78c765bb54867777	rejected	1790649987
0xa68e3cb55fd3b7faac110e8c52bc4406930b7777	rejected	1790667514
0xa68f176d9e2fce1e7d1f082c4053d85e45097777	rejected	1790650203
0xa68f32b8a4bd24d8e09bdc05901c208da1d27777	rejected	1790431601
0xa692bc6e799d7802cf8688abf57e6e78eadc7777	rejected	1790433585
0xa697e272a73744b343528c3bc4702f2565b2f422	rejected	1790434005
0xa69a1b2a088ba09657f56f45ae3850ec33d57777	rejected	1790668007
0xa6a514ab748f89b92f9e2b614a8e274633087777	rejected	1790434792
0xa6a9d1e94381e798ae65619ecd01533ded757777	rejected	1790650566
0xa6acfca995a5cfaee29a4441ee49d4fd66287777	rejected	1790434187
0xa6b4fcaa4d5264c6363a6db42a14f1375cb37777	rejected	1790650520
0xa6b57e470ff93aeea50dba32a8bd9df37d497777	rejected	1790650249
0xa6b6d6605640af299142789f04fcbd926d667777	rejected	1790667951
0xa6befb5f093650837e7047897881d0b040627777	rejected	1790649837
0xa6c476f3147086f6886c9bf1e03685085ab37777	rejected	1790431652
0xa6da8e87570b0b28ae0a6372f305ceff0bf47777	rejected	1790432969
0xa6dab6f34ae00c9cc87e3f5a86940fc3201f7777	rejected	1790433605
0xa6db0b9de55709fa34e3557b52c81698ee7d7777	rejected	1790649647
0xa6dbfde38e88ff31e9c865d2a19013905a727777	rejected	1790650151
0xa6dcd0ebf7dfe606568c24723eac653038027777	rejected	1790649651
0xa6de9ae3934a836cede900f1f2ddc402fa527777	rejected	1790431610
0xa6dfce339bfbb87101b3f1c773501b87ea4e7777	rejected	1790433728
0xa6e013bf7b33c237829c318b3f4b84f2bf347777	rejected	1790433446
0xa6e3eacdf8e6a1ea02052693838f3653fa3bffff	rejected	1790651056
0xa6f6aa8cc06765f06fdacd5c63ce63b7966a7777	rejected	1790667701
0xa701660a95bdc66c1f00b8a9f4f4515f25bf7777	rejected	1790650387
0xa7053847201c0ee1926809b10185a7cd37977777	rejected	1790650291
0xa70b959ca0d710b08c625cd775aacb835e6cb443	rejected	1790434834
0xa70dbec52694b42184ce56b42f7f7c86ea0e7777	rejected	1790433421
0xa70f9bca261627a5454b416f21a7acb42e647777	rejected	1790432953
0xa71543c51ba94aec183c16781548dbad3efd7777	rejected	1790667741
0xa716076b0f10b3bebb8c463c048fa180e26d7777	rejected	1790432833
0xa71a4878de0196de2e789ed1562918124c957777	rejected	1790649959
0xa7217adac35e05a7bcf40ec66994ec6ad3ee7777	rejected	1790433616
0xa72809105e768fec9f10fa5e80209cd31f911a1a	rejected	1790649891
0xa729c26890995390f9e0d50b3ae5cc789aaaf991	rejected	1790649781
0xa72d4904354b1c87df3980e87116a7594aee7777	rejected	1790667863
0xa73a32df4de56977b573570d945fd59907647777	rejected	1790650103
0xa73c7848c5da23e86d3b8b90f12c079c2a367777	rejected	1790650234
0xa7492ac733e98012ec1fa1fa710bf034c3e37777	rejected	1790433705
0xa74a0be038d4de6d71b85561bfeeba5e88917777	rejected	1790432990
0xa74e1ef91c9abf1e69315fa6214b3dc2eef57777	rejected	1790650713
0xa755adc170c907783df8f9c7c2f62e9a1a487777	rejected	1790435000
0xa761bfcea5ab789ce14f72fab9cb2233ae1b7777	rejected	1790433861
0xa76285c300e2f9381ecb8799410ebe195ba37777	rejected	1790650896
0xa7743877ef2981b9b909c62de596747df3a57777	rejected	1790668178
0xa776966018479b100349a5911cd105f18ecc7777	rejected	1790668132
0xa77783dfae51ace9fe85d7ea41b2954c447e7777	rejected	1790431446
0xa7943316795b5ca87583c6f9d35a107166a87777	rejected	1790651022
0xa799e5d6a034c3c23059c365bcfc341aa8b07777	rejected	1790668035
0xa79ea2333872d42db1bacdc449e2eeeab7cb7777	rejected	1790667878
0xa7a0ee7e6f36dba4f71b2a2291532f8a87787777	rejected	1790433748
0xa7a5eb2a229ba87386505b1a40f307cec2807777	rejected	1790433692
0xa7bda7c892d7882d6011648a3355d22e49327777	rejected	1790433608
0xa7c06e62a694147ac76ddbb6f5c5609069ea7777	rejected	1790667616
0xa7c088064914e03f5b872f44ac84d6f60e517777	rejected	1790432866
0xa7c1ccfcebed71cc60e7bb47d6b5c85d33507777	rejected	1790650377
0xa7c9c86e2d3b6cb7de698d8067635ebd8e627777	rejected	1790431723
0xa7ca7719649f2f11124e742af2641bfafbb67777	rejected	1790434839
0xa7cb8bd6c6fcbfcbc61a41566864ba49109b7777	rejected	1790650361
0xa7d2e70d6bcc0b63635b227cf32171f776e17777	rejected	1790649825
0xa7d792b5865d616f476849e092e3f023291195a6	rejected	1790434016
0xa7de131eea3d479ba924b3fb12eb30a65c727777	rejected	1790650349
0xa7dfeae7d8add05b9210485edc0062aec3a835a0	rejected	1790431608
0xa7f4946ee5536120afde03e5fed53314a94b7777	rejected	1790433459
0xa801c3dc38e91d9409bac2bfc297bb3dc1f97777	rejected	1790649768
0xa818efd6b6768263247d9cc0feb2cb98db0b7777	rejected	1790650281
0xa819e5af89712450afd2ee53b3098e2cd3827777	rejected	1790667901
0xa81f43a190f3fba44f13db2e9ab2ebc8c77c7777	rejected	1790649997
0xa81fcd8a1d2c0d258a16c038e6e97664932d7777	rejected	1790650411
0xa829682700560c3a4f8831c3a8fb11763ac77777	rejected	1790649914
0xa82a1de07b42ca82b9ccf86985eb8419a76c7777	rejected	1790667723
0xa82addbf31a7a5844d848b1ecda17e5caf9c7777	rejected	1790650363
0xa83cddc543f57d9fefe93a2cc25431e34d71c182	rejected	1790650563
0xa83fd0c7c07ecb69b84f300d31f8f286a1207777	rejected	1790650677
0xa84070d5a6e56b431189818d82ff4149502d7777	rejected	1790434348
0xa8430d8fc63c6dfd78317797431212019a777777	rejected	1790432864
0xa84444c25ab00f412d6d929db8246f6df4677777	rejected	1790434382
0xa8454b477599bcb4948ad49542008b6326477777	rejected	1790650411
0xa84781799ea9d92f7cc987cdeac620be1b517777	rejected	1790667734
0xa84de554a8bfe1b485ac13ddd25ab60e53427777	rejected	1790432977
0xa850c67f529fd1a48dd581ad636233ce07987777	rejected	1790667990
0xa8625f167f196695f4cea421e261990944807777	rejected	1790434577
0xa869d9585a1121c4bfe0e3aca1f1c44f87297777	rejected	1790432695
0xa86a049b667447a65792f5914c83ac0e14a17777	rejected	1790432751
0xa86e26446942481ea674befb6a28db8174777cc9	rejected	1790650843
0xa86ff83cb1ad89907ee5a8cda7a90b2751937777	rejected	1790434608
0xa876821a22b1c05e63e1f75300fdfef77aac7777	rejected	1790432679
0xa87814384f55bc5455e7b3cb5dce142513bc7777	rejected	1790434490
0xa878d5d341c948a955bf1be14ed404e912a37777	rejected	1790650464
0xa879018e3f46413dd22f3952a6ae58a80b2a7777	rejected	1790433728
0xa88593aba144ce38b6280b3d4770779610ae7777	rejected	1790650047
0xa895517ba3b4c2dfbdc47a95b50f58ef0f487777	rejected	1790650848
0xa8a8ac055d1276f52ca756ea26efb687c36a7777	rejected	1790650000
0xa8a961bd5f0c3aed88d14fdee9da0f5ec0037777	rejected	1790650708
0xa8ac489e6f5d904268641b8b6c390d8a2fad7777	rejected	1790432490
0xa8b32f4628c245d8305b682566578156566961c0	rejected	1790433446
0xa8bf4e71e080012a48e3c94d26475d442acd7777	rejected	1790650434
0xa8c24058c5e90ff3bcaee95cdb3c1fa2416e7777	rejected	1790434201
0xa8c9d5ace1658c3f7438251a7730a7d044ad7777	rejected	1790431390
0xa8cadb1eb8f6c7bc102d7b3c81c3482ecaca7777	rejected	1790431601
0xa8ce435e00c10c572b4058776548090010337777	rejected	1790432730
0xa8cf0f21a456b99b19e3bd00abad7bfd19a77777	rejected	1790434031
0xa8d0e575944734f9346e68c98a6e59d7bb087777	rejected	1790649762
0xa8d22416a0020764591ed45b769d712531d27777	rejected	1790650289
0xa8d6737e035d4b5986a650198ce1cf5adb06f4be	rejected	1790649819
0xa8d72161163e86e3de3529e353e106ceeea27777	rejected	1790667698
0xa8d81971978f54cf33a92befb0942903d3417777	rejected	1790431627
0xa8db0f47fec317770e18b401d246d4b291477777	rejected	1790650082
0xa8dfbc79fe3de2e473b2e5aa78304189f7637777	rejected	1790433861
0xa8f8726ab4759f7aa15eeb2bb952d24a4e7c7777	rejected	1790649891
0xa8f889c33d197ac1f23c895505a7c77b4f037777	rejected	1790432539
0xa9081d3638bd2536bb888bae5c2ac0e271e27777	rejected	1790432164
0xa90a21d2af9a2c0ccb848c64356220f77174c9f7	rejected	1790650046
0xa90df79e8ee985e6699093f1694d9e6349587777	rejected	1790667766
0xa918c835356853a80ffd62d0d80031068c4024a8	rejected	1790650884
0xa920f30fa1f9c05d57aa4b626a0ade161d237777	rejected	1790434810
0xa92115ecef64c943a1d878ab120ec4a5908a7777	rejected	1790649745
0xa92fbae3ac272198aafef0e7dae009b98f827777	rejected	1790431397
0xa936c349ee78f63764a68c1065346ad3b55f7777	rejected	1790650767
0xa938cc3fc01b856f9e449972591b54a14de77777	rejected	1790434378
0xa9452e8e543a576b789cc842718304b0d4a77777	rejected	1790432849
0xa94917246024f1ad69fbe9bef5e89262c9657777	rejected	1790667894
0xa94a64a0a81587288ec04bb97513e009f5cd7777	rejected	1790433442
0xa94a7c690cce6f26ef23f258325cfb1105d37777	rejected	1790650217
0xa94b7d950384c634b8be150b11b1f509974f7777	rejected	1790432825
0xa9534a6c49498e8624ae0af531c2c91446fbf03f	rejected	1790650335
0xa957710feaf203c4fd958e8c5da9f3b07c677777	rejected	1790434985
0xa95c0be394ea51e1d5403e2e0797e4aa07d47777	rejected	1790432855
0xa95e54cc8e9d3ba8cb33d8cb49384d2b02097777	rejected	1790650684
0xa95e6f80976af7ac904adfbbefdf0746a13dc110	rejected	1790434507
0xa9616aa905cc1b19f31db0d49ba1c1adce737777	rejected	1790433722
0xa9617e21c368d5237b297a3b04c29ba26b007777	rejected	1790650108
0xa96a03778c8ff33f412ee4693f25a1eb82167777	rejected	1790435002
0xa96aef415f6378cbfed96a3bd72aa250afa77777	rejected	1790667519
0xa96b64c2b74a0c0f50c698a4ca1180330b847777	rejected	1790433706
0xa96d1d70853462ec9809d7c6d713a754157f7777	rejected	1790432684
0xa96e3f62b82e7beef84079f7bd5b0b0c1dd77777	rejected	1790434484
0xa97452d175679b2bf5f25a9a382d22aff39b7777	rejected	1790434397
0xa98828fadb0530bf2a9450e26daf0d6c77637777	rejected	1790433476
0xa988b9c0ca2d14d1ab3a9d52b44ba34f60317777	rejected	1790650654
0xa98dc8b7f70e0696a1eaf909c1f8b120b17e7777	rejected	1790433749
0xa9929c4ff775a299f23bafd4823c5d8339c27777	rejected	1790650183
0xa99979aaccb8dd27cc6ee4500c61e77f4d407777	rejected	1790667904
0xa999d318129136d1b46578634bd36f514e137777	rejected	1790433873
0xa9a5e1961f4b4ff033bf7c813379c84595fa7777	rejected	1790649832
0xa9a79dcc7abd91cc1f6305e0b8a1fd9a85d37777	rejected	1790432873
0xa9aad4cd35337ead308d54a55420d6be85f87777	rejected	1790433828
0xa9afdf5aab0c45ba04c128a255de6a24d49c7777	rejected	1790650789
0xa9bac67ff0eb306634a963c32c5dc401e6017777	rejected	1790650662
0xa9c7ded8cde7b632c20d0cb04f72b8a8dd547777	rejected	1790431627
0xa9c8a108a266a0bd372e430d4a33b4ff3d817777	rejected	1790433547
0xa9d5d7a8318b70faa19987fe5c983818a5df7777	rejected	1790649645
0xa9d75870c14e4a4186ac3c0764ea56d71de97777	rejected	1790649951
0xa9da5eb37a371551f3df7b7f4c5c2107184c7777	rejected	1790869675
0xa9dd0fbcf71e3f7f96fe982777a10d1140987777	rejected	1790650874
0xa9dd8f03e9354004c9d827e98f896605fa3f7777	rejected	1790650313
0xa9e192f44bbfda8dc0c0a5955018e63086807777	rejected	1790432735
0xa9e3b21729c5f0348b78ab9c65a78430eced7777	rejected	1790667738
0xa9e4910a1c04adb95344296877a52f3b2ec57777	rejected	1790668032
0xa9eb73378ae75c4eff26da7da4e101c1a8927777	rejected	1790432834
0xa9ec901e1acf30e5294ba2abc521e8112ace7777	rejected	1790667732
0xa9ef60018e36aa38d3b80b77660f8e84bc417777	rejected	1790650659
0xa9f4e8bcac3e67d292cd2457c0b3b5b32fd77777	rejected	1790433545
0xa9f85f0e0a2a51599d77fe7adec4ebd117127777	rejected	1790432490
0xa9f959bb4c569fc226531cf18977e805e9127777	rejected	1790650252
0xa9fcda9bd321adeb7cbbbd30ef2dd0ed1d657777	rejected	1790650807
0xa9fd7449abc8318e034099b5ead8a2bae7647777	rejected	1790433614
0xa9fdd1b626b99ab7d0bbcf2ff9349ee3bc847777	rejected	1790650706
0xaa00689d51ad6cf9d2223b0adba1e2cfaa4c7777	rejected	1790649992
0xaa0249722e0b815d2a0307f6308aca946e817777	rejected	1790431405
0xaa10fdb96ecadc0356b7513df22bbd8348707777	rejected	1790433593
0xaa142eaa12dd2c4d31cb289f13db0f64bb5bffff	rejected	1790431424
0xaa19eb96b23b6fc55a5a04b841170b763fd9e017	rejected	1790432610
0xaa1a8209dec9729451148084fc10e5d9a5fd7777	rejected	1790433726
0xaa1b571889dfff2be1160135cc734e2efa70dae0	rejected	1790433559
0xaa1c4fc928dc6366884f5b3c680eba9ddc7b7777	rejected	1790649959
0xaa2e7640572818691230439d36913cca67fa6555	rejected	1790650936
0xaa374c595033028e2d0f7a127bf6bce53e927777	rejected	1790650924
0xaa3876fdc392f88a71f2f436aaf96460fb217777	rejected	1790434373
0xaa42832a5f433af989eb31f241fae215aa2b7777	rejected	1790431524
0xaa44a6757a01ed4a1b2daa3aa87e1464a9e77777	rejected	1790667760
0xaa5299a1ce27a43d28d05b5009a77543e37b7777	rejected	1790650271
0xaa6321e400e9c2f6693db62d6b8197855eba7777	rejected	1790650277
0xaa6580ef1339a7a8f23b8835954931bfe2ddfb84	rejected	1790650146
0xaa6f9810966b51b9c2c376cb57e4728c34fa7777	rejected	1790651054
0xaa781a44b3ef90f0caf9d1acc7834cb6bdce7777	rejected	1790433626
0xaa805ee27f0dc752b80f28c0d5923cd67b5c7777	rejected	1790650317
0xaa8957db1517ebd0eb243d505c9d6122fd677777	rejected	1790650272
0xaa8c10a57546c03835ced742ae74e09a202a7777	rejected	1790650416
0xaa8dcd56bc8ee72544a13821f23bbce13ecf7777	rejected	1790650360
0xaa90b58e760495943aa81574fb3caf15fbf17777	rejected	1790433921
0xaa92e6f3c05453ccd84e558e87a5b1d799e57777	rejected	1790433613
0xaaa20afbfddb4aea8e8d182736f42d8569a97777	rejected	1790667937
0xaaa4bc42c018154d584c265b2f92fac5e9fce2a2	rejected	1790434832
0xaaa7b4fb855f0a8e5122bbe3cf4892ebecd27777	rejected	1790433610
0xaaaf2d9b93d037b36f3495f5e723100524d87777	rejected	1790650164
0xaab2e5fbb5d738e50731185b3ca30cb914a526c4	rejected	1790650905
0xaab3289ada43addaeb015b463a7d66d2963c7777	rejected	1790432511
0xaab35fd36334743d2cf214760a38bc7d160f7777	rejected	1790649892
0xaab3d0746be77c134a0ee88402194696ed5b7777	rejected	1790434375
0xaabc8f083f4b5b0631022c671f90d0b8a1727777	rejected	1790668132
0xaabfeb3dd286a0828cb8ef2f425f06c0443c7777	rejected	1790668130
0xaac5bf838926347def35e565a146fa383106e744	rejected	1790432971
0xaac7a3d143edbab5e226fed090cc531173f47777	rejected	1790433754
0xaace5e4c4e40c5edca44aa83e1098ba834177777	rejected	1790434402
0xaad99cffd08a92a0b00399950316a10f9b067777	rejected	1790434489
0xaada9573ea43cd6fa0c9bd5d8d1aacef7c6d7777	rejected	1790433703
0xaade97b21676accee70e761ea80cfafda8337777	rejected	1790649870
0xaadf659a1132df5cb315b20f6ec01cc4f3677777	rejected	1790667741
0xaae1143da9de6d351d70716961691d770a947777	rejected	1790432949
0xaae5f0a9eb433feece7272b5b3f5221ebe6d7777	rejected	1790667880
0xaaf0d0ae0d375acbe6c02f5b8d2ab5b4298f7777	rejected	1790433840
0xaaf953ff3058fddb2972dfc0aa603fa53a3b7777	rejected	1790434389
0xaafd28140d4f2837c2efbd77da44075433657777	rejected	1790649746
0xab040714cfd001972fa63eecb2b4936476ab7777	rejected	1790650831
0xab068d1add73c24f13fecd08ad3523aba45d7777	rejected	1790432755
0xab16ae23b420df0da6b3519026ee0ae0026110a6	rejected	1790433498
0xab1964978147ed8a299f8ad8f311665e1a117777	rejected	1790650877
0xab1a3fa77cb8b43c83b81249000c71a8be76ef79	rejected	1790649860
0xab1fc4690848f8f493fdf20de7d2020de0417777	rejected	1790650120
0xab233e2a1cba80ddb2a38ad52e129cbbae107777	rejected	1790650120
0xab2baad76efcfbb3bf0892d6dccfc063a9b47777	rejected	1790434823
0xab33a2a0311bfe7f3357345bed51587b05557777	rejected	1790667753
0xab3464c5f472961eb9600a325b921643ac657777	rejected	1790650795
0xab3dffcffba1cefabb421d635793a2d379d67777	rejected	1790649748
0xab4ae041c440e03e5df0f718516fde7178a17777	rejected	1790650500
0xab4b26f2f0c81b6368b05398221b4a60244b7777	rejected	1790649940
0xab51be7e211b49870909f5ba9fff37219ba77777	rejected	1790433533
0xab530029228eeade487295fe3c1d666a55b57777	rejected	1790650240
0xab57c5190b5c7aeebbc9294d76c8404e3a887777	rejected	1790433492
0xab65f92da9c0af593ecd1195d062b5fd74ad7777	rejected	1790433870
0xab72a25a3c9e8ac6d3d3199c09b0ce5da0e17777	rejected	1790650003
0xab78b89b5bb00236be0b4b20704cbfa04efc711c	rejected	1790434338
0xab8623c55cbbf0a6d93b1e4206b8b6f6dc677777	rejected	1790668070
0xab8ad010d33cabb18fd77147d678edbc16097777	rejected	1790432675
0xab8baa3e02dda5bc00cf28a8996e68777d6c7777	rejected	1790649772
0xab98754704ebf28b6c7e8a38593c1f5dc88c7777	rejected	1790433444
0xaba413ad917fa2101637a640e56650b085ff7777	rejected	1790650274
0xaba7abe2f302bf345c155acac9c49b2835687777	rejected	1790431600
0xaba872a59d00d9fc26905424ed37daf1cd447777	rejected	1790650227
0xaba8e2823df44d424096fe563c701ff9ab2e7777	rejected	1790650895
0xabb7cbbfb3ad33c83875a2da41119027e9a27777	rejected	1790650774
0xabb9de4223868b18833f319ff7af7e6eca4b7777	rejected	1790667960
0xabbbff359d7f6ed462c88081d7c641a8ae597777	rejected	1790650332
0xabc4376076dc98cf5ec55debd13a923766a6dec1	rejected	1790434705
0xabc59ccfa7c30f6b4e955efed6419886ae2c3bc6	rejected	1790649828
0xabcbb0e69ed01782dcf8fd00fff34eeac3077777	rejected	1790667719
0xabcdc871d8e563d82ca1ca7146b52f3891687777	rejected	1790668010
0xabd013a4d9e3535aaa3acd627b9d0c2d79167777	rejected	1790649855
0xabd7f6f58ed99154c79f2f29d651e11e07bd7777	rejected	1790650098
0xabd81bb285490a83a9720da9ad6e62e5550dd593	rejected	1790650885
0xabdf4fbdbfb4c61af1bbdf3e0a1c0b7ee2467777	rejected	1790668347
0xabe6199b4b4d1ca102443280ea3bef73c1ee7777	rejected	1790431399
0xabe63521d4c56947a7cc7d0c255656b37e057777	rejected	1790434479
0xabe7481817424d4366c093252f9dce713c807777	rejected	1790650045
0xabee4ff042d0d2b9a4f6af001dda231161f47777	rejected	1790650696
0xabf6fbed91326fad7e7ca24a74ecc9d1484e7777	rejected	1790650947
0xabfa3a882231f1f760721be947e08770cdde7777	rejected	1790433569
0xabfcb68a70d7f5ab92d3ea7ef965820ea37f7777	rejected	1790650435
0xac024a9f9c5281d3a27aef426462169659c37777	rejected	1790434697
0xac0db0f22b3e2047e9cb4ea536e0c59e3d187777	rejected	1790650906
0xac0fda4bbb5a48c915b79d889563b3d78b7c7777	rejected	1790650168
0xac12bd1afe43542b9591634ebc47a2c01c2e7777	rejected	1790651038
0xac17df73ca9fa98cb847ef76049cccda1ba07777	rejected	1790650410
0xac238162582d8c6ee931bf0c9013e775a9e87777	rejected	1790650840
0xac388663543d19872e0c6b53ac188e5fdbfa7777	rejected	1790650519
0xac3ffeb3161af1767f016013c798a5c0777f7777	rejected	1790431520
0xac43013fe5a83110fcb1825cc71dfe26b18e7777	rejected	1790434795
0xac47076abede3416da7d06d00c7428bee9d87777	rejected	1790650114
0xac4927377401bdc97e48f39b5fed53f2df1d7777	rejected	1790667521
0xac4c3b2c81292e646084abb1bd27eacdb7f37777	rejected	1790433512
0xac51066d7bec65dc4589368da368b212745d63e8	rejected	1790434599
0xac56c20ec3a333749d426619297243f1682e7777	rejected	1790649765
0xac6102777cb1f2b1681295b229bd1f3d6d947777	rejected	1790650483
0xac69712d9f73497771e6ad0c0dc76dee1a5e7777	rejected	1790650435
0xac69f6c2538eea03cfecfc98efd39faa8d787777	rejected	1790432505
0xac6d66197945b90567e47141b513d063edca7777	rejected	1790667442
0xac6eff834b753080992b5a290824955774527777	rejected	1790667917
0xac748ea2a42da93a0ba111f0c74ad0d165107777	rejected	1790650677
0xac797d8f92983217058ab520b8ecea7ed1897777	rejected	1790650348
0xac7ca68d158844f4bbbf86cac83a479510897777	rejected	1790650237
0xac7cbca0a8d058d0a774ce06366b1b9581fa7777	rejected	1790650761
0xac7f9a817514410d3ee6c7a363827a5207597777	rejected	1790433864
0xac812bce153fdbe87a7fd72e4f6826b76acc7777	rejected	1790668146
0xac814c0da9f05ee05116b71a839db44205c67777	rejected	1790434202
0xac834c772cad15081ae698d506262068cd177777	rejected	1790668138
0xac83e00e16f91741c2f158b953c3c19f83607777	rejected	1790651084
0xac8491b414702c48b8fce93df01e60e10a606586	rejected	1790667848
0xac8b2c7e578d82e796c750d1ac9776e6b9287777	rejected	1790650172
0xac8bede0b9554b54fbabe9cb3a53d421cf8bce16	rejected	1790434798
0xac9022fdadb815e4e96407c29b7abc3e70097777	rejected	1790432513
0xaca6806993ef7c6ecb89d20d1f7320fd23c77777	rejected	1790650020
0xaca9c16e769159004e0074742874b164cfcd7777	rejected	1790651069
0xacb0dd35db961a238f4e7ed0942aab854b667777	rejected	1790650498
0xacb9436cdd8d5cfaac6eb961a3154cdd8b0a7777	rejected	1790667689
0xacb9d02834f9bef0b45acbae3ce8d992a0497777	rejected	1790433443
0xacc285e61cd9781d3148b6fb933f49d99de17777	rejected	1790650266
0xaccd42d1c77bb26c35a8904a1e4cd75b78e17777	rejected	1790432723
0xacd50dd5e820bf95a898a5117fa62b7eeb277777	rejected	1790650149
0xacdbc14d5ec953b598f98b05092836e4147f7777	rejected	1790433535
0xacdfe4273d37d6074e6276b0321185cb07467777	rejected	1790650366
0xacf64f5b8a6dda9a91b77171463d3175fedf7777	rejected	1790650175
0xad06b8255a86b77b0507b524f3957590c3347777	rejected	1790650460
0xad1969ab9a543d2b822f81c20f954d8af63a7777	rejected	1790433569
0xad1b1b45d7278cf520c302d41d7c291c0e2b7777	rejected	1790650311
0xad2222d65e1b17d7f7bae5f904cc2f1cd80a7777	rejected	1790431517
0xad25c600f7071d121c0a7298311cbc130e1a7777	rejected	1790668160
0xad2b49b23582c1e61e30faf13170b4a74fe67777	rejected	1790667689
0xad2c91a755c00952b8501990ea19827e190d7777	rejected	1790433870
0xad2ee3ebfd459ecc70e246ddac93c5cc2fe47777	rejected	1790650235
0xad2f5b5a7e7627fb5f50e9a09dbe3ac52e247777	rejected	1790650279
0xad35b6f50d9b8a3b5f4c65abe1df8ddddde97777	rejected	1790651082
0xad38e6a98f121ee906e33de51b08a81c965c7777	rejected	1790668019
0xad4042bf045016c9abf0ce17f82b782f4a5e7777	rejected	1790650092
0xad40d1de038a8214b8c77d3c821e7bb159107777	rejected	1790649871
0xad515b786b5159a2a5af89737af8b946deeb7777	rejected	1790650316
0xad65dbaadfe433317ad6f878976fb66a75c37777	rejected	1790667941
0xad6cda46fb73ebf7b87dc7071b7ff22a1bec7777	rejected	1790432727
0xad6ef3e00a302a575431e14674ac913f4f7e7777	rejected	1790668090
0xad7651b25c4d99ad70275379427c8d6369347777	rejected	1790650066
0xad7fe6b82475cd34a3a692b283520d6eadea7777	rejected	1790433636
0xad8f87d7c37afaf815ad749572acd3222d207777	rejected	1790433650
0xad956c19cea9ce64d8776b20e04f7de239dc7777	rejected	1790650105
0xad9e8ca54ec38cde52f276a6aca5fd0eb52a7777	rejected	1790668088
0xad9ed8a077e1ce9688d46c0dd1e0bf4b9a607777	rejected	1790668163
0xada0f4738f77b31a3ce1b78c7f31479cf3bd7777	rejected	1790433568
0xada35b4efe561a39079e3f3da86c64ccdbbe7777	rejected	1790431615
0xada9fa59bedacc87369d1ae552c89c3f81c27777	rejected	1790431400
0xadaf82e8a7ffcb25e31226dada0bb0fe96807777	rejected	1790650346
0xadb3a0a0d158afa50d93a7b1636eae52e0ff7777	rejected	1790432995
0xadb83ac8e3dd8e592a110797fe12d2fdf6707777	rejected	1790667730
0xadb86155a38efd24f209aa7218fabe8888207777	rejected	1790650311
0xadbc00affc62b3a94b55ad79d050930950427777	rejected	1790434340
0xadc9c71939ab7b9a010ca72648b4e2f764137777	rejected	1790668183
0xadd2d838c66f25084d5556220a78b3119aa17777	rejected	1790650778
0xade47165a8afbbb93d4eaa9c99d42b84896c7777	rejected	1790433678
0xade8fb484bae0d9b48d1d90448ba2404c7aa7777	rejected	1790650027
0xade9be03344a6ad740d65a8c8a6d6f3aafaf7777	rejected	1790433623
0xadea12449e19f9886dfdada977f7b20ac99c7777	rejected	1790434584
0xadefbebceea1a90025412d9ac6830af1ec757777	rejected	1790667928
0xae02892583be9f70f04675766f0d46ddb66c7777	rejected	1790649921
0xae068b50325fc40b32c5d53151cc1555e74d7777	rejected	1790668079
0xae0dd293becac1f829444fdeee84353297747777	rejected	1790650099
0xae10132cea3a5570e54ad1c01ddca9aa0ab37777	rejected	1790650208
0xae1a54f529b45c6cbff5eecf2cbfbb17dde91643	rejected	1790668182
0xae1bf3710626d7a6211ab6689c13d73a67817777	rejected	1790433456
0xae1d3015b2461f5fd8af69ad307a0762a78a7777	rejected	1790432839
0xae2ccf3c00ac92482128c84a9a4922e51ad67777	rejected	1790649881
0xae31c31387a41510d5d50535216de72412b87777	rejected	1790650387
0xae35853dd0af6971279e8b25279d56fcc9cf7777	rejected	1790650912
0xae3c5903fa23bc6e7c112be0d0ce3922f7cc7777	rejected	1790668328
0xae3d330c05f7e3add99e688c2eae1ef0e00c7777	rejected	1790650433
0xae3fd228b324bd4398d09b2c89ffcfc64ff47777	rejected	1790667610
0xae462519780405fe78b17a8150038afd45647777	rejected	1790432949
0xae49336013547442f4d9fbef04e67ef976d07777	rejected	1790668158
0xae4d895bb1cb47afcdf8acde09c76dea13f27777	rejected	1790650360
0xae5b3915761c3e2c7ffb2b666d69e05c81dd7777	rejected	1790650056
0xae5c751f546d1e9e06c4a219b4ece69434627777	rejected	1790434201
0xae62ca4fa41945038874ebed1c2783743de77777	rejected	1790651505
0xae6338dafc709cf132c80b2569f12777b5c97777	rejected	1790649856
0xae75dd51fa9d3e194927dac96f995c649e6a2951	rejected	1790434408
0xae7c4456a0d2f7b4ae5e32bcc96ac943a8097777	rejected	1790432824
0xae80c3fb7669669cd095d37f5e98aa153e077777	rejected	1790432869
0xae8a3b47c10ed599327825aceb2700aa8d2b7777	rejected	1790667866
0xae8a67e38a7b4d28cc5c4a4c176f749b1bbc7777	rejected	1790650455
0xae9b77961470cc211b7c397bf5b6a32af0d37777	rejected	1790650173
0xae9b8e525dac1af7cb0a3e93602f95367afd7777	rejected	1790432714
0xae9cd885dcfe642eff8dca63b5fe903cbc447777	rejected	1790649760
0xae9f027825b2037e2010e65bbb9c115f21847777	rejected	1790650886
0xaea45b211ac4ca83af28b5933240b6baeb3c7777	rejected	1790668030
0xaea9180e1528c1a52d52d65efefe0a9d83217777	rejected	1790650063
0xaeb120ae1960398194fc1f6e2b7c8899509b7777	rejected	1790431516
0xaeb19f48b47ec7c2505d1af9350e9ce347d87777	rejected	1790649832
0xaeb1d98e354405a5de546fc616efbf7890be7777	rejected	1790650497
0xaeb2a5663e5b235ebba8be80daf0b0172bf77777	rejected	1790650334
0xaeb41bcfbaf9f642b7e3f6ca8e8995307da07777	rejected	1790650833
0xaeb882031c19674e93a29538b125f02b44c37777	rejected	1790667373
0xaeb8ec99f1898c710b31b9ef70c72f8681837777	rejected	1790431446
0xaebb8652f2cf648612f6225e9705afd9e3c07777	rejected	1790650860
0xaebeecbf967d539b4dace00969f9c410f09e7777	rejected	1790650017
0xaecfc68bbd2125a83978f308795d6e5080957777	rejected	1790651094
0xaed1f885f3f026a5fe22c86231a79f1c9cf77777	rejected	1790650474
0xaed715c6415fc221c5c9478618b482fec7ff59b4	rejected	1790433927
0xaee69330a80610e53115926d65214d5bd6857777	rejected	1790650178
0xaee699139a57ca6694161ff61e3877ee6d177777	rejected	1790668049
0xaeeba4511038675733797e5de8884b9539137777	rejected	1790651039
0xaef98a353dd17e80bf66be767371d08881447777	rejected	1790433577
0xaef9afdcd4bf0ce66c5b82b3ddb1b2a708cd7777	rejected	1790667959
0xaf0849f03f980e1b6006167ac0255e57ef437777	rejected	1790433996
0xaf12e021a651d5a63dd1092ad2943dc9b2bf7777	rejected	1790649791
0xaf1537eed80f8c6d2ece39d05940ba9b205a7777	rejected	1790431627
0xaf2309879893200ec06a18ceb51004ff5c9e7777	rejected	1790434603
0xaf309d09897724b3f498dae470f4ab551b3e7777	rejected	1790649956
0xaf36cd51fb7a5473e0106a35cb85cd16b80f7777	rejected	1790433659
0xaf3c6b62c0f94ea1b11c6e54ac18b92a08527777	rejected	1790668183
0xaf447ffcb93f1b1307374ae7d7c59e2de7cb7777	rejected	1790667612
0xaf44a1e76f56ee12adbb7ba8acd3cbd474888122	rejected	1790434378
0xaf4bdc12ddda277624671ad8962f3a0504cb7777	rejected	1790431511
0xaf4d7e47591d2eba4b5a0a04161f4d4c2cad7777	rejected	1790431644
0xaf535d4ecaa3aea4cc4c67c1371deebfe1b67777	rejected	1790650532
0xaf540f9b31dc3788e96d120d0fe6890d4d7a7777	rejected	1790649972
0xaf551d28996902ef7200f7a61f9d1840c5c97777	rejected	1790433588
0xaf62787d903391d25c8754c4a02eaf1e04227777	rejected	1790649867
0xaf667dbb78b0d97b2e20f9b00f307fcef1c17777	rejected	1790667929
0xaf692764cc9ef19cc8dc3840f75b461005b8679b	rejected	1790432504
0xaf6cfd683291870f9fde3a8a24aa341c00af7777	rejected	1790650930
0xaf6e848f9909ef825ca928f7466c48dea8117777	rejected	1790432507
0xaf6f233a065b4e5bbd7fe38c23780eed7e0a7777	rejected	1790667938
0xaf808d99819bbab2f74a971532534cdf00697777	rejected	1790667916
0xaf83c4d7dfce0f548a4bde6eac44f38fb1f47777	rejected	1790431446
0xaf856ca8f0a241032f27a4dd533f6696e4a57777	rejected	1790434364
0xaf86cd98716d9fd314a311887bfccfa95d307777	rejected	1790650707
0xaf86e58fe95ca00475a55f6931d802c51a2c7777	rejected	1790667919
0xaf8f08a65ef97e2d3327fb1aa0ef846f766d7777	rejected	1790650701
0xaf9321d1373b796b3d6346d8d038fdc6d1e37777	rejected	1790650804
0xaf9a42b0ab90713706baa5153e398e45e50e7777	rejected	1790650837
0xaf9dd1a26edeb89703c8297710e3aa1460507777	rejected	1790434475
0xafa64c72fbef0e207a251ec97e6c81239c9a7777	rejected	1790650552
0xafaa3dd4d0b0c7283992adba230df135e1887777	rejected	1790432983
0xafaa7db773719502a3c15e4608e10fd705647777	rejected	1790434999
0xafaaab3906d940a08801cd424fb8d1604ac87777	rejected	1790668165
0xafb425a5aa35d312923ba908a86797b1379e7777	rejected	1790433851
0xafb42df562f540d76e04282fc30ed09faf7e7777	rejected	1790431615
0xafcfc81ea9cd5fd0a0f4da6edb25f759684d7777	rejected	1790433198
0xafd8e54b8e5cfa53864c2be6d982cb1bdca47777	rejected	1790667929
0xafddca9071acf37903bceade67d8bca7bc3f7777	rejected	1790667759
0xafe89901f4099564305be6d62ce3c39680437777	rejected	1790668086
0xafeca1a582b0b513a1eec5b05445a6af3d747777	rejected	1790432944
0xaff6612fc6a8df42f19137d92a6ad91468f87777	rejected	1790650934
0xb004c65d65df19268ab4b4510d4425a193177777	rejected	1790650115
0xb0065a8c37808ceeecffa4a86239a0004c6e7777	rejected	1790667915
0xb006e7962036b5c60855b5f1ed2919e2d20c7777	rejected	1790434363
0xb008f7e28d46dccdabfb10214118a370aa347777	rejected	1790650276
0xb010f2c8e80c12f865051406c09c4cf21af07777	rejected	1790668112
0xb013c07aa8781d16298aee17861cb5318b277777	rejected	1790434384
0xb019275ccacb71ae65574cebb5df63829cf77777	rejected	1790667887
0xb026d6e2b981627c4908ed3c0157957f31717777	rejected	1790431389
0xb02b94fa925b88c495da65208b16a56400cd7777	rejected	1790649950
0xb02bbdcccf31a0aead42a32f2671c72c799e7777	rejected	1790667847
0xb02f62ecd1fc3be3879180405939e55419387777	rejected	1790649799
0xb0399e680ecd7f98bb5103ec13207a06bbd27777	rejected	1790667941
0xb03d209ed150ea091427d6b02e8d8f367c297777	rejected	1790434403
0xb03d2f58c0b9b69f38252c5bd273a046bd807777	rejected	1790667621
0xb040ed87d105d2f2f80df55995a17c67168b7777	rejected	1790668063
0xb0494de0a797c2d6d0a0c60e03cb4a153b3d7777	rejected	1790433449
0xb0499e29c7f3ddc7b9fd3bba3dce53af54e17777	rejected	1790432954
0xb04af2fc491c02b7884517238548e6b7b5787777	rejected	1790433678
0xb0630444e80f86499f89a845a4b2492bf9047777	rejected	1790650052
0xb0679773241e398493bb9dd8c381af1fd1e36e0e	rejected	1790431408
0xb07446317cc5d56ed2a91240ffd02db6745bfca5	rejected	1790432990
0xb0759de0bdfd5c09e1b243267e76533a21437777	rejected	1790433592
0xb07a2b2fb38c3c2fa2709fe0946c9af6d2b27777	rejected	1790434366
0xb082837f809add4ecd87ea16441fef45a72c7777	rejected	1790667862
0xb08287376f76eeb1bbe4ea7238086e7735407777	rejected	1790667879
0xb0884384348927aea406123e2eee15523dbf7777	rejected	1790668120
0xb0892e9c1b03b0e35d6fd53dcb5d4521b9d77777	rejected	1790433524
0xb08b7323e991bc49d8c1759723e9fc765dea7777	rejected	1790432968
0xb08d0760d82b83cafffb10dd4ad028fc4e247777	rejected	1790650021
0xb08d8b239638711fb4df048069b731955e7f7777	rejected	1790433359
0xb0975c2b9b80e06e2d861ad8f08c00f852f47777	rejected	1790650779
0xb0a655630abb86fde3626c3e63e1ff05a88f7777	rejected	1790432717
0xb0ae377a0aa3f32fbdb2ba6e6abccda804627777	rejected	1790650036
0xb0b5235ae76b32705f38e305d91a3b2afe277777	rejected	1790650045
0xb0c08093171b635d32cdb6108a4165f4eec57777	rejected	1790434028
0xb0c17f22fa9ad2112a8759cc61f3c558ae5b7777	rejected	1790431637
0xb0c2ab5af4028461ace3f6e1c33a4ee1404e7777	rejected	1790434014
0xb0d0958b2dee314940d408b8e67ed72700f67777	rejected	1790650806
0xb0d2fe393fbef85f0321b26d38892e54f5d67777	rejected	1790667958
0xb0d479a2142c1dd9e1f28b121852db96ab4c7777	rejected	1790667600
0xb0dd113128217cf54668f7cf3c547499ecab7777	rejected	1790433683
0xb0e0482314c573e2fa61dc2e4c15cfd7f7427777	rejected	1790434201
0xb0ec33bea215825478184cc5a7faa15edc7f7777	rejected	1790432972
0xb0ee9668288843d278023a9595425406c92b7777	rejected	1790649777
0xb0eeb7fb15d981a669092f3c018684c7c019ffff	rejected	1790431440
0xb0f018a8f0fcb8e2a374cdf046bd4c6d7ae17777	rejected	1790650105
0xb0fcddb23da42090f0cda785526289a73a107777	rejected	1790650015
0xb106b4f5b73f69df5d1c6578b385565bb5187777	rejected	1790650020
0xb111de51a8f05593b32da58c27575251e1937777	rejected	1790651058
0xb11706edfa20a3870fc98b4eec73e083a3c07777	rejected	1790650560
0xb11aa472e1dc9697fe7f1bccd2c30108ac4e7777	rejected	1790668116
0xb11cae9082511790c68995fcb8ce6ca2c9987777	rejected	1790433574
0xb11cc94de93300691daef422046f3ca62ba17777	rejected	1790431660
0xb11ef532e3b2c96f51ce47caae9ee5230bfa7777	rejected	1790650451
0xb127c2e7fe51f47608dfa6529afca1c690d07777	rejected	1790433565
0xb13003bf44de426dd2a3aae3df9c3400de0a7777	rejected	1790431272
0xb130b9045488f8074cb6d863b34a0c74c13b7777	rejected	1790650359
0xb1347407a994447e9a944f8a31daedcbc8267777	rejected	1790667608
0xb13a176b202a341744225ff441956c2277727777	rejected	1790650771
0xb13aa4216abfe82fc6c3011adeade1063ea37777	rejected	1790668112
0xb13fcedc554533882ff7d3e6a6ab713c520a7777	rejected	1790650209
0xb1452c797f35ce5419dfd4c7e05c851ef5557777	rejected	1790433681
0xb14e68b0819edb414c7e07bd87004f4d6bc97777	rejected	1790433745
0xb1507847ddf348dedabae54d7bccab1e8c627777	rejected	1790650024
0xb15103c4cdc206acab82ee6569bb46f7c2997777	rejected	1790433531
0xb151c68b6a54d799fd9227ca0f90b442bfd0e436	rejected	1790434606
0xb15c7b95291821fd008c3c13ae6c6c42cc517777	rejected	1790433441
0xb16152a2604259a0aef7230fa9cafd0130d47777	rejected	1790650256
0xb1707c9eabd538708d5aa6ef17809a4e6067972a	rejected	1790667355
0xb17beca049d5ca7b407332bd82a31612db2d7777	rejected	1790667617
0xb180051eee27cddd577e6190f6ae8ab58a007777	rejected	1790650460
0xb1806c6503236cf39ffb2620db7ae3b5a4cd2b82	rejected	1790432700
0xb1866a3e2b4db7117251825cd4e4b589965d7777	rejected	1790649996
0xb18bd25c388474011fe347bb9a0d55a5e03c7777	rejected	1790649779
0xb18c4fccec17b1af4704fc84f28d6fea72587777	rejected	1790434723
0xb1939843fb9220719d13076dceefb0aeaef06666	rejected	1790434620
0xb19480c96809e5d38e6ca2097d19d23bb91f061b	rejected	1790431593
0xb19cc8d74a19936843c5367e03fcd2fbf7637777	rejected	1790668037
0xb19cd2d6e3d280726d1f173ca6b165a928447777	rejected	1790432951
0xb1a053f958181e572bea6187fe23895cd1cb7777	rejected	1790650697
0xb1a699b46b190aec87f79932420226e0337b7777	rejected	1790433398
0xb1ac4950764cc4472cdaaa42a76a400b4f457777	rejected	1790667855
0xb1aed1691ad144ce8aa589f653e5a6903a407777	rejected	1790433439
0xb1af0a3c70b526745a5e1da0054c3a26a7427777	rejected	1790431516
0xb1af70db6bd316c4532f15931dc4bd0ed21905b9	rejected	1790434364
0xb1bef224a853c70ca8573224d1b7247d4bd27777	rejected	1790668013
0xb1c2e20ec096059811d4077f429c76d0a1407777	rejected	1790432826
0xb1c3570423d55c74b597b9bc07d3b552f36d7777	rejected	1790649841
0xb1c7ef5e6bf080a5c7911d6ff1d509051f447777	rejected	1790431510
0xb1ca409bfdb548bf24aaa55391a2774c57cf7777	rejected	1790650182
0xb1ca93c07521368f7d91506f223ec34e4c1f7777	rejected	1790650786
0xb1cc47ba39b81883cdf2ef9dcb3cdcb0304894f7	rejected	1790434987
0xb1cce2c616356b859bb96a4571793cbcdd2c7777	rejected	1790649903
0xb1d46cd2fc84786848fcbae49ce4978aba317777	rejected	1790433468
0xb1df22e71c2300675ee3bd3a02825cf453ac7777	rejected	1790650736
0xb1e70eb376eea8372038459879a3482c8b0a7777	rejected	1790434818
0xb1e7b5420abe41965bef7232461e49cd640d7777	rejected	1790433832
0xb1ec9d3c59d431399f0adb7ff3907047e9a07777	rejected	1790432734
0xb1f83329d46eccea7f0ddde55965b9b11cdf7777	rejected	1790650847
0xb1f97a1101a0a2c710d44a0b2affe0f485537777	rejected	1790432870
0xb1fddfb649e19bf423ad00d6156f531610d37777	rejected	1790431272
0xb206f258bf6ca1e4cd79341f4aa76080ace87777	rejected	1790650218
0xb20adaedc766f66036c417c42c8d888e28147777	rejected	1790433624
0xb210b5b4c27febdd14e39cb5b76d204712117777	rejected	1790667747
0xb217487082ba31dd306e3f7c642a422021077777	rejected	1790667366
0xb2193d0df06621690652d47bc17652b330ac7777	rejected	1790434812
0xb219b4dde619cc49833c98f5e3222da9ce727777	rejected	1790650570
0xb21ffaed491fbc36453f3c4f00fa0cedfdb67777	rejected	1790650318
0xb2230cca6c3843cccd645ff1ec900c4571237777	rejected	1790650320
0xb228b5b1f708fc6b3d80af152186610b2d1f7777	rejected	1790650298
0xb2294c4630eeaccb547b031efde250b34b907777	rejected	1790433624
0xb22f57a2e7aa0d22e9ee94be18b479ee780b7777	rejected	1790433888
0xb22fe0b5efbfc137ecf66da1a5ccdc7c40d77777	rejected	1790650327
0xb233baa8695b020d05857339091e784330f67777	rejected	1790650695
0xb2340b11d3218dbf41b0f3faa9a1325143a07777	rejected	1790650694
0xb24166d1613ecd7c20c9bc9a0af43a081e667777	rejected	1790650812
0xb248ef3bf13224ff790cb878850929be24257777	rejected	1790667440
0xb24dfa840a159e7d15dabd1d8825984a28247777	rejected	1790434016
0xb259495bedef0ef634d2096aea9ae79a1f267777	rejected	1790650191
0xb2653ff0ec542e73c669ae132485289e3eac7777	rejected	1790433733
0xb2667545f5a17dcf805678bfa45a32f1ae437777	rejected	1790433652
0xb27a185a3b0bdec5c1abe74b0b1b4ee40ba17777	rejected	1790668000
0xb2818b8fb616044c90907f3e1283128ddcb2308f	rejected	1790649813
0xb29169c8dafbc6d822f8854112d452554ac57777	rejected	1790433606
0xb291d85373e1f64c433cb3c46fbfbab43fbc7777	rejected	1790650571
0xb292283df9804a2ee9ffbf75589f80eb0e9f7777	rejected	1790649729
0xb294beb41cc3118ec97e50c59fbc7df9d39c7777	rejected	1790650074
0xb2968d7d263fe088ee65e58785145789d09e7777	rejected	1790650882
0xb296a8aad7dd42d735baacfa7cc1d6589e127777	rejected	1790650201
0xb2995ab7fea5357d96bf44d34f2fc7c64c927777	rejected	1790650826
0xb29a23e42808de3007bf318f9b67841aed427777	rejected	1790649989
0xb2a0d8150404cc95333820174c982cab08cb7777	rejected	1790431636
0xb2a123a1f0ec67f5531a1fe5029e61e5de1e7777	rejected	1790650571
0xb2a3af6e8a533702aa40fb861b5a29f83f377777	rejected	1790650377
0xb2a5180753f1e4453b6232b8bfd0b2d565f77777	rejected	1790431652
0xb2a6bccfb3d0a2deea527627c1efbac355997777	rejected	1790433674
0xb2ab8b37aeaa1271b09dcf22043decd479da7777	rejected	1790650588
0xb2ac3f9690484151804011bdc04807d542b27777	rejected	1790668099
0xb2ae991734374e8151841832016ec728585b7777	rejected	1790650180
0xb2aebac04c1239af60ac52dfa87b02d816267777	rejected	1790434689
0xb2b0f51765b60df8ab791b9b9aafd0a70f947777	rejected	1790433479
0xb2b848397939e725491004b68ea9b0f2c0fb7777	rejected	1790650398
0xb2bbe41569288baca19d3dfe03b92f0deda22de4	rejected	1790650231
0xb2bc3f4d8ed07470c5c22a13ca132f63ceb67777	rejected	1790650418
0xb2bdb4ac9efc628d7d93359e77ccf4a9eb2a7777	rejected	1790650344
0xb2c2580c5bf197e25806934452e55ccee28c7777	rejected	1790433733
0xb2cfa8fbaf98a437ce82e027ea3ef2b9a088d179	rejected	1790431388
0xb2d5a022a5f8fb9aff61d3445a22f65ddcd67777	rejected	1790650101
0xb2dbe301d1f12f8a00293ac5f3c16f46867c7777	rejected	1790434981
0xb2e17d0b4a20d2843b14b47c6c6a2c533cae7777	rejected	1790434800
0xb30a2c20f07347d67d8028c5188dfcd6fdc47777	rejected	1790667867
0xb30c52b275c6262aae07ac4cc215dc5f90b77777	rejected	1790650544
0xb317eb806ae78060fa445b625c784c45fb507777	rejected	1790434156
0xb31ffc87ad398ab665f35818a696db44c03b7777	rejected	1790432875
0xb3282a7c3d33307dc7142ff0d107660a74477777	rejected	1790433448
0xb3319336f0333e020d4be9fffd1a94bd77877777	rejected	1790433860
0xb33be367b990d3d776e94a4098b20c2a881f7777	rejected	1790434334
0xb33cac92e2de26aa5978af4bb4cbc7797109ffff	rejected	1790650512
0xb346e6c5b256b3f4810a2fc958b5062229957777	rejected	1790432863
0xb3494637bb6224a96e28ad7bf768cdadcddd7777	rejected	1790431619
0xb34b3b56ed67556d1b96a898a9327b2564c67777	rejected	1790650770
0xb34bb2e680be7aa1c119c4b39ea11f12f10a7777	rejected	1790650543
0xb34e0deb7423a3755df018ad032c2a588b327777	rejected	1790650091
0xb35f1d161d1c366a098512135b29bf19faa07777	rejected	1790668013
0xb373d489dc74971e832241c36dc4c00bb5827777	rejected	1790433544
0xb375ff427551f298fbd523d377583baab0827777	rejected	1790433874
0xb37bff7fbcbba246c3bf0516aca46e16a0a77777	rejected	1790650156
0xb38453969554b2ce362c5845716b665268d97777	rejected	1790650207
0xb38d8fc90416085036f80670bf6d8950b80d7777	rejected	1790650759
0xb38f3c3ec414801b8977b3d5d2555df6c97b7777	rejected	1790651187
0xb38fbea4156fe0c01b533b5c52d2ce4aedb67777	rejected	1790434481
0xb3962f61007afa6511c55513256edabb5b037777	rejected	1790649972
0xb39dada5b8b345c390072b4da2e8fc1885cf7777	rejected	1790650755
0xb3a7ce6af1a2fb1f631ac24a074d0ed877297777	rejected	1790650679
0xb3ba9737b2638f5d886952ff4d1eeaee75727777	rejected	1790650809
0xb3bac1fd23bba04a64199fee22b21d132b720f2c	rejected	1790434505
0xb3bf58836f95670f927bda02e33985f2389a7777	rejected	1790432741
0xb3c6e3b91a8ee50da182ad2440b4470a4cd809b3	rejected	1790650325
0xb3c8a7afc2345029880a9377fac3179ebbcd7777	rejected	1790431412
0xb3d0d085587b15cef15f8e04aaf68ccfa1a67777	rejected	1790650781
0xb3da3d65323fdb061d09a35bfaf32a716e667777	rejected	1790433522
0xb3dc02cf2e8e7999f63e7f5b3468a9eb11197777	rejected	1790434584
0xb3e893e61015ea36865f132bd34e923f49807777	rejected	1790650719
0xb3e9495db7b049ce7f4731e64953f0202aa27777	rejected	1790667882
0xb3ea79e8a64115aa1e43b12292c9513b6d277777	rejected	1790667753
0xb3f344ee0ea23d1b30b1b8b8a1415b41c8857777	rejected	1790649857
0xb3f927c2a3cdfd59329cb77afef5b90634807777	rejected	1790431638
0xb3fa32d973e4fd7121b77ae6fa251520a1f67777	rejected	1790667867
0xb3fcf9b32707157fe7886045a8cef2f24bd47777	rejected	1790434382
0xb3ff0a69808fea78631de9f16d07b7e60a2fb279	rejected	1790434836
0xb3ff1150a04032dc3ccfa2d3a9230634ded87777	rejected	1790433696
0xb404d11464ff13c1f12394991c261da9e0c27777	rejected	1790650028
0xb40984b220b9ff080c757567c6ebe6c53ee77777	rejected	1790433526
0xb40dab3969d2000708a2456673fbd73ee5217777	rejected	1790667704
0xb40db30ecb93a93fd4b5c619de066928c5a97777	rejected	1790668041
0xb4111644806d1c7e282196bddb8aaf01e6d87777	rejected	1790432864
0xb41510482df482961808413bdc8e0c3ad5257777	rejected	1790650493
0xb4184c0fcc52abcfca04f834486863e5c42c7777	rejected	1790649994
0xb41ba849d587bff08880ef4a13173dcd372c7777	rejected	1790432502
0xb42040d876a6a17b09057f1ae242511103bf7777	rejected	1790649778
0xb4292fa24cfb2e5b4b1fc9fbabf47a782b4bffff	rejected	1790869675
0xb42db27edecf21a443de792a04e010f229b77777	rejected	1790650747
0xb42ea00b9b2706575bfbfb50995277e5f09cffff	rejected	1790434982
0xb4347160e210b1d4f5c68a93ce28e298ed267777	rejected	1790650278
0xb4357054c3da8d46ed642383f03139ac7f090343	rejected	1790434814
0xb43c8ea6f29e077df9faec7e8cfc6f431d997777	rejected	1790434356
0xb44546309ce69afc7b8c4e3f1b62e838e6a07777	rejected	1790667945
0xb446d77206048e676cfc215a798e7a55c8e57777	rejected	1790650180
0xb447967213fb8c61badb1eec3204d93ecf0a2063	rejected	1790650102
0xb4563e7e7e83e44d39e9f267976de36cef4b7777	rejected	1790431651
0xb474c3b6496dcbae690325303985d3cf220f7777	rejected	1790668039
0xb47544249432cb8aaa8704e0f7aac9884f427777	rejected	1790433462
0xb47acc419089dd90ba508f4222e34a6eb6ef7777	rejected	1790650839
0xb47ee2b402f7c6a76e5ae3f82496c1e2bc8a7777	rejected	1790432750
0xb487025d6fad9d80be0df8f06543113cf624a259	rejected	1790650770
0xb49148ec0e6db5e586f83c7ad816cce3c52cbbbb	rejected	1790434694
0xb4a165e0d5370aaaf8dba64fcfcf11f374a67777	rejected	1790667692
0xb4ae3c730b8800ad27ad8bcf34c0191349d87777	rejected	1790667355
0xb4b32665cf3c789797ae19c65e4891a340a87777	rejected	1790650383
0xb4b44e5a3a03491877b5b0c079360d03ed3a7777	rejected	1790433420
0xb4c2bb7c2c4be92f0b4cc91af2e36b1de2fe7777	rejected	1790650433
0xb4c82a07cd3963f6ceb3b1c49d700f3a7b1f7777	rejected	1790650573
0xb4d0116af692480ba9a78990374176cf24387777	rejected	1790651046
0xb4d2fe79d89ddb31e4bfdb82215a3c522efe7777	rejected	1790431444
0xb4dc727020d89cf86d98a7cc2276bf2c899f7777	rejected	1790431388
0xb4dcd30148ee6fa51a2c5b5c56eb36c0c3497777	rejected	1790652132
0xb4e930a4d8a89730528e4dfb009cc9125c247777	rejected	1790668129
0xb4f4093e6406945f0ac879641f3849de1d8b7777	rejected	1790650780
0xb4fe6b7877d6af0d8bc28f6d0fb1638c08f17777	rejected	1790433559
0xb50465d6f9699ed342f2f3934656f807aabc7777	rejected	1790668123
0xb50c6c91dc44508547f5306421880774cf777777	rejected	1790667609
0xb50d6cb583e6c0dea93881df206ca7d000af7777	rejected	1790650837
0xb50d9b439f89298ee5c148119fb31cd37a017777	rejected	1790649807
0xb5227a06d9b607f4ebf22f10628cbf983d707777	rejected	1790668330
0xb526c04d8a1cc8128d90f0e8a5ea3b43b3da7777	rejected	1790433538
0xb52e7ab92bae0683ea290f76b931cb40c2c27777	rejected	1790668158
0xb530a7551f694d6fb7c7a83be2b06ac69abf7777	rejected	1790667746
0xb532d915b56546f22627862daf6b76bedfd37777	rejected	1790433418
0xb53764020151e0123602f458303743b62b467777	rejected	1790667771
0xb53a00bbfefea5f18a920b4d1fdc3dd5497e7777	rejected	1790650489
0xb544dd1e5f1a521a8c7b99b3a69ce41d0ad47777	rejected	1790650588
0xb54773ead7394ff0211f6218083ba3a27fb27777	rejected	1790649855
0xb547d759e2ad3872f68f24f9fe299985f6c17777	rejected	1790433855
0xb550509526a459a9ebbf953324e2220dfb697777	rejected	1790667956
0xb555b0482d7f84c89a9fd0dc604010cc1fd77777	rejected	1790650521
0xb558965915e4191a3450c9d27acd8c3b9ee47777	rejected	1790651858
0xb55a88721ded49e008465ac140232bd7a0ce7777	rejected	1790649814
0xb55c59b825764b216b2dbd8276e84cf2a7487777	rejected	1790668049
0xb55d6ee7d6e8eac916c43834193319370b447777	rejected	1790667860
0xb55f81efba20b8cb8c5ffc1b6b870902d0357777	rejected	1790650824
0xb5626cdef9afda44f5c797dce3ff18b2350b7777	rejected	1790431442
0xb56a2f500c66fd8efffc01902fc74bf5c3bc7777	rejected	1790431446
0xb571a02632b0edcfcbcf4274ae62e554c59d7777	rejected	1790650212
0xb577132d22a5181f96f58a2f7f0bf9bf0c397777	rejected	1790650857
0xb57d41d72c03aee57cc4f4bf626bbba1f9c77777	rejected	1790650199
0xb58483a81b6a3c676ed706ba9fd025ed1e717777	rejected	1790649979
0xb5a530382fc832c834eb08c2e1abe322bb367777	rejected	1790432879
0xb5b88b3b03e002d619f49a111ba2b6342f3a7777	rejected	1790433649
0xb5b8fc44d06e79989713f77097e609848c857777	rejected	1790432743
0xb5bfc7a855a185ad89a8e8580423ab66daad7777	rejected	1790433851
0xb5d21abc9e18f70e67c697aa7d7232a721537777	rejected	1790650505
0xb5d559d317c87fb2e39e645ae12446350be47777	rejected	1790432496
0xb5d5df26998578374a9a8ce831efa258a0a77777	rejected	1790650455
0xb5ddc0cd2277658537707aab9e02f83c06387777	rejected	1790650125
0xb5e2257aa59f16de4bd1d8bde44ecb54d7e67777	rejected	1790433647
0xb5e2fdbc18d05f420b4c6b9b063ba2dd4b8d7777	rejected	1790650132
0xb5e82315a96a403723019ebb8e778dd60ff07777	rejected	1790433694
0xb5e8a2c2b59ca4cfc1ffdeb01105d7c2ca6c7777	rejected	1790650014
0xb5e986bc0f99e9d2f95d1d5bb43b2f9e21657777	rejected	1790667520
0xb5f129234b0c474fbffa1be1c9d40e54bbe87777	rejected	1790649889
0xb5f8fa88b5ba8a26d958f3df50878265dbaa7777	rejected	1790667904
0xb5fd895db4fcb2c6ed1f7eff4596db77264e7777	rejected	1790649742
0xb60097b27d5941d86f05536f5c43a532446c7777	rejected	1790650382
0xb604aab90df60aae710473470d8c3ff03b677777	rejected	1790650698
0xb610ee14897483a9195d56e07b53f372774d7777	rejected	1790651046
0xb61566d5c46e9b0caea092320454e01ea85b7777	rejected	1790650068
0xb61cb28ac0170b45a0d39ba64b7ffc9d942a7777	rejected	1790650535
0xb6268f9afc62b1989be998cf127ecef171c77777	rejected	1790433632
0xb62ff366d972ab08d809431b212ba9470cdc7777	rejected	1790649999
0xb638d0ea0972f43eadcd4e59d0a0448e85597777	rejected	1790667770
0xb6416445341d2ed373eca0ccc921a978c2077777	rejected	1790650337
0xb6423a29412c2748c0efdd41469b5f31f76c7777	rejected	1790650459
0xb64668d489cde32b9eb27050127ccd1ec1157777	rejected	1790649905
0xb649f8cae62dd7de2de74f8755c156d212a4ec4f	rejected	1790432967
0xb65246ad90e0a7c3e430c9e4e2159cdbcacd7777	rejected	1790432835
0xb657d5d947a5768bdc0297b77c3a4f104f427777	rejected	1790433577
0xb657e7264b534920868e40d46826ccb9e7327777	rejected	1790434795
0xb65f9cbc09c8c09dbf8c972d241f2c908e557777	rejected	1790650154
0xb6602396bf937072697543e78b3fbc287c497777	rejected	1790651018
0xb66506a1fd4592bf5ea2f45a0b9b1982e8597777	rejected	1790650152
0xb6687ed33cd9d43ca389d9f30a96a097fd437777	rejected	1790668108
0xb66c056e75c0b0d13ef321d9a6f0c08c0edf7777	rejected	1790650377
0xb66cd0ad17e83e28b02911eb1fb6e32573567777	rejected	1790432947
0xb67a15a8c569fb76b5baf3a0976f54f71a7f7777	rejected	1790433750
0xb67ac3473362f008bd222e3622a6a0bbbdac7777	rejected	1790667591
0xb68cc046a1065bc329971ac69e70f986079c7777	rejected	1790649989
0xb690096e127b83fa6371ee2a9cbb94f6d48e7777	rejected	1790667848
0xb692ff9d9ff57002bf14a765632207938961d957	rejected	1790668326
0xb694d83d0c640f7bebd407611083352364227777	rejected	1790651020
0xb694fd9742290d28c2299c9cecb410c93bbf7777	rejected	1790650044
0xb6981032849cb22b3a46cd040ae6661c30637777	rejected	1790434001
0xb6990416f0d5bcb74475e00d253315714d2c7777	rejected	1790433631
0xb69ab5ee9f949687293a2d12bee067445b357777	rejected	1790434800
0xb69f681af9c91c249c02a3a525dd12a30df17777	rejected	1790650160
0xb6a667eb42634106ae3026553b1a5af39e377777	rejected	1790433538
0xb6ab26ec5a6d8780a3bf4cb63592e70d3a5e7777	rejected	1790433579
0xb6b0ce678e4580fd65a20333f21158cf00bb7777	rejected	1790667873
0xb6c2dadd8ac2759a3193f4d91bea98e1bfd9a122	rejected	1790433470
0xb6cad9635327ca470a4fe3ac21469eec030e7777	rejected	1790667916
0xb6da05ca4a0d7b9584ad3a2406e46d3860d17777	rejected	1790431424
0xb6dde30853804e7d7d3150106ed80f227bb87777	rejected	1790650550
0xb6de575e8311740d4706e052e6ff20f4dbf27777	rejected	1790433616
0xb6e01706b373fee979d94a55308107d1bb827777	rejected	1790651073
0xb6e381171142e4464234895185989b752e52a564	rejected	1790432708
0xb6f881fb7a5dd70994657dc01833209c5e717777	rejected	1790433546
0xb7012dd5f48cbbe3a94b76aa241f96336f7e7777	rejected	1790432734
0xb70574ed922550733777b28ee147cc9b450d7777	rejected	1790649917
0xb711bae6057085e4a72a4d429d48a62529207777	rejected	1790668146
0xb7181b0c6271059afc70a32272c8e734ac1a7777	rejected	1790433589
0xb72a94ee0cf8c18ee011482259e3a4d423417777	rejected	1790650242
0xb72ada85f7502050a9a0664c0c54be01668d7777	rejected	1790650277
0xb72e3b40640a5d726bd44379dce663db609b7777	rejected	1790650124
0xb72ede914621237a6ec8a9981c303d8de74a7777	rejected	1790431610
0xb736445e7f643cd658dbf6d7f97b28d5a4d87777	rejected	1790649896
0xb7371d58d363f67b3f05e23bbec4256e32117777	rejected	1790649802
0xb73f5e95a3e9f3ab26dbc5eacbee8df789ec7777	rejected	1790667997
0xb7436b252ebc7e2fb9ae087be1c1084476f17777	rejected	1790433918
0xb74631679fe9e1b69e5e6a86659f0e4262317777	rejected	1790667987
0xb749b7cd5d6b6f3b23fd0c00b86a311d90207777	rejected	1790649860
0xb74aefafc2ecdcb356e4c7d56c39cc0fcdad7777	rejected	1790650010
0xb757637c265e50a4c739ab01fa058be542d97777	rejected	1790433681
0xb75b26bf9f6b68eea8aa4e8a5939f45e45e67777	rejected	1790649932
0xb75bb722b52ae53271131016c2cdf39dcd557777	rejected	1790434707
0xb76bcaa574bb6801f4cf6fd4b9a6f35824f87777	rejected	1790649978
0xb76fd3e1e5ffa42a327d93f7a2bb120954c97777	rejected	1790434490
0xb77e6a3e3609af74ea34fcc758cd49686679e29d	rejected	1790433504
0xb77ee0abd369927a78934e49710d4fbbe5687777	rejected	1790650828
0xb780012038673be8997128c2836f89b4b0e67777	rejected	1790432421
0xb780e0da4c0584be6dfee191f34e4782124e9999	rejected	1790434332
0xb782ef03a1098322e930a204d266463090d97777	rejected	1790433568
0xb78b19798746e154f3e4de61d1c389e34e707777	rejected	1790650081
0xb78f3ae143074b51c95f117aecba9bf893247777	rejected	1790650664
0xb79363d357e5eeb9a28689c4b7759e2346d87777	rejected	1790434358
0xb793e9ea3d78bddf5f435737f6cc0e851c2f7777	rejected	1790432958
0xb79989b442ba69bd1758d27d64f94298c50c7777	rejected	1790650518
0xb7a0946ca4351cc34be5d6d6d1ab3aae840b7777	rejected	1790431399
0xb7a98634dfffaa2b53324c495a87ad2c1a07a80a	rejected	1790650237
0xb7ac53bafbdd57245ba69a75285f8144367e7777	rejected	1790650154
0xb7b03a2de7575040f9bb065703110288174c7777	rejected	1790650518
0xb7c1382fa54d14aa2b8f996f4330ad35e5e77777	rejected	1790434693
0xb7c3212361615cd8cd6818cd34f2025061dc7777	rejected	1790432958
0xb7c8c34437603409f15023727e456cec05fe7777	rejected	1790650490
0xb7e4a71ae10aeb5b23828e11549d1ca9cdc47777	rejected	1790650927
0xb7e79ed2ec297c02dd671e41d115f90f89767777	rejected	1790433732
0xb7ef86e4d2f06a81f81c4a1ca9d92c44ec987777	rejected	1790667762
0xb7f715bc6ebaa1ad9204f7281a023dd550bc7777	rejected	1790650135
0xb7fa1966e90df659961d639652aa76af4f497777	rejected	1790434019
0xb7fa337a79e025f2616ea28a4e325e4869d57777	rejected	1790431429
0xb7fd8c69afcae0f485cf60db3832ab64cb4a7777	rejected	1790650233
0xb7fdb3d26c2dd8efbad7e3ab8a35fe4a06077777	rejected	1790650220
0xb802667ac4db7c2e31ec1f9bad5d14ebd5097777	rejected	1790667932
0xb80713ea44f846590ac7856a01821bc918d77777	rejected	1790432697
0xb80dfef77fcf6b042c590fc03c5bfb52d0157777	rejected	1790650025
0xb80e00d98f6c04e2c4bfa45d5ba4cc79f96f7777	rejected	1790650537
0xb811891c64548cd145fb5274193a995b45097777	rejected	1790433522
0xb820eae2916a5486ad953a431b89a6f794077777	rejected	1790650403
0xb8252c1a94e5607d74de31c7b7a12e7cae237777	rejected	1790649724
0xb82cea830c797a9dae6234459e846561edc77777	rejected	1790431508
0xb835f1a75c10563bd1af01fcec9e6afa78eb7777	rejected	1790432739
0xb838920dd6eb0ed6270164a04148b287bb657777	rejected	1790650291
0xb840072f5b3ad14cee4d8085b17e1c3f8bac7777	rejected	1790432833
0xb8411b71620fcc6a7b4ad6b7b720eef0475d7777	rejected	1790650063
0xb85032f14c5bb735402aac5dc2e86fbd50ac7777	rejected	1790650053
0xb8528a0b49dbf80a3de741beae74fc13d4d37777	rejected	1790650458
0xb857c2a0a0e2388f9c212d1a69214a4fc700befe	rejected	1790650580
0xb858bff2ca490b193d7eea775e18df39fe2f7777	rejected	1790650325
0xb85b7b806eeb41547987b61f3739ed9079567777	rejected	1790668100
0xb85d1165f6ec654160dc2343908917101ac87777	rejected	1790650788
0xb861fc36830cd531cf14b6ebef1fd9c508777777	rejected	1790433540
0xb868123581313d77d89e9026f9be5cae1ea97777	rejected	1790649743
0xb86abcb37c3a4b64f74f59301aff131a1becc787	rejected	1790434339
0xb86fc40c313a192a342eebfddea44c82de0b7777	rejected	1790649987
0xb87115abd36649401032cdb6116bcbd32bc47777	rejected	1790668130
0xb87301ea17c2a539012ec176ca130de5a5867777	rejected	1790431662
0xb879a28049b95c0e48b27eae08c98c6aa3a87777	rejected	1790432509
0xb88343a1d526f72062841ef72fb7f71a15797777	rejected	1790650435
0xb8855a87fc245be327bb82aeeedd3e49c62f7777	rejected	1790650106
0xb885e8c99be32f5dd9dac4d53ab87867414e7777	rejected	1790431661
0xb88ca8eef765f4e82f925dde603a11a7fca47777	rejected	1790650507
0xb88fb157ed2e1f70eb768438fb4c4844fcca7777	rejected	1790433575
0xb8975528955e1318b7513abbce0c3c4e96547777	rejected	1790432957
0xb89828886b62b7bd30eddbb4540595984b107777	rejected	1790651022
0xb89b36653fa79bedb053a7020d1479911c917777	rejected	1790650101
0xb89e2ef24f32c52ed26e8dfcb9cdeadaf83d7777	rejected	1790650912
0xb8a44b5a6227e028494a9f135be2652c27ca7777	rejected	1790650037
0xb8b384a4ad72e4fdbf2f9b563e8d411db8cc7777	rejected	1790432173
0xb8b85185da46839e628fa1efee56f60dbcb87777	rejected	1790433686
0xb8bafe5f572fc5044a1edab464ee5ffcdc3a7777	rejected	1790650439
0xb8c65173d5f9f9f43ced5b0eaf3f13e57bfc7777	rejected	1790432675
0xb8c7f8e27d14a0e011c2d6fee45d05acc63e7777	rejected	1790668122
0xb8c818a8154ee157c27bd91a41922ee8eb737777	rejected	1790668019
0xb8ceb5b50bdb1a6014a25432af942ca5acb67777	rejected	1790433198
0xb8eb9c6dc69ececcb8df5f10dc50f60863d27777	rejected	1790431643
0xb8f23d8bc4dad5a6b0926bf184c73c02740d7777	rejected	1790431508
0xb8f8bb02ff238681376572499b7d237813597777	rejected	1790432833
0xb8fd5b5b422ac73c6dd14c1398ddbd4166c77777	rejected	1790650933
0xb90195d770c3124c99d0a2b07cb2e39203fe7666	rejected	1790431655
0xb90384bb891367663bba5e9ccefcf7b4ec447777	rejected	1790650669
0xb91c2f6f0fd26b3b2f49d6b2a1f0514427f8f4cc	rejected	1790433487
0xb91ccc39a5a1f513ebc5992c4c2ba6ff58007777	rejected	1790650754
0xb91e95ec674d8e37b7d1e6c1fca88e8bd3107777	rejected	1790433636
0xb9210be97b1db6dddd0206e9a0985fbe24637777	rejected	1790650790
0xb925b1e3d74885c8bb1791d32224a40a7b9b7777	rejected	1790667844
0xb92743873eba8d53244c3cd66aa3e2e3191c7777	rejected	1790668155
0xb92b511ec32b4daf78000b878b3d95f2ae7b7777	rejected	1790649812
0xb930820bfde9c040d4d20b00ac69d3ed49db7777	rejected	1790668133
0xb9315fb819c8dd0500eca2fbd64ddcc7b93b7777	rejected	1790667973
0xb9383a4834e627f31d53b67949121e00116c7777	rejected	1790650472
0xb939eeb1777290008732f449eb41a3d9586e7777	rejected	1790667357
0xb9429b5655f1e942cc63c10dbfb6b9db81737777	rejected	1790667605
0xb946ad087973c3385953d4a9ff154a8043347777	rejected	1790433850
0xb9473f5fa32df9ba2e919197c29391c32d927777	rejected	1790650502
0xb95198c93dab786a14bcf9e05058dfc188266333	rejected	1790650300
0xb95d8e82482426c84d657f54abda7e65a4657777	rejected	1790650246
0xb95e2f00af9dd01dabca790da14e73d890077777	rejected	1790668128
0xb961545c9c1b7621a9ff6f21d1f2bf9b92f07777	rejected	1790433678
0xb9657056c75c30642a89c27bfe92f7048d0f7777	rejected	1790649870
0xb9707b37b7cc47b4973d2dd3d019a20ea0ebfe7b	rejected	1790650801
0xb972a85e46148f7ef5a200c8de401a04522e7777	rejected	1790431412
0xb972d0d1c570fcdcd6a11cbb102b8d44c7647777	rejected	1790432738
0xb972d96d85a4c3579407ff272a4b5c5f87ab7777	rejected	1790433463
0xb973665028a0a25859304c4b0df60a17c87d7777	rejected	1790432694
0xb973f3e2f21d9fde49395e6b2f5017d1db0e7777	rejected	1790668342
0xb9781689f74009572ac7bd61b869a7e48a028888	rejected	1790650910
0xb979000e689a8882b109b05d748db47873b17777	rejected	1790431657
0xb98111db75b9c66f194b78b41cfbaf4e88ad7777	rejected	1790433540
0xb98a3b41360efdd3d044be26951668565e007777	rejected	1790650560
0xb98c0b18a6ef490fea847123b98480c73eea7777	rejected	1790433621
0xb99de6948714d3624bc639793fdd46ac05c37777	rejected	1790650501
0xb9a6ef5e1974ad72b803991ac68994e8b26c7777	rejected	1790650307
0xb9afe97235286cc5af71f98854986e16005f7777	rejected	1790431618
0xb9b23deb43430195b5cf04398c8f5ca375087777	rejected	1790649868
0xb9b4f0aa12be760d08547fa35ed63db1ea407777	rejected	1790668254
0xb9b613f5603966269f9b507cc013d9488c087777	rejected	1790433495
0xb9b706177d9686d328c819bfc55a96ba8f957777	rejected	1790667435
0xb9bd69d324c288aa8b3b25d5ca87bc4b584b7777	rejected	1790650065
0xb9bf3aa5dd11ce7bc7444738680c670119937777	rejected	1790434378
0xb9c9fcc301b973c4d4402b31cfb40619801a7777	rejected	1790649770
0xb9cb00b388314bd1e5481145b67143f926757777	rejected	1790650447
0xb9ce98afb2d5b591b8125e6e2f7a8ec4b5617777	rejected	1790649943
0xb9d2b790c165b81f2ff80eb2f550d68113147777	rejected	1790667614
0xb9d3d1638d784b33083641a9f2195575defd7777	rejected	1790649803
0xb9de87b83855949e82303ab18332e938cdab7777	rejected	1790433708
0xb9dfc7db0991ae5dec7252cdf01184137a0d7777	rejected	1790433726
0xb9e4e9aa4cb7c9cc4eb5e7b69d879c2779627777	rejected	1790667900
0xb9e8208bc0de2101b17dba5897582dea5aaf7777	rejected	1790869675
0xb9e8ac7cc099583aed8d54ac9c2c329fe13e7777	rejected	1790432985
0xb9f34ffae3bc990b51f0c8b2de96306a074140c6	rejected	1790433510
0xb9fe4bdd8cf4e9142ae7a4ccb6500f3a1b4a4247	rejected	1790667848
0xba01a2217fc96acc7c48837ae5366991c9987777	rejected	1790650504
0xba0c52b47dd512e18d1a8f1c5303a60108f57777	rejected	1790650025
0xba15884e011c623dfb9d9e556ce1b89368fa7777	rejected	1790651096
0xba17cd3664b96ac9bcf7105e0c40802b06547777	rejected	1790650193
0xba18729b6d30087d17ece89860159af6aa187777	rejected	1790649940
0xba1c541e095fdfc17a3ca3ca877960a9a0a47777	rejected	1790432722
0xba235e3f59cea4adc731c64f5c4ab6b82f787777	rejected	1790650283
0xba2ae424d960c26247dd6c32edc70b295c744c43	rejected	1790434322
0xba2c5881d5032598309343a85735118c96e87777	rejected	1790668174
0xba2ffd4bef7faa3c946156c529219a040f627777	rejected	1790433679
0xba318d1707725d9a6b9242b1e0729305b8ce7777	rejected	1790650705
0xba38b3c706f7a515ff7c8db04daa0a134ec46d2b	rejected	1790434337
0xba3983d8e8d5b8687ba06723e15777e8345d7777	rejected	1790649853
0xba3e14546c2c27ac7ad31178fb148af520c97777	rejected	1790650524
0xba45335391d869dad92d52f27a7f790637417777	rejected	1790649951
0xba4b57bdb2e26a11f732caa6d479514e44a57777	rejected	1790668025
0xba4babe5fe366f7fab00d040596f517b8ec67777	rejected	1790433465
0xba4dea65753ec32588c772cc90376109f31f7777	rejected	1790650454
0xba5ad88fe34e2b48e2cfaf9da718669617017777	rejected	1790432490
0xba5c306c3ac81fce63460b25e6a8dc63d0dd7777	rejected	1790650246
0xba69036c5da88ad90beeb565eb5e7b7aa46f7777	rejected	1790433627
0xba731dd6e2bd3d7c2fd9e36b8da284dafc817777	rejected	1790432492
0xba73256e682968639b850956d8974ff8849d7777	rejected	1790667436
0xba749ebd541a1cbdf91d3fdba12f359e135f7777	rejected	1790650841
0xba850f84b19b8e9dabcdbf5ab390016ab6b67777	rejected	1790649945
0xba8b55da1f9f125714c5bd46739462b876657777	rejected	1790432991
0xba8e2158052f377ffe540573b38c62f819b47777	rejected	1790667954
0xba919756da66bb86b7f06ca5f2fb3deb3c2a7777	rejected	1790434017
0xba990d847ae73529f29d3a2c813d25b5136f7777	rejected	1790650740
0xbaa7524f3220c926619494cefd56967fd96f7777	rejected	1790434713
0xbaa9126b51e0dab888d231cfc627c11520387777	rejected	1790433681
0xbaac36e176b32c2924871163d54bb25595797137	rejected	1790433880
0xbab528425edb1e0e36d3719bc3307d9c8cce8888	rejected	1790433920
0xbaba0bdaa34d577f03c32ef541b4b44356cf7777	rejected	1790650707
0xbaba170dcbba058928003fa5f7fa5289906e7777	rejected	1790650074
0xbabc69c186486531724bf550bbecfddb83237777	rejected	1790433470
0xbabcf16ffe0517005706e2fd09047fb947f07777	rejected	1790433526
0xbac23bc313ca4e24142f3815e2fb449e5a537777	rejected	1790432501
0xbac453569430fe91befa145d31cd451df3bf7777	rejected	1790433850
0xbac4793d840462fdd8985a5a0677ae0f342d7777	rejected	1790668081
0xbac9d0533407a45782b8c43fc157de0d7d0e7777	rejected	1790650815
0xbacb8863abc29ccb8d9e5e41e12f9e56f6597777	rejected	1790432864
0xbad68e6db3805c0f21afdc20cba5198df5927777	rejected	1790650241
0xbad73cedfff42fda4ad1cfab3dce2e0869207777	rejected	1790650152
0xbad982d2e1cf4c142c308ab397112d22167c7777	rejected	1790650553
0xbadc79299a7e60c2b2dd94e07e66308b5e337777	rejected	1790433609
0xbade5bb24398ded8a3457c456db0adfadc7f7777	rejected	1790650160
0xbae107db4a3eea8c2e4aaf1187c96f2c77a07777	rejected	1790650579
0xbae79cc22ad3a69319c85d7d08dbcbec080c7777	rejected	1790650552
0xbaeda00563b2eac867504f13c8bfefc0aac9b2f6	rejected	1790434602
0xbaf8dc84068ba5a4422ce765732afcce29177777	rejected	1790650042
0xbafe70330032f81a7ea64af796f0c39275067777	rejected	1790649922
0xbaffc4941c9ab8b1cc16ed17f1e788e743b17777	rejected	1790668330
0xbb070b830354c0059c4129808c87fe0ec2317777	rejected	1790650939
0xbb082cc8631e2744da8068f06193411a24637777	rejected	1790650250
0xbb20fb6f4266977f16ed7948fef11ab417137777	rejected	1790651029
0xbb2110f82cd214db9be87feb5026447888bc7777	rejected	1790667967
0xbb217af2a1970ce55f4103523c35e3bb2ae07777	rejected	1790650070
0xbb25b2b0e1c4063bda4016242854dc2fc460be33	rejected	1790667365
0xbb2fea2e1d40109f2c68b65561fc25cc474c7777	rejected	1790668123
0xbb3a5b5c7aa774cd45b08ffb75b20dc626cf7777	rejected	1790667691
0xbb3eda93e62bc226d1adffbfbf5cb0c5790b7777	rejected	1790431522
0xbb4c74cbda98b48a62a09f9360fd74b8335f7777	rejected	1790668148
0xbb546a317fa03f9cc37a5f809432053e69147777	rejected	1790650459
0xbb5a9cafb7a70356fb68b4ffc49b7ab74e247777	rejected	1790650462
0xbb5b6da92e78da88be021c437890050a51a17777	rejected	1790650661
0xbb77afede6e00aae6a3267a5b7a39967d4e17777	rejected	1790434387
0xbb78d4662f72f64fafa14586868911bffd437777	rejected	1790650136
0xbb7bb386097b8e3d519f784149cc0389f4db7777	rejected	1790667912
0xbb7e52b00f924325bd138a0048cef650acea7777	rejected	1790432485
0xbb88f6c62a115f6e08656cd76efab1a044444444	rejected	1790667729
0xbb932aaa42f28e8c3efd074f987cbab858fe7777	rejected	1790433701
0xbba097f8457f521a6158dc784c85b2b92d237777	rejected	1790433620
0xbba3f01a83bb1f3f5741246503c7be1a063d7777	rejected	1790432487
0xbba6d38d3ab40396a92c0c38b1d180ad9b0d7777	rejected	1790431513
0xbbacf0438d6f52fa129e1473c916f1a1f90a7777	rejected	1790431440
0xbbafa613756ae4f1b4339aca7d02545afea07777	rejected	1790650466
0xbbb00f9c37cd1936b592028849b9c98606f47777	rejected	1790649944
0xbbbdcd13179c2dbe7af9296fc86e2d799de97777	rejected	1790432990
0xbbc5ffb870aea72f10cf801bbbbdc99aa0f87777	rejected	1790433838
0xbbdc1ad35284d702b9e40c2df36c33113b307777	rejected	1790650078
0xbbddc95327b78f9ebd43f98f3da03f7e6d347777	rejected	1790668341
0xbbde435630a779dd92a68ba6b971a67c35087777	rejected	1790650660
0xbbde67b8e31706b8fe947f33b7de99118bd97777	rejected	1790668077
0xbbdec5b11f9636ebe697f4d5a8e1c6a0aec17777	rejected	1790433491
0xbbdf6030ad602389bcda18173281178dabfd7777	rejected	1790432707
0xbbf2c49bc57718b5399c0b95ebb16f839cb07777	rejected	1790650450
0xbbf4431aacfc2b22dff09d2bc21fb0775c1c7777	rejected	1790651074
0xbbf943298519b6a8cfc4335ede81126391ce7777	rejected	1790432978
0xbbfc73aa93b7d393468c795e7e8299d62afb7777	rejected	1790667934
0xbbfd0a5ab000095b17665a0c55f8b90c36ad7777	rejected	1790432827
0xbbfe7c56cb5f8990f88025a14ece3ed7ecf57777	rejected	1790650001
0xbc0e69deae2d2c128196666b14afac14cc747777	rejected	1790667983
0xbc0f7743bba47f34904138641f20d84d0d627777	rejected	1790650711
0xbc111e405eb27c02232815a3050b3ec88e257777	rejected	1790667610
0xbc122173689232e9e55d64cf7663ddd7ee567777	rejected	1790431632
0xbc1236cf240ed41e53b86aed0b5d553a167d7777	rejected	1790434602
0xbc139e6a6f90ad50802c0f1190c8ab4adb4e7777	rejected	1790649813
0xbc1875fd879b0646057bd320e735dd2498f87777	rejected	1790668246
0xbc1d999155285faf53a7a94971267e4e65597777	rejected	1790668086
0xbc1e64b64386a4eb18ad42c56f231745cafe7777	rejected	1790650100
0xbc2b6e47e342b4f01b8e84f7486805bdd7d87777	rejected	1790668064
0xbc2bc9403a3ee17432564a415df9fef44ffe7777	rejected	1790650732
0xbc3fdc699596d63c374aa662d7dd435e1d3b7777	rejected	1790650664
0xbc4c2ff8bf2382d06a223b2164f2546c37007777	rejected	1790649794
0xbc5cd7534d7d75266ef7282de1a33d5b292eeddb	rejected	1790433492
0xbc6232516ce83563a4917ddedb96868e5b85ffff	rejected	1790432862
0xbc6408047ecb62e7be35ff6fb60c7d2c9e417777	rejected	1790650411
0xbc647d3cb2258cb1856a80fe2fa60f2703417777	rejected	1790433862
0xbc66e36b534d2ab187a19534a9484c62e13f7777	rejected	1790432743
0xbc6d4e84de69f0a8b3f8eb87d041ca3808b87777	rejected	1790649856
0xbc815b05a6e70e47f41e4c08f0ae3fc0d8567777	rejected	1790668160
0xbc87a4ba621be53e1eb795a6efb8f9004e587777	rejected	1790651027
0xbc8bb7cea80ff396114e2cf036278de9f0847777	rejected	1790431635
0xbc8f9a886d55dbaa2bef211d8da3e52f15897777	rejected	1790667849
0xbc97a1868697a594d5dcb67626f8af3945bf7777	rejected	1790431597
0xbcb7a19e8ed25163e0eb4224c2c35a81f4217777	rejected	1790650347
0xbcbb5eeb09823f64c30b91d496582e3f8a687777	rejected	1790651068
0xbccc359db0c496184655990979ccde99aff77777	rejected	1790432968
0xbcd3edb5efea0a6d2034f387fa452632e5df7777	rejected	1790434794
0xbcd55a520771bccefe763d79c98956df050ef300	rejected	1790649788
0xbceb19ca7592b87cd05383d9473f91f231707777	rejected	1790434386
0xbceb95a2ce93e6a60fd59a29318e3d55dce77777	rejected	1790432828
0xbcf12b41c6b866fbd9f3c4dea8bdb84119077777	rejected	1790649645
0xbcf9eca30067fe59399b5764ed236469091d7777	rejected	1790667878
0xbd0586b97dc488a9b3f40b2727a24b7d4cd97777	rejected	1790432541
0xbd0ab61e11906cd273a6c51a16e72609b05a7777	rejected	1790649929
0xbd1ec82fca237ab00b3bc41a2c451e5724237777	rejected	1790649892
0xbd20ae26e841fb0526f7488ac11545fd3ed87777	rejected	1790650575
0xbd21222350ce9b6aaa4da9a433c94ab63bc77777	rejected	1790650342
0xbd2474648675721a2f0fc0fb1cc95bc115be7777	rejected	1790651067
0xbd28fdd6c10650ef0d5c8d8f4c363ca7568e7777	rejected	1790649652
0xbd33dde6b64f4df92540f47a75168c88c0b17777	rejected	1790431414
0xbd4994c0854b7336e512b6c41a25badec66c7777	rejected	1790649964
0xbd49fc58cca7654cc6b77de65a8c405157747777	rejected	1790434146
0xbd4d2d65c19d5742e112a662085c58a8ab8bad4b	rejected	1790434709
0xbd60b52dbe173f02c2936b106c94dbe71f007777	rejected	1790650501
0xbd68fe19c9262797bfa3dd4bebc125a6c9847777	rejected	1790433687
0xbd702f1a7494f64c8c73652daf5bb0938b047777	rejected	1790433821
0xbd80c9772e7d8e6be92e994b0d7e75755e637777	rejected	1790433558
0xbd96e5340d87718365db3f17abff2ba69eb07777	rejected	1790431611
0xbd9ad2bebaa82e659f1b18ee3e15fee1e0dc4da6	rejected	1790651018
0xbd9db3e6ba695767792cce5238aea8ef66577777	rejected	1790650516
0xbda13bc7c1be52206e9b020f8de1ad2d298b7777	rejected	1790650797
0xbda652f7159a2a67ea17917ad829be7863727777	rejected	1790650531
0xbdac11ab157ec903edb9abd2bb01768a24097777	rejected	1790650409
0xbdac5fe60f93131c2383d47951f634dcf9757777	rejected	1790650843
0xbdaecd0c426a96df30c3005c38937f21d6507777	rejected	1790432978
0xbdb391ce9970e93c0670df641e7e3860591d7777	rejected	1790432679
0xbdb61b8823e568352d8439076823ae28af7b7777	rejected	1790432875
0xbdb77144761d4632340e9698dd74f2989cbd7777	rejected	1790650395
0xbdbc2156e1470c4c9fc8abb22306cbf9a8987777	rejected	1790649865
0xbdc8b915467745a81e5e490e4d286a5c31d77777	rejected	1790432979
0xbdc8e7db735e31cb7f62bbd96cf2062e4b587777	rejected	1790650469
0xbdc933669cc9cfad9ae69c95b689ecd272e67777	rejected	1790650552
0xbdd02062554b76398aa92770febf0adccf557777	rejected	1790432537
0xbdd79c054b1c971af04d8f9598842f3a62b67777	rejected	1790668164
0xbddcd14b818398e5c77773b6a8c4ccbe26c97777	rejected	1790649955
0xbde65b3bb1409ab18b9fcbc55e473430774a7777	rejected	1790649962
0xbdf240804b6c6c15faf9b8802719b3f671d57777	rejected	1790649838
0xbdf5270d17580dedc899aee31f1d9a843a7b7777	rejected	1790668052
0xbdf7521f400445c8a9976514e74458bca4ea7777	rejected	1790434372
0xbe00a24988e21622b128a2934199cb6687ef7777	rejected	1790649812
0xbe0aecf4a6625f1124050bb6b94eeaeb45b67777	rejected	1790434199
0xbe0d870f18b632a3c3e838cb17df2eed30c77777	rejected	1790433845
0xbe1632a800e056090ca31e9d5664d0c4c2087777	rejected	1790433449
0xbe1648cc6601e0e9ee25a11c63fb43a171507777	rejected	1790650047
0xbe169171a40f156c73ac241f833f1969fe627777	rejected	1790650507
0xbe178322df3b8260477717a4682aef38c4827777	rejected	1790650070
0xbe18c95724ca69631208b2ddeb9407e2584b7777	rejected	1790433512
0xbe19775cd423941190e118189e988e65c22c7777	rejected	1790649789
0xbe1ff025916b1f2e9d122a84f039e6165f047777	rejected	1790433621
0xbe22c60382665e249e98033b4151fc013c037777	rejected	1790431404
0xbe2d844aa8bb09e3d25c763eaa35973da0a87777	rejected	1790432822
0xbe2ed2152bec861ca0cf907c576727212bcc7777	rejected	1790650180
0xbe2ee09555e4a30a92b3f44cf1d9a86bc9b297b3	rejected	1790650341
0xbe36d583606383313158c2aaa2cc455f9b1b7777	rejected	1790649978
0xbe3935a509ab0f4b5dc900e82d236d50c4d97777	rejected	1790649777
0xbe39abaf05aaf50f348b5e07bfccddd2b94d7777	rejected	1790433857
0xbe3a6bba602b2d7cae83f57251722a0ebe4e7777	rejected	1790432747
0xbe41a5544d55f5a6abb4346e422832d519e87777	rejected	1790650141
0xbe4781dce75c035d8159972119563e37abbd7777	rejected	1790433515
0xbe4ccc7488e9275079f8d5b140ae1753bfdd7777	rejected	1790433564
0xbe512c30b267f3ce7077f3098ede1c7a10f57777	rejected	1790650491
0xbe53ecf5bcb5e61734e99fa3f021445992017777	rejected	1790431515
0xbe5826ddfcf66c7dc5bdb524c10d546a6c337777	rejected	1790667998
0xbe5a73f52d85fbd1b072965a75cc003b812b7777	rejected	1790668110
0xbe6b2f347f96ed4830b6059f70dceb2114677777	rejected	1790650472
0xbe6fb104e57974660aed1ba5672fc8bb24617777	rejected	1790650398
0xbe7bd81be82a32f0b79a3bbdb9f8be5e76087777	rejected	1790650836
0xbe7da19261741c6ee244f54b2c2983e84f887777	rejected	1790667602
0xbe81e1d887a788f550521b5e452322ff3c247777	rejected	1790433044
0xbe84e659817f6589df08c28641a8bd6639827777	rejected	1790433527
0xbe87c49d6e422c03fb0ab1e0b6e507ae39a47777	rejected	1790432948
0xbe9103fc8f8f944fe3aa6ed94bf5baa1646e7777	rejected	1790650514
0xbe9efc4ee547f2aae280ea126f636d2e37b97777	rejected	1790869675
0xbea0123c153f14bba9a4d68225b43e4e9b6f7777	rejected	1790668339
0xbeae597d0b21acc568ca74e13b3f0a63a4567777	rejected	1790433880
0xbeaef74bbe609d2bded8a85752bbc6f3403c7777	rejected	1790667595
0xbeb068ca09a65e25a869da7bd2cd02b6bd625555	rejected	1790434175
0xbeb1376cca9f30786525e39b5aa5b584550b7777	rejected	1790649997
0xbeb2208e50a0deff61fef97180ade3dcb9ba7777	rejected	1790668014
0xbeb9e35498d1f6d37b17a9391fa90791a3597777	rejected	1790668058
0xbebed2588f388e427cb65d7f7e00c0bec0fa7777	rejected	1790667892
0xbebf3a5a660d473b036e1a42c6b656ff35107777	rejected	1790650133
0xbec26079506adb76a36af7afeaece620c9de7777	rejected	1790667912
0xbec70f2397f833550619f52aa0022ab2dc7f7777	rejected	1790667976
0xbec98547c79e2f20da31747c28dc72776b7d7777	rejected	1790651024
0xbed16713846abf91b197ad976fe3985e46fe7777	rejected	1790649995
0xbedf3f571987b62c73d0f839826b4c1957b57777	rejected	1790432510
0xbee64e75d8ae309792f5b2e8819c1502d6e37777	rejected	1790434035
0xbeea1d618e533a387d941f58a7d4c9b7bd377777	rejected	1790434338
0xbef5c4770226279045654bd67c93a05ae5907777	rejected	1790432712
0xbef693978c95d465075a16921badc21962e97777	rejected	1790649786
0xbef6a968b5b407ad0e620aa560c8075449c17777	rejected	1790650456
0xbef7840452bc25bbedabd6d745a2cdf9239c7777	rejected	1790667910
0xbef83dc127366c8e7fbbc673bab69612b32d7777	rejected	1790433618
0xbef89e0ca3dfc5467f52c71dc2d68667cfba7777	rejected	1790649882
0xbefe2b70020089f6d7f311c0ddb80fc074107777	rejected	1790432683
0xbeff11ce7e67f2912932c42d6d017634598e7777	rejected	1790651028
0xbf04541e07677dc4f5fadefa33f10237f57f7777	rejected	1790650114
0xbf11a39d7a3dea5f442ae76378633874c6d27777	rejected	1790649774
0xbf1e5526df5f8d0e250c67147495465e77ca7777	rejected	1790431516
0xbf21ee71dc80647af2b65af3b79003852ade7777	rejected	1790432674
0xbf23feb07c8e1e1993487c637daf442e61f97777	rejected	1790650118
0xbf2550e6ddd96a856ad723d8ed8eb1e0499a7777	rejected	1790650545
0xbf261f395842863d7fe3aeee80d88f9f16a47777	rejected	1790434352
0xbf28b25054a0cc87d06d5d6d2adea6eda2117777	rejected	1790649899
0xbf3bb3a42b2e5a7ce7ec4ef025765bf3612b7777	rejected	1790433600
0xbf3e5c25111fcf8c9b747181bc798c5faf837777	rejected	1790651034
0xbf47b1f5e6561380ef58737ace8813690e367777	rejected	1790650740
0xbf4dc28470607a0690ee56fc74170eff5deb7777	rejected	1790667358
0xbf5140a22578168fd562dccf235e5d43a02ce9b1	rejected	1790434976
0xbf5c849e5ec284395fa5beb088113ddcd8a97777	rejected	1790650012
0xbf5fadfeb8e3b60b0a7bac804d19159863f37777	rejected	1790434690
0xbf61e0e5883facab08e3cdc9f16fa4039a097777	rejected	1790650894
0xbf627007144f69f1b39e26ed304de5f953717777	rejected	1790649733
0xbf695c9497652735226952f800bbf8d95b5e7777	rejected	1790433531
0xbf6f7a641b46eefae7d111380adac26098e57777	rejected	1790650172
0xbf7d940296b1ee2aae4444d34306ea1d02f27777	rejected	1790433589
0xbf7da049beb70b0de89715d1861c5cd755e47777	rejected	1790650822
0xbf7e47e05e24d2f66adb219068ca3b6c75d27777	rejected	1790434616
0xbf81d0350797abd6f82cdca9f3feba170e1d7777	rejected	1790668020
0xbf868ec3617d3ac78def9aa35709031461c47777	rejected	1790668138
0xbf87879eb10bde47041a8d569856854003517777	rejected	1790650221
0xbf89eee833db156ba8396019888e69c3880f7777	rejected	1790433899
0xbf9323e773f57dbfe97b709b94a2717bb4227777	rejected	1790667696
0xbf96fafaebe2135d5c2730a1035578e60d5d7777	rejected	1790649978
0xbf9aa033b868469781d7550d46078c4358d37777	rejected	1790650712
0xbf9eea7d61552ae1211fe660c7f93e88f8c07777	rejected	1790667861
0xbfa5585e4039e3adc302c1636fe2fd0a71937777	rejected	1790649892
0xbfaf0f90c0982f408b6588abf0779c9fa75a7777	rejected	1790649847
0xbfb1745113aed56926b19e3bed2fd7c432187777	rejected	1790651023
0xbfb211394a34c154f68f7daa9444b9289a947777	rejected	1790432954
0xbfb31090390d6c16191e5ee2c8d24facf78a7777	rejected	1790650722
0xbfb46cbbc08c65a0b8f470a3c151ab28b8797777	rejected	1790667520
0xbfbb967a1aa6d51d3f2a3ff47b19b66c996b7777	rejected	1790650768
0xbfc3b8cd17f953473fd4bdb5cb3ff57ac6667777	rejected	1790668339
0xbfdb4308163b0a8dfd9b338047a7a15814ec7777	rejected	1790650531
0xbfdb47692423c03f72059965989a17eecee87777	rejected	1790649924
0xbfdbe9cda55f1f38b24d61af445ab79e588f7777	rejected	1790650019
0xbfdf1ceae3ddd6fc30b1bf125d2443cde5747777	rejected	1790432857
0xbfe085bfb7f33ae65742104f4d138c761f267777	rejected	1790651034
0xbfe2178996b8e925601f6381892a18d06ed77777	rejected	1790650733
0xbfe21e224598fff217b9fb707a8aceb6a0e17777	rejected	1790651035
0xbfe2e0ada27c492feb8cdf5c0eab9901998a7777	rejected	1790668253
0xbfe9cb31c1fa87e834c1838bb3fc94bb41ea7777	rejected	1790433488
0xbfffb1a715fe0e1a37d0a9cd3bd97785a2a77777	rejected	1790434349
0xc0003f4a46171c11e92d7659f4e07d8db5257777	rejected	1790650309
0xc003f6e14a06eca3419821304bc353c395825a35	rejected	1790432839
0xc0041ef357b183448b235a8ea73ce4e4ec8c265f	rejected	1790650313
0xc0043c29b40b48cdc546d7011e75ecf79256313d	rejected	1790433538
0xc007e9fd05292073e1451728eb84e75e07577777	rejected	1790650076
0xc008c5f579ec1450f20099c39f587547e27c7523	rejected	1790434142
0xc014d56b51a50083972eae3451c3977256017777	rejected	1790667754
0xc0174ad307c0b706323df0bb69b06ede7cf27777	rejected	1790433649
0xc01a2e136f92772eecab15eb054e8f6fa06b7777	rejected	1790650466
0xc0243e5d8c8506bf909aec585e80e64d06557777	rejected	1790433647
0xc02598b3bd573af18c7fc69deae995d00e847777	rejected	1790650804
0xc02de63c9051549478c0c1c15e3a11f643727777	rejected	1790650399
0xc0373b90ceef0c160a9a13b5622143f87d667777	rejected	1790432675
0xc03a80acbb122809f609575ff116b198df4c7777	rejected	1790650667
0xc04234656fd43446bfc5f6bc6bb8c9b50aed7777	rejected	1790433711
0xc0459cb14516a105e9bff706c18b3d99c5447777	rejected	1790433446
0xc048661a615884c17ad6592268fec196c11f7777	rejected	1790432728
0xc04b7b8e7b2dfc47980470557b5a945cd8d87777	rejected	1790667907
0xc0546973eac4f846bd5e6101fb536b3266bf7777	rejected	1790649936
0xc057c97eb630948769cb00d1e5305fe52d437777	rejected	1790649965
0xc05e61403a9f74a8527b5125d11f93c8c6077777	rejected	1790668339
0xc060d5e47361e6f8c48503815f16708eb05b7777	rejected	1790650408
0xc068d223445b4fe6b594d3367b7fd2b6bd337777	rejected	1790650128
0xc06ea5e8954d6a3f3cda2f9d2861231ed3aa7777	rejected	1790650762
0xc07834079864984083aeeecced5b2bc74edd7777	rejected	1790649819
0xc07af61766210d017d8c5d678f9d6b9f41e47777	rejected	1790431394
0xc07b8aa3a6094dde0bb7339c735ed5eea9087777	rejected	1790650058
0xc0859d4d6c16416a7bc151257b8bf84797597777	rejected	1790649876
0xc08762db3b55a3e0c7a1df2b1c303816a4977777	rejected	1790650111
0xc089de8af9c7853c72a595f83da78bdf6e3a7777	rejected	1790667756
0xc08e6ff1d2ff3283beb4aa918ad4e10320087777	rejected	1790650367
0xc097f22801ce2dd73a2ccef8f2ed5a4c49617777	rejected	1790651058
0xc09b39a87fb21e9eadb3cc18193ad92b679a7777	rejected	1790650429
0xc0a7296b8a7f5c18f4af08a7db92a6d11c7c7777	rejected	1790432729
0xc0a88640d50084d683b107840b4bb9a1511d7777	rejected	1790667697
0xc0acecb28764789f8515f3a9a466e6b0d1f27777	rejected	1790649854
0xc0addf111ffa79869573def5e10b3185053d3085	rejected	1790434611
0xc0b6dc62e5f45a862664bcb564a631cf50bb7777	rejected	1790650235
0xc0ba9f7b471c20b3bbe5e97a1c1d320fce5c7777	rejected	1790668169
0xc0bb24460a70240c2e0390d10f27594a94757777	rejected	1790667922
0xc0bb89fbde44b392743fcc6f97eebac3dd217777	rejected	1790650445
0xc0bdae047068c85bd7f346beaea83ac2c7237777	rejected	1790650237
0xc0bffa353b4712c171eff93ade372ee80f697777	rejected	1790431406
0xc0d5c19f4efc1ab909e9038f4b6b22cb0c767777	rejected	1790432871
0xc0d7f5cbf32bb9f7be562aae19c3fc0e13b37777	rejected	1790433871
0xc0e13725176392f7ae9cb1a839d528fcc7597777	rejected	1790668104
0xc0e9ef859c50589b4037260ac628d53a08fa7777	rejected	1790667743
0xc0edacade2abd5c1b3385c91b2d17ff366c57777	rejected	1790649985
0xc0efe0eca8469edad0af10001cf51ced1e0f7777	rejected	1790650727
0xc0f6382f299b9b1acfdbe9587ffb142ffa3b7777	rejected	1790649919
0xc0f72ce5948d7a5e3ece1065dd2c15cebbce7777	rejected	1790432878
0xc0f77654701c2d9137d0ac5c9e5cd4970b377777	rejected	1790433850
0xc0fc0dc0022802f2682fec555b83dc3ff91a7777	rejected	1790433632
0xc104d84ad4b6e794e6656755b09c797e51997777	rejected	1790650450
0xc10a59d914a3ff43bee0aaf22713d0e254e27777	rejected	1790433687
0xc10c465be2d1795e63e5a07e79b6244689e57777	rejected	1790668325
0xc11d2b34b14925a9823eb1b8efd908357e267777	rejected	1790431517
0xc11dbaec71aaca173cca11ced1d985865ba07777	rejected	1790650720
0xc1210888d54106a362a19f7c3f1a2c4e1e747777	rejected	1790667707
0xc12730afb1995fda3df3d249103c53c6fc807777	rejected	1790431612
0xc130ddaebb006e9913d7eb06441c2b95da1d7777	rejected	1790651067
0xc133da81985ebf0584650ddee3954f7b698c7777	rejected	1790667718
0xc1370e026543389f0a94389772666fa5f8997777	rejected	1790432992
0xc1438d1cde57ae0c3422f5143ebe2a031a657777	rejected	1790434013
0xc146e635ba0f3875c5350f6d47ec65a7e3d37777	rejected	1790650291
0xc14bc21c1397d1c3eda3ed93cafe010f89217777	rejected	1790432483
0xc14ef8347bcf2d29a828bd807e6ce238f1947777	rejected	1790433435
0xc1511834c7638a8090f40e3dad0ce2c2b7d67777	rejected	1790651049
0xc153dd8c32434d80e4e5260d3240433d5a7a7777	rejected	1790650269
0xc16065c3a910974737e825e62a1b71126d977777	rejected	1790433536
0xc1731f3c983780c76dcc04c50ccbbf6092ca7777	rejected	1790433928
0xc175c3d5593f6f8393adecbf8a69ef0d03a27777	rejected	1790667888
0xc18e500fbbecb52f1543c3d94ed6903054187777	rejected	1790432729
0xc18ea6adce8eb7a93f087b2922ccd1c06d077777	rejected	1790650772
0xc194f26ddf32a6ba41350b64c9cc4417ca627777	rejected	1790650008
0xc195d0b6a2c39212eb9f066eb9283689d0057777	rejected	1790434373
0xc19c3b11cb5b0f900bba0b22765a82a532867777	rejected	1790651043
0xc19dedc9c1364c5dbf2e1819574f062b4c489a7b	rejected	1790650937
0xc1a3b994c2d2d2313712e6a484109f74fb1f7777	rejected	1790433824
0xc1a93af54a04adb91734f7236066e98065237777	rejected	1790433897
0xc1aa80f5583954c932b2bacbf16b8e769b687777	rejected	1790432484
0xc1aeb55dbafb1ce916e53bdefb3534b400887777	rejected	1790434497
0xc1babc1e2a77d29db9d53b1ae3d8926b36a17777	rejected	1790432828
0xc1c3bc79d0e0f1f28340f0a6e340975ebc8f5c0c	rejected	1790433882
0xc1c928ffcf314539d2981606deb242e62ee47777	rejected	1790650465
0xc1cc1ab6c4f76ea08aa3313e44145f8d9e4b7777	rejected	1790431651
0xc1ccf7eab7cf1bcccee2be9910076fa3cfd97777	rejected	1790432685
0xc1d70087c75a3a743682b176587cf88728d57777	rejected	1790650711
0xc1df9ecda4b96bf73b8028394430436f723d7777	rejected	1790650568
0xc1e28eaf18a89409807488932e92535394dbe1ae	rejected	1790668147
0xc1e820be2d22f1c46ab143cee06ab36523c67777	rejected	1790432737
0xc1f0c956efbd5cbb9c2fad7e4917b84708007777	rejected	1790650023
0xc1fad4044bbe9a1dc245db3e8009698c7a057777	rejected	1790667876
0xc208c58c1b6c19a3bcf6bee6b9d9265f548a7777	rejected	1790434997
0xc20c6603d4f69bf9a0b2a2b176c60810fd037777	rejected	1790434596
0xc228cb155635e52dcddd655be6486a772f2f7777	rejected	1790649778
0xc22972e2062a4c9489aa40decb4b888d4e0c7777	rejected	1790650449
0xc22b01ce28542f3b85c6bc2a5d8ade7f7bbc7777	rejected	1790433676
0xc23d587891115c841007d1a3058f0c2d38717777	rejected	1790434689
0xc243213508ed86ff71161a4df183b8df98dc7777	rejected	1790668073
0xc2482fb6bccfdd5516b041c2c55f158879e67777	rejected	1790433688
0xc250674d0be67f0e9d62eec17f7cb8e80bfb7777	rejected	1790650663
0xc2511a36207fba20eb4268d24961bd94350d7777	rejected	1790667730
0xc254ddc977ba59af3e72323591d0c232794f7777	rejected	1790650352
0xc2607b799ab10ede6a186c76dcd17882f7dc7777	rejected	1790433509
0xc26a39d97f480f5c480dbc6a9412943081f07777	rejected	1790433454
0xc26f26d3a46cc381d5855578f5a158814ad57777	rejected	1790434500
0xc270f102c5e542eb1239756fc04b43243b157777	rejected	1790668112
0xc27ac638ce596e1f571119774ffcc1c667da7777	rejected	1790650793
0xc280f988f9bdb7d27a88cc3b44e77ef077bd7777	rejected	1790651020
0xc28d867c880bcd737f71dc2fe7efe68ceab17777	rejected	1790650449
0xc293d2564e7e3a819b3afea5e2535741dfa17777	rejected	1790434383
0xc29799dd35461b3c585f14d83dae8dc9e42e7777	rejected	1790432838
0xc29f50e886f698e14fc777d3d3333497e6697777	rejected	1790433860
0xc2a0b9effca823d314b021f52ff62a4a26ee7777	rejected	1790651068
0xc2a17603b8fec4052de39c8c5086235a49a17777	rejected	1790433702
0xc2a1c2642af818ffb2c771dbf3d65a4d5e8d7777	rejected	1790650098
0xc2b156a736e850f9bd5a0de518a2a90504b57777	rejected	1790650661
0xc2b28bcba2deb11619dc84d085e11c7d63517777	rejected	1790668069
0xc2b6ae76a721a14111a15bbd15c574cd6b5b7777	rejected	1790433551
0xc2b7b3a0d324f246a230c9751118a85a7f8a7777	rejected	1790432687
0xc2b7c2f356f11f1f3c3d7b2f377cee02f28f7777	rejected	1790432744
0xc2b93d5bd37f5493b0cfa6b9367b7d55da597777	rejected	1790667851
0xc2d320a9355275d4c683c0af774a9cbe53857777	rejected	1790432839
0xc2d3237df353751d1c7ad0ee592eb1ffaa8a7777	rejected	1790650480
0xc2d8170ad4b6614ee280c68c2b6114a3b2807777	rejected	1790649736
0xc2db2fbfd07b8eda18a5d817a6f887fb5a817777	rejected	1790668041
0xc2e9f1075a3adc73748aee3f337579a616007777	rejected	1790650004
0xc2ef9f953d2a5982bf56f1841f4dfa5975a87777	rejected	1790649746
0xc2f37c5ea2fed4c27784b2a46b189b2860c47777	rejected	1790668008
0xc2f4e297f61aa7681fbb869bfd892a23b9307777	rejected	1790433418
0xc2f883ded64699eccdd2b7135945f60b7b9c7777	rejected	1790432978
0xc2fd5ca82184999b4b7f0a5be865b047fb407777	rejected	1790650758
0xc30074fa3152edfcefbaece0f0ad143e12b57777	rejected	1790433639
0xc308cd1699b17fff1d16229f1d685ad3af767777	rejected	1790649995
0xc309c171ae73c5f3262984d2e87621e2f9cb7777	rejected	1790432723
0xc31afd99bc1a23cec2ca4ed98d9bb1708ff57777	rejected	1790433700
0xc31b3c14162a8ea9343b257a3453a4e8cb277777	rejected	1790650282
0xc31bbd4f6ac7f0410218ea9431a905ba2cfa7777	rejected	1790650557
0xc31be0c7b44c1bb4fa5529aeee13b2b83f707777	rejected	1790649786
0xc31e0cf2b9582e828dcb420c25da9c4e14117777	rejected	1790650516
0xc3302937a63cff3c7cd3d5ec63e7fea034157777	rejected	1790432505
0xc33fe70209b744dd2444eb4524aa336467197777	rejected	1790667745
0xc35522a96194565e127daccec460d33ca3a67777	rejected	1790433279
0xc35e8739630007aa4c6903da1416700914737777	rejected	1790431618
0xc374ace4a6623611cc981b8aa9915983d1a37777	rejected	1790649958
0xc376f5762857de9ee35e500b7b699a110bd27777	rejected	1790433628
0xc37a41478bd652d374b342957c94bdd7daa77777	rejected	1790649799
0xc37dad49e8c71540c1a14ecdac511a4e17627777	rejected	1790649979
0xc37ee8302965832260a8af45cfcf448cd7927777	rejected	1790667990
0xc38e72d05d491c85bf594450d3f10d9a60187777	rejected	1790649950
0xc3915431ed495546c6c4a8ad8e87fe534eda7777	rejected	1790667701
0xc392d2bb36e97866ff57ca9997894ad55eaa7777	rejected	1790433666
0xc396df2ed18837df07a58f7cc407217cef807777	rejected	1790650546
0xc3af616ba6be262e251d43129ec9b6059b2c7777	rejected	1790649854
0xc3c42665181e2c7b685d08f7473dd1484d427777	rejected	1790433565
0xc3cb019d1273f5062cc0c308a9a79520017c7777	rejected	1790650245
0xc3cdef6f1623f8203d5c26451efdd97f5fe57777	rejected	1790650280
0xc3ce842b67c341e9565a87e1319e1afeaa7a7777	rejected	1790433843
0xc3d23f8416f3a7f0ee2a3c23601b13ed4e5c7777	rejected	1790667692
0xc3d97b84a66082c7cb5ed5d07875b51b07687777	rejected	1790650876
0xc3dc19a0beef1be7eb480c4ac5fa079c76547777	rejected	1790433681
0xc3f71296ee3269330ff386cc2ac15aeee9d17777	rejected	1790433474
0xc3f8334ee345cf5814bac8fd942a5fc002da7777	rejected	1790649936
0xc3fc205e673c09cea77fd8c9f72ce27c67ba7777	rejected	1790650559
0xc404bcb004abe5fd63f3b93fc1c2431414b17777	rejected	1790432844
0xc4071921ad130b7edfff83463458b621f4987777	rejected	1790667751
0xc412e794373753600243ca77b3e93cff787d7777	rejected	1790650766
0xc4141e9fd8b330dc29de2758ce3bd44fefd07777	rejected	1790431513
0xc4158b2d1abae5a2ff08884b422b0300a2ed7777	rejected	1790667745
0xc41cfda21e6e97473abe3025521ebb01d5fc7777	rejected	1790667999
0xc41f6687dd8ab4231b2a2dc026d4ed8f1e5b7777	rejected	1790432755
0xc421fae59308625b30268afd7efb4d4aee3a7777	rejected	1790667897
0xc42a0567f2c8bfb18b2495494fbe927fc72a7777	rejected	1790431596
0xc43245e6ab7a535d51754c27fa60d8a74b547777	rejected	1790434714
0xc4376f9daf96e9c4bd97f72f6f061a4a5ba97777	rejected	1790668096
0xc448842ff8f6d9acfb689e3a1cd6fc68b29a7777	rejected	1790431524
0xc45622a097430dd3fead530446c4fff73235d981	rejected	1790433512
0xc456c992dab224b1d84c6d911ebb98445d7a7777	rejected	1790650830
0xc459da16f97fbe132e546fcf08a46609a3297777	rejected	1790668083
0xc461255c75194656092e3ba665a439b83f887777	rejected	1790650369
0xc46e4686ab98d0e5fa7f3beb3e9935273e9d7777	rejected	1790433462
0xc4885eb3499e31aef1139ee41086e9df60757777	rejected	1790434611
0xc489a958fc7c7b260d2cd17767606f85e6047777	rejected	1790667688
0xc489b96be9366b73d319b1249ad2fbd7abe9341b	rejected	1790433677
0xc48d23afd7ce41fd29caefc0757c10fe8c0c7777	rejected	1790650228
0xc49f512f8d076d40f0fad02e91cf902a5f2c7777	rejected	1790649877
0xc4a4c3f03334934b3e663497c43ba446cf747777	rejected	1790650229
0xc4a4d5be03470019d46d60c3f2eacbbb0ede7777	rejected	1790668052
0xc4b958d377251b51760d42df99e5bbb461ea7777	rejected	1790433626
0xc4bc97c0e835ebc407ac80c84222b5662fa87777	rejected	1790434011
0xc4c524a1371bfd07bfa3c6e8128bf8a03e7a4e44	rejected	1790433132
0xc4eed3f5b2e845273bb648fa4939ffc61fc77777	rejected	1790433490
0xc4f04663548e24aa56fb211b74dd544c13e87777	rejected	1790649863
0xc4f5e01c28094092c80f7456e2217674a5f87777	rejected	1790650115
0xc4f74780243efe5e68d9c762187ba8e68a5c7777	rejected	1790432959
0xc4f995840875a0a9fc5a184767cd27fe621a7777	rejected	1790433563
0xc4fb7ecdb408418e95977a4e8717cb241b947777	rejected	1790651016
0xc4fbda1fe38daf4b11bf4c1ad5fa7059abb27777	rejected	1790650050
0xc506cf82f037f9b6adf593326dcb6eadeb957777	rejected	1790650806
0xc50a0f9a4acbba94b9233f4befcba64032287777	rejected	1790434027
0xc50d28756cb29612c679658b33177aa3f2d17777	rejected	1790667957
0xc51a9250795c0186a6fb4a7d20a90330651e4444	rejected	1790434498
0xc51ed1e51e0be6aa091a1cc9c7486f2511377777	rejected	1790667959
0xc52f0a6457b5b684629b0de09647f132cd6c7777	rejected	1790650465
0xc5359aa4554f09157f13fd3a39eb3a154f1a7777	rejected	1790650262
0xc53c4ab9105bc302951366fca84261f33e999999	rejected	1790434507
0xc53f02c5196147aeddbe7925ddbc26c526a77777	rejected	1790650283
0xc5453743aa5af419b6abcb7e52f304ef050d7777	rejected	1790431613
0xc5505d42027aba3698d80039596ef78cf3a27777	rejected	1790667839
0xc559a8f40408077cca7b6c4021a1eb67db937777	rejected	1790431639
0xc5619c070a955670f4fe14fba34b9acea8557777	rejected	1790649893
0xc57d1bb94574d4ec4cb98a421abd605745c77777	rejected	1790667514
0xc5802ac80e7c60d5551babed9a906d9290388121	rejected	1790434597
0xc5841faff889cb40252a3dbcdf07f44c26077777	rejected	1790433568
0xc58e6a3fd3658e82752a3a04cbc723a2edbe7777	rejected	1790434972
0xc59684760d798bd3889e3053367d74f566797777	rejected	1790431606
0xc5a8a655c621c1df2ac67317feec7a470a448996	rejected	1790434184
0xc5a97d40f15568f715a3c2de2dfb919d01567777	rejected	1790432875
0xc5b1738da725b0803450b2db2859926d14257777	rejected	1790650486
0xc5b21b98514676d13f111b5d866ac4622c237777	rejected	1790432495
0xc5b3c557776ffa1490d88cf2d7e55fed32387777	rejected	1790433542
0xc5b3ef7ea4793b93478242de5f03f47a68357777	rejected	1790432720
0xc5b6f341a5c9ed18be529ccadef6484e71d37777	rejected	1790668060
0xc5b870b1d63df1774bb77570bb44338a5cb97777	rejected	1790432943
0xc5c33b05d36f0682755be348451d34fc95647777	rejected	1790668155
0xc5cfffed35af8d2ffe8ed24b238de525c92a7777	rejected	1790667746
0xc5d262ec2024687d4acdd8d04a065f0ee43c7777	rejected	1790431605
0xc5d6b4d5338af4a3bacd8aac8ea409598dcb1e3d	rejected	1790668052
0xc5db20feebb2c6a8e0a631b6ecf0b3c59f737777	rejected	1790668115
0xc5e23994f42f742a121faad880dc2861b9407777	rejected	1790649819
0xc5e2abac97b42bb764b715fc6935b3d769f57777	rejected	1790668054
0xc5e3062d71468518c9d4257e972ad30555867777	rejected	1790667689
0xc5ea11ec429f644c539e5fa49b1dbbff299a7777	rejected	1790433869
0xc5ea305cc6e4253caa920ff1260e0b973b0cff22	rejected	1790650720
0xc5ecc929d4f5ef0f8d97bc221b6718e4c3d47777	rejected	1790649730
0xc5ef72641f70ef51e7ae5db7357bdc3853837777	rejected	1790650747
0xc5f45b639e95b76d4f266c002547a8cf12fa7777	rejected	1790650203
0xc60158d31a3393bc1a26577386d3c9910ae67777	rejected	1790650852
0xc60561582d7155dbd48abd5455529ac672d77777	rejected	1790667725
0xc60d95cde59a3321adcabd79e6c24fa020417777	rejected	1790431666
0xc6110972557b408fd253da6434cb03d681127777	rejected	1790650741
0xc619b6c1c3b267ecc5b6c7d05138dcb305267777	rejected	1790650398
0xc623f4de266b15b6fbb4a16fff54df70aa4b7777	rejected	1790432847
0xc626f97e0a67fac424ec0ba1d66ac5bab6177777	rejected	1790649974
0xc62a17d4a0294b6b0ebc3c349b06dc04e3c27777	rejected	1790667734
0xc62c7ec2ad95b0cd9f2741906dbe5f9faaca7777	rejected	1790434699
0xc6335191c6acea178dad0f7e8db7ed3aaa237777	rejected	1790668069
0xc6440e223873cd85abcec04075402be19a657777	rejected	1790667919
0xc65aa8715482e69b350abe7c43fa6787c7317777	rejected	1790651017
0xc66bd150c5ddf140be19be3c32434f8704e37777	rejected	1790650729
0xc66c26108e956eebc83b361a81a5295a360b7777	rejected	1790433574
0xc66f933734c9ac62acf294ad0602dfdbd6727777	rejected	1790650651
0xc66fbd49f8972c659b0c4b81fe77ce51a9b27777	rejected	1790651022
0xc677138282b613378c9a1b4b24c24679ac297777	rejected	1790650733
0xc67a5f3e9b3636a8b018ba01aeb6004845a77777	rejected	1790650311
0xc68768fd1121e44de6fdd3adfb3a430605327777	rejected	1790431640
0xc68afafe866c3a767f9333d07749adefcbd47777	rejected	1790668144
0xc698dcfda9241a8e328c4e62d7cea75454877777	rejected	1790433519
0xc69ad942941a167245dacf18abd7aed1cb457777	rejected	1790650912
0xc69d5dfa04abe179fe0504e0dcd71181a7257777	rejected	1790649774
0xc69dab5e8f93b776c01c868f6e01dfc7d6f87777	rejected	1790651054
0xc6a941c8b3d79a47c17201d627a3eb75ce4c7777	rejected	1790650084
0xc6aa1f7fcbba2a8f79106b04573865b408a47777	rejected	1790667603
0xc6b06548f4df92f23732dfc6b301d31953707777	rejected	1790651019
0xc6b94a7c9a8ca27bdab64b0c8caaf7083ee07777	rejected	1790431645
0xc6bff31bbfa84d3c05ad61d8ec47be8b31517777	rejected	1790434990
0xc6c48debf406bc46f4a85b77d1e7aea262d47777	rejected	1790434024
0xc6c5f5d21a1ba678f8b235d027659e295cb27777	rejected	1790650839
0xc6d0483d81495d2b5eceff13bd8a381772e67777	rejected	1790650935
0xc6d66416a4264c3f918885c6c1d02d03aa8e7777	rejected	1790650269
0xc6d6f771a6f843e2e231e097d2cf5b40a2527777	rejected	1790667874
0xc6d830619a77894a98f9507cf666c02624d57777	rejected	1790650540
0xc6e01d6f70d7db58ae8679e1a2a45bc6fdd87777	rejected	1790650220
0xc6e4661a5abfe4fdb5caf68d1d2f0f066e427777	rejected	1790650119
0xc6e5d6e7f20d450b997baadd159ddd49496e7777	rejected	1790434793
0xc6e690f9b2c825df8750c1e39043dcff25617777	rejected	1790434997
0xc6eb15763a4d2a88a30e13f2be7b21ea85207777	rejected	1790650401
0xc6f690223f0454e3d1dea1d608e8653e6c7d7777	rejected	1790434584
0xc6f8116ffeef6845e7a4bbf73c1f2f3f8c267777	rejected	1790650128
0xc706bcc56515ca2b4c3e9b8362a4fc522e717777	rejected	1790667926
0xc70d3122819d09fcfa2d7ae0bfd808a7b8dc7777	rejected	1790650872
0xc715c2a40e7fb54ce15365b4b95f0cfd19538d16	rejected	1790432486
0xc72baf098812dac3843f6e4d7ea12a11e4f47777	rejected	1790667705
0xc72df5a113781cd2271cc3edfe31730289b17777	rejected	1790431388
0xc72fa35a9978d51391cda7efe15ff00aa0047777	rejected	1790649874
0xc732f7065543a199a03f4a0bfdb74c8b04157777	rejected	1790667710
0xc736e719028281d26da0309f290295b16d3b7777	rejected	1790434009
0xc7387050d8733f252d5822ac552a5fab93267777	rejected	1790650392
0xc73c74f79adf3c3fe88fb50c5d7681e36ad07777	rejected	1790650423
0xc748673057861a797275cd8a068abb95a902e8de	rejected	1790651087
0xc7513865f580c5bae41a019ab25bee36939b7777	rejected	1790668326
0xc752ff11476cdd3ee0b868dc04900222a0c67777	rejected	1790668178
0xc75347dc14fd6b048a6e71531dd48537f62e7777	rejected	1790650693
0xc757eecdaefdd4930619d73c6a44507d57a17777	rejected	1790667964
0xc762a393dcda8202a3148062201b37ec40027777	rejected	1790667962
0xc7635c428780d9b5281be657478cdfc148b17777	rejected	1790433469
0xc764fdf49a5ca60b1890e2c5f110ccfb78a67777	rejected	1790650393
0xc76561a83097754b8f2e9a29ec5a4e4bded77777	rejected	1790432495
0xc77fb52ef384da856bf97ffa079e85c104167777	rejected	1790650421
0xc7868959c6bde0953570beb35b05be449c837777	rejected	1790431623
0xc78885c0092d6e11411f00540dcb087982e97777	rejected	1790667947
0xc78a426e4a2a08449f3324a72e1318a8dc6c7777	rejected	1790434323
0xc78c06c93033b10c096b345d6943406a92367777	rejected	1790649876
0xc78d7759bedc38c581406cc3f92902728df37777	rejected	1790649901
0xc78ff894aa0fe0a7803ae6d70ecd28c5221d7777	rejected	1790650748
0xc795c6c633722ba04c8430c684c2011d2ef57777	rejected	1790650684
0xc7a1ec82024480cc79a69120636872a4c4fe7777	rejected	1790434495
0xc7a385eb7c51dec1c233dfde347e7adfb5da7777	rejected	1790433593
0xc7ac4e23e5999c6a24fa4a9e9d82e050040f7777	rejected	1790649968
0xc7ad98fdb455d474ad9116375bf62f6e924a7777	rejected	1790431631
0xc7bed4387c6583b9674f0812b37f434154517777	rejected	1790432727
0xc7c0b91ca483f3d464e8a0df0e4ceaac50467777	rejected	1790434032
0xc7c139ee837a447d83e86044a5d196a9baf3ffff	rejected	1790434796
0xc7c1ab007176deee7e820b25c67d94166bed7777	rejected	1790650511
0xc7cbe4b1a955f0d440acb46c178d206f70397777	rejected	1790649935
0xc7d48cca4e93db69c13400ecfff43786508f7777	rejected	1790667854
0xc7d645cfde301c459ed64dd383df17e87f8d7777	rejected	1790667971
0xc7e61962b7eb45247179d8a777f5495d29aa7777	rejected	1790650340
0xc7e65cd4915b0807db75f934506d674a26847777	rejected	1790432689
0xc7f66993c9fb9d160cc580f34be918cb480f7777	rejected	1790650268
0xc7f79dab7dcfc6ccc54d032672782547b6217777	rejected	1790433500
0xc7fd897b14c492a5f38b1334f6fb8cfdf6617777	rejected	1790433754
0xc7fde8805074577c30093d9faddc0ee1bf1a7777	rejected	1790650125
0xc803a5090c76d7978382b0d3017ec01814793a8d	rejected	1790434375
0xc8197b79569d72df0a77c8c9b9ac0fb80fbe7777	rejected	1790650078
0xc8229e48ac705367b794ab087929e25410927777	rejected	1790433353
0xc823727a50e0c69422fbbbf04cb9872865fb7777	rejected	1790667438
0xc826d84f5e4b52a6a9ebe9afc4dd6190fbdc7777	rejected	1790431430
0xc827d88f0335fa741755acfa91136d9fee2d7777	rejected	1790432692
0xc83516ae2a6cc9668a7371acd2bfdcf652177777	rejected	1790433499
0xc84a4452d903936ccf1bb884bfc278067fa67777	rejected	1790433486
0xc8516123af50a5fa669b3fc0b60fb3e13cf97777	rejected	1790652137
0xc856133b195eba752fd9a8006ad2def8048de54c	rejected	1790667353
0xc85674a6e62ea71594c0620b5942202352cc7777	rejected	1790649721
0xc859a36291ca7f9db6c4aba498bd3abacc3b7777	rejected	1790433472
0xc85cd810b08293a2ee66284425e78a6205a17777	rejected	1790649997
0xc862d4be1d856268ff7df27d5358bb05be997777	rejected	1790433647
0xc864280be5e65e12ed152e01c520992756300c8f	rejected	1790650358
0xc86467fe6e4d00be80ad08111d00877d27147777	rejected	1790431509
0xc865f160465d240878a85904ff5790d7d7247777	rejected	1790650800
0xc868524b8abc4d266f095e4338f7f9117e7e7777	rejected	1790433672
0xc86c73bb23d516d76ea3a22d1c26aa9a4ff37777	rejected	1790668051
0xc87632224680585b044d132d9e7acdc153997777	rejected	1790433847
0xc8764e3150bd0ab02834db8d81e1e57bda667777	rejected	1790668103
0xc8779b8b5f427526d3777bd64fba0d64c485ffff	rejected	1790650497
0xc877b78378b495f590e1421be09e7e34d7347777	rejected	1790667704
0xc87ce51a95c346f8c3106bb12c0490917ef57777	rejected	1790433487
0xc88e3712e921e09a98acef41eda91fe0db037777	rejected	1790434369
0xc89264c4476db9fce8ce91c01f3263cf50f17777	rejected	1790649930
0xc892d0936c8b9be6011cc29865553c4129007777	rejected	1790667908
0xc8957491e380ecd28365593cef6cdb30ace17777	rejected	1790667727
0xc8968b43c22dc099ee4032146946bc4af3757777	rejected	1790650676
0xc898cdde8a29956539a60cbbc2427ebfd9617777	rejected	1790649740
0xc8a9e87d7b456a00c673e7a0904110c622927777	rejected	1790668059
0xc8ab8eb9ffccadd1c12b4580dde12f2b99587777	rejected	1790433602
0xc8ad8cbf2099ff0af7dda06471ebd0be989b7777	rejected	1790431647
0xc8b24711a755d00059b2f4e783f7564d46727777	rejected	1790431662
0xc8b99b0af1da8af5efa302a2299448dbda1f7777	rejected	1790649902
0xc8d688cdce9470db062af97556f1bce5f9837777	rejected	1790432173
0xc8da12cbcce7c45180692a6420b0076e03a5179a	rejected	1790434397
0xc8f4e066f5821fd18b9f2b678dee9f2c3d557777	rejected	1790869675
0xc8f8b388818a3004f7e7ea37c92d9847d8ca7777	rejected	1790650166
0xc9030b7e7040a259e95cf356b65ba925f04d7777	rejected	1790650102
0xc917eba18bcde00a5a94a64497ad98116a407777	rejected	1790650751
0xc924c612b04d6c799b2f8899744ff92a244a7777	rejected	1790667870
0xc92b6bc9f9a98d206606b8c206cea59aaa1f7777	rejected	1790650403
0xc92be036e35bf90b245be69577423656f8527777	rejected	1790432673
0xc92c7bff3b2f49b2fc63e1248093cb9da4667777	rejected	1790668348
0xc932f68e4aa7aae4be28a7ed74e005628aa07777	rejected	1790650427
0xc93410c254f0f8b31de4915750961eb51b147777	rejected	1790432730
0xc9439c4a28cea78da3d56e264605e1c0d36b7777	rejected	1790667847
0xc947b973658a358170271c7ff9596ee840cd7777	rejected	1790667760
0xc9484993b36b5f96bc03d1995cfba062494f7777	rejected	1790433543
0xc9485642cf008302cf7a1eca9c1fa70b7dc47777	rejected	1790649824
0xc952461c9f979b5401bdd19d6dbe6c8b60e47777	rejected	1790668255
0xc955971708f42b03fd3353d730b03699b0f07777	rejected	1790668147
0xc9767d103d80614d7adc862bc55a2985c34d7777	rejected	1790649898
0xc9882def23bc42d53895b8361d0b1edc7570bc6a	rejected	1790434338
0xc993c0be384e7bc2343ffda28c6ebe9d7c837777	rejected	1790650766
0xc99722077b1009c9a55ca2e9e99ea2c712e57777	rejected	1790650378
0xc998537f2ebe59c7f8f6ba3123c00a7e41087777	rejected	1790433754
0xc99af3bd66f94c41accd842dc6134dc11c2a7777	rejected	1790668146
0xc99fe68dcb2b0645694a0c371c15c745c3e07777	rejected	1790650171
0xc9a4e0a4c8a0c418db0a46c6ad72cb37a7897777	rejected	1790649950
0xc9a50bf4c982b9f6733133d2b2d9bb0859b87777	rejected	1790433749
0xc9ad12498c0d49638df6eeaf7cc4539137527777	rejected	1790433670
0xc9b78dce23d9d8e94e1486ded18c0151af917777	rejected	1790667849
0xc9ba23f9777fb2d22750c24f100e10e9ab737777	rejected	1790649961
0xc9c25b407af87941507104a168583177056b7777	rejected	1790650179
0xc9c2ba30d3f76f4162f1f0265a66fed0ec197777	rejected	1790433526
0xc9cd6ebc97b1c8049f89ca29774d2b6fe2c57777	rejected	1790433524
0xc9d3ac6e2362670c1d7148bfbcba124703e87777	rejected	1790651070
0xc9d460b32b78e318c9cc887f009198a847ba7777	rejected	1790431640
0xc9d58473b3653a37dc27b3d58b9ebd3029a27777	rejected	1790433485
0xc9d84be102a51f90d5beb86e32b7d334fcb17777	rejected	1790650144
0xc9da692eea1c318f9ebb5c8346658a8545cb7777	rejected	1790434380
0xc9ea27ba1bb0cc75efd67bd47272b662ce8d7777	rejected	1790667902
0xc9f3e2a9159f0e4828648e883a7b59d9c9a77777	rejected	1790668091
0xca052682bc36deba0b981c20b363f92d82697777	rejected	1790650903
0xca088c9f328fa606f2afbec78cb3ea7d69a37777	rejected	1790434362
0xca17c6ca0f5e79cb133b67b85db2c67ac6447777	rejected	1790432849
0xca1dbc435ed5431d84e82162abee562cea737777	rejected	1790650490
0xca1f9dc08615ef2973f84a63c91a0e86c9aa7777	rejected	1790667948
0xca2185e709320e4689950518866825cfdb45f316	rejected	1790434977
0xca2234cf3b36e294ad7b735840ad54a213407777	rejected	1790650349
0xca30934f2344af67fb9a1d86c5a89a199d057777	rejected	1790433637
0xca3d35eb70d36d7ec8bd119539ae16ae83107777	rejected	1790434145
0xca3ff673834fda4656e8133f9261417880e77777	rejected	1790650918
0xca4217c27f54206712aa1dbe4b8204a462137777	rejected	1790650181
0xca4c4f05f7d90eeff321d9e63c173aaa14ab7777	rejected	1790432988
0xca4cc3ef5a4dc671f4a70796f54ee21ebf1a7777	rejected	1790650697
0xca4cd6fcb00ccdc3058753ff17a240f7f8547777	rejected	1790667895
0xca548da2ccb4163a22ddfc9856d8f34e61667777	rejected	1790650164
0xca5e89347627039d87b532ca429d2b19d8cb7777	rejected	1790649767
0xca650d7834411610b044fc4c87c48acaf6157777	rejected	1790434500
0xca6539e2606320101cf3788c9aba867b825a7777	rejected	1790650367
0xca6d3228adc0d46fbef4408d8275b493584d7777	rejected	1790433542
0xca7349157514b8c6dda1ab08eaafeedd06d87777	rejected	1790650563
0xca737dbe0c3e2184ede5b86f0c6708298ecd7777	rejected	1790433756
0xca750ef65f295bbecd685abf54e82caf297bdb61	rejected	1790434001
0xca7690394cebbd470dbbbabff194baafce367777	rejected	1790433493
0xca786d027af1bd98c4a6f8191c438cd8e4ce7777	rejected	1790667978
0xca78be6a8c52ba2fb9725aec7ee7e904c44d7777	rejected	1790432956
0xca80faa4183d3f7c4f54c10da2518a1e759a7777	rejected	1790650262
0xca8662f8eb794aaca8d1e40c148a5423b53b7777	rejected	1790433741
0xca8f4e27eb736673d86c03ab76be0ab4ca9e7777	rejected	1790432951
0xca8f855517c957ef4a048c341f6fc4d4ed787777	rejected	1790433688
0xca90bfc86e9014754a342b58d6aeefc37a337777	rejected	1790869675
0xca97422260ed766c4cfff6e801918d86b7a47777	rejected	1790650666
0xcaac0cec9121f151731ddf3fab78f15b36986666	rejected	1790433598
0xcaaceda5cdfb64c545a1cb1d893840124e7e7777	rejected	1790431517
0xcaae2a2f939f51d97cdfa9a86e79e3f085b799f3	rejected	1790434708
0xcabae7ccda9badc342f672ec31f412871ebf7777	rejected	1790649992
0xcac8d70ab33501a30e64829173878e538ad27777	rejected	1790433677
0xcaceeb8c53c4b8f0fb0342e6bfd35d6ac0717777	rejected	1790434613
0xcad02f0238bb09a7faa1e92a6134775cb6df7777	rejected	1790433599
0xcadb61837bbfe57a4a315a3ee989ce1e496a7777	rejected	1790433443
0xcaddbea9b31c80fb103fdc7f8091cae546da7777	rejected	1790649854
0xcae05a0519f820c555c1557bb4fadc2da6387777	rejected	1790668170
0xcae222a19e942e270120f144dfa7db6030927777	rejected	1790668167
0xcae5862d6dd7de19601900ac790f2031ba147777	rejected	1790650484
0xcae692a2fc9d116fb0ca0f85c73eff1c92657777	rejected	1790650860
0xcae8cf4c7a4b8f2a847dbc742bf377aa5cac7777	rejected	1790433837
0xcafdbce93477261db8250e42bdae6e66733f9e20	rejected	1790434579
0xcaff529b23f4bdd3bb5c7aaf256a568728287777	rejected	1790650902
0xcb03d13e89a07b47c74ea015fbfaaf2297567777	rejected	1790649864
0xcb0cc7ca69e4e9618be3118b57b21b8799d57777	rejected	1790434373
0xcb118f7e4386db0397c80a7636cd663dde237777	rejected	1790433581
0xcb1d54c2ed49389aa7509bfec6ded2e60f2d65c0	rejected	1790650749
0xcb1f4eac519f0ab2e87f3eed5ad2082abbd47777	rejected	1790650028
0xcb21e6983665069d78006e0ab230bb9db7337777	rejected	1790650413
0xcb27830820fafa3d0aaa28400ea4be25318e7777	rejected	1790434375
0xcb2dc31ca5de6b19f7af15776be1ac9c606c7777	rejected	1790649940
0xcb463ba6af83bf62e6fc593d506447c9bdf57777	rejected	1790649976
0xcb4745e3cba633560c657c87707b33e7242c7777	rejected	1790650022
0xcb4aeaabedd95fd609f3808cdcc3ad884b327777	rejected	1790650049
0xcb4be694a4e7f6f57ffa698a2b876ab6d36a7777	rejected	1790649906
0xcb4cd4ee1b571a755c2310eecc88132271907777	rejected	1790649949
0xcb4e15c3e99b3249704816fa8dfdac162e087777	rejected	1790433503
0xcb52194b19ed20de69a82494cecbb16dbc7d7777	rejected	1790668246
0xcb5231c99f156494283cba386cbb4965a9ea7777	rejected	1790667912
0xcb5665cd774e282c9632e9de93651381e0b07777	rejected	1790667940
0xcb651fc52b9cfa60028b178457d29f406c9f7777	rejected	1790434789
0xcb6633e89881c4ae275603eb90b7ddac35e07777	rejected	1790431404
0xcb71bc3a3a0dd762b340bd739d883f5abb697777	rejected	1790649799
0xcb839bdaf18c92ec84fe1794cdca56eefbb27777	rejected	1790433742
0xcb87addcfeabf2f87499d07ade599aaa34257777	rejected	1790432875
0xcb8bcd8246b8860fcedee094a13c21300f4d7777	rejected	1790434205
0xcb974fd0439273f8fc9e6719ea62f0dfb2d57777	rejected	1790650917
0xcb975f49924a2c8f8d7884b3b5adcef7e1fc7777	rejected	1790651041
0xcb9d9039036ce1d623ead3cfc695167d301be736	rejected	1790432499
0xcb9ebc00561cb58ebd9b3c73f208a20773647777	rejected	1790650142
0xcba17976f8f201420db547ec3a340348de197777	rejected	1790650102
0xcbac403288a15227ef1143bfe938d71456187777	rejected	1790650227
0xcbb09868b888675c8df9438a74b8ee210d647777	rejected	1790432676
0xcbb62e12eb8260f606f0eea00e7e79327ae47777	rejected	1790668105
0xcbbbfe7bfafac321d566b50f54b8751cad857777	rejected	1790434031
0xcbc957f9771879b1531719cfdef30df7c8b37777	rejected	1790649825
0xcbce8fa648e2d85f9891ef2f2e7d7ca4742a7777	rejected	1790432723
0xcbd36bd2a3db6490924b574ddb47f4d2faae7777	rejected	1790667953
0xcbd89c46a5a20abd818ee36cf40ca853d0817777	rejected	1790649889
0xcbddfbd52e0be81a70f6c711e6f92a4fcad47777	rejected	1790650455
0xcbe8029b7c07b08751cc371b64edd4b211937777	rejected	1790650169
0xcbf38370672d19685e372c934d95c3fbe2c47777	rejected	1790431442
0xcbf7771786a50fa43797fa0a2169f4c119b07777	rejected	1790431406
0xcbf852dd4025634b0e1a104465543b178e0b7777	rejected	1790667842
0xcbfb35e77200763917ab75252262136c10257777	rejected	1790650189
0xcbfc7021f6741e6bc1e03faeac5c8073f92d7777	rejected	1790432943
0xcc04703498c9ebda07c03dac3026d6494b237777	rejected	1790650695
0xcc053f3210562071bcf377cd59fd5d6d69e47777	rejected	1790649850
0xcc09c7568d341138b4737f399e53a976bd3d7777	rejected	1790649898
0xcc1506aa319c56dc35f786b7d0b59467767b7777	rejected	1790431639
0xcc1a4014f0e4fabdaf84e3628264a500be1a7777	rejected	1790668178
0xcc20eb8659939903a7cfea1cc32463b96f917777	rejected	1790667360
0xcc2e76da706d1c3610ea6c00862a7a5d5f0e7777	rejected	1790650007
0xcc3bd3da650f9dbd6d2e13aa090b023ddc6c7777	rejected	1790650925
0xcc3c40e1578a8130400616a0295b853392fa7777	rejected	1790668003
0xcc47a6433b1bb8c2785bb2161fd5594210927777	rejected	1790650946
0xcc47de7addc3b4a86ac717ced59220e13e327777	rejected	1790433602
0xcc4d75bde849ea5e29dd55c9a2c81e5a9ee67777	rejected	1790650549
0xcc58608747799165015b3e00db6b0fc7a4784fae	rejected	1790667861
0xcc5a30d79f081190a502ca02e6357abc94e17777	rejected	1790650748
0xcc6403732b07406b4702359bfb32e5aac80d7777	rejected	1790650264
0xcc64d1b6bc36e5acefb0255ed4bbd70257fe7777	rejected	1790432493
0xcc6a097c43a6ffd81fe90f17a92869cedeb97777	rejected	1790650732
0xcc6b93846ed58626a5cedf26bef62988efa1a6b9	rejected	1790432873
0xcc7464e2c4280022a8f6b9bde3906b613df91d51	rejected	1790667606
0xcc753b4158d53483a008ba463eca593e39f77777	rejected	1790667842
0xcc78f62a954dacb2bf43c4af50e18ca6b8557777	rejected	1790667592
0xcc8566c51ffd22e694925a5220893caa73a27777	rejected	1790650099
0xcc8dd3e5c47289d4a5573b32fb591c82f2467777	rejected	1790434379
0xcc978b668a7db0ec29323758c016500e865e7777	rejected	1790432684
0xcc98b108408f7f44ffaa515c938d16ed8ce07777	rejected	1790649867
0xcc9dc8fc85d5842566c381f14940017cce037777	rejected	1790650289
0xcca3de4e12dfc249e09b1977790b366af9df7777	rejected	1790649977
0xcca44023b98b8a1d009f0f13c1df677b3c878726	rejected	1790651088
0xccac13c3b2c282e96783092131609faab4557777	rejected	1790433756
0xccaf4d6d37410963b7314fc98ec274f82b4e7777	rejected	1790434002
0xccbfc2f4d682b135ec5deca6e340d8014fe47777	rejected	1790433818
0xccc3efc95a54538c681cbaabe036a5d2f11e7777	rejected	1790433682
0xcccfe5a5138abb7f3ff71468e7771fd044d27777	rejected	1790434328
0xccd04de7c059cad8dd3565fcaca4691802657777	rejected	1790650376
0xccd33bfd3cd2caa01260d16acd8fbc8b09607777	rejected	1790650039
0xccd384ca86221df2cfb4559c41254df50eb87777	rejected	1790432681
0xccdf79fc9d8abe140c971bba89b17847fd057777	rejected	1790650928
0xcce8a248aa6066481b43055a781ebe8883bf7777	rejected	1790650445
0xccf063ede37186ce9afb8937d6fa7cf6e06a7777	rejected	1790649942
0xccf42fb215bbecd506f63a870ced33159fc27777	rejected	1790668248
0xccfe744a81aa87e1378fd3d95da99a72d7aa7777	rejected	1790667902
0xcd14aba093a2ef57ecfd69216998cb6dd7937777	rejected	1790650862
0xcd15c2deb1e21084d7de5708011bb02f93cb7777	rejected	1790433869
0xcd1e6a95a090565a8328fc9043c0089ecf7d7777	rejected	1790667904
0xcd1f74399694c4c2f738fa22fe3d8c9f5b7d7777	rejected	1790650470
0xcd279552ef827476e56e71be4c4bb03423c27777	rejected	1790432724
0xcd2958efb506b4580f19eb1305c333a22e097777	rejected	1790433619
0xcd29dc5bf35b02be294f531d7a25378780597777	rejected	1790650523
0xcd2da0b1ccffe6a9471b79b05b8ee620e7577777	rejected	1790668095
0xcd2eceb043958f390cda3ddb035fcf776c097777	rejected	1790434719
0xcd3049854d1621d20850df94587c8ff1369d7777	rejected	1790650052
0xcd375007dda9c15dd4df8a6587faf10a8b137777	rejected	1790667997
0xcd43305e6d3439698e38a12fe1e1f88f55727777	rejected	1790433475
0xcd442e0ea55a0e042829d6602f70b3b73b2e7777	rejected	1790668000
0xcd451f4f552d3ad2d247a34479440d38f8a57777	rejected	1790434024
0xcd49be50d9e47b2a921d18a9262018c084f261b2	rejected	1790434384
0xcd511f6e1df0aa801d1568fea16a8a8ce2f97777	rejected	1790433597
0xcd51c615969eb320610aab8b97888dbf32507777	rejected	1790650017
0xcd51c9eff1124466e9a7c455faa4bdaea6ff7777	rejected	1790668103
0xcd53442074c53d78bba7f8328112db1a1add7777	rejected	1790432754
0xcd55b44071300aea07439a8e2df6e96f3c1e7777	rejected	1790650859
0xcd587303f9f5760d5b6e7206d15959fa8a907777	rejected	1790432995
0xcd5ad8e85ec7d374cb506a30c33a778411aa7777	rejected	1790650075
0xcd5e016cfae16fcc2c8aa13c65319152355e7777	rejected	1790650107
0xcd628f32371b02df5a94a76c2c416ac64c741d5d	rejected	1790434205
0xcd63439c2e91b407ee10d91d8b5795c555b67777	rejected	1790432878
0xcd6bac2486fd91244d5aba83b23f9846f8847777	rejected	1790650099
0xcd6e2a48f52c6320284e800068a33d110c657777	rejected	1790433459
0xcd6e42139cca940284b98cdb2b0c608324b17777	rejected	1790435000
0xcd7994779ceea0d50bac0e52c3472d3396917777	rejected	1790650080
0xcd7dd9d74fdf56c547926afadea3c018d3d37777	rejected	1790433451
0xcd807455c262c19e4caa22fa32e869beb89c7777	rejected	1790650918
0xcd823333a9cd5600612cf7c5a4a95b7ffb6a7777	rejected	1790431520
0xcd82eb42de7cb5fd7a2900ea371cb7e32e8c7777	rejected	1790650734
0xcd895a4595ab9073b4c60501040f45f717247777	rejected	1790649831
0xcd8b38caf0fa8b4fb55d2b109dba615d59317777	rejected	1790650122
0xcd91857d2121230782a596bf07e88bc8cfb07777	rejected	1790650774
0xcd94c78ab583079595267574f64dd4d319b07777	rejected	1790649823
0xcd96ff13e97d9988add9807b0cee476cc35d7777	rejected	1790668255
0xcda2e7348333cd701024859ee3fd126c5c607777	rejected	1790668142
0xcda45635b16c9b50fed53ba3515192b335297777	rejected	1790650799
0xcdabdfc39ff4fad2214b4db831725551497e7777	rejected	1790649921
0xcdac7b7dfd256f5d2741b482beb4c1b579757777	rejected	1790667881
0xcdb110936991148024635e3147169e40dc977777	rejected	1790433498
0xcdb4dc619f8d6e91b9c61da045221e9c52687777	rejected	1790650810
0xcdc1274077617bf1f4d5311317f7e594d7f37777	rejected	1790667718
0xcdc2f7eab489f59a0af1f57edd7eb420fc257777	rejected	1790434604
0xcdcd111a611e34536bf8e8a13d9c364fd3987777	rejected	1790650034
0xcdcde30945b7fa742044c1d6b80b33ee577d7777	rejected	1790667919
0xcdd0bc62761b02d9bf05efc97ad6bd91e79e7777	rejected	1790650656
0xcdec54342653c5db4bb298acc6d2a8082c0f7777	rejected	1790434363
0xcdf2dc2707d34ae3ba484b8053c5c289894f7777	rejected	1790650759
0xcdf2f3e0fa43c47a6662a91c9e4a7c5f69762699	rejected	1790434483
0xcdfe8e9823e31352873428e7097577ed6de47777	rejected	1790432755
0xce039fbc0677d88f82e4c733e1275ae36dd87777	rejected	1790649801
0xce04642dc2c1c671e357721a9d227a40d88d7777	rejected	1790668090
0xce06a25aabf238473409d53412cc3500f2127777	rejected	1790651086
0xce08f318c71999c7f06fd7dd96ce57ef73bf7777	rejected	1790649773
0xce0afadd73f2c2900d4b40b637877cfa532f7777	rejected	1790649800
0xce24439f2d9c6a2289f741120fe202248b666666	rejected	1790434141
0xce2813aada6401b7a7cc312d7e0f62ab4e037777	rejected	1790434372
0xce2ae8f3e80711b211d270e27e122041c2117777	rejected	1790650910
0xce2cadda7915b035ceff010c62027a2cca897777	rejected	1790433863
0xce2ef9064ad0fae5cbdf5e061f8b3b3cf9997777	rejected	1790649923
0xce3087658688168946acde2037bddc9bd37d7777	rejected	1790650888
0xce3fc3e4c54435e1df988a106f9a1f68a58e7777	rejected	1790667592
0xce435718c2266e5fc0c750ee177d176662857777	rejected	1790650545
0xce451cb9c0bbc6fceb25e7ba6ce21bb025177777	rejected	1790650488
0xce469361b3299d50c6a1499907ca74482abc7777	rejected	1790667972
0xce470abde538512afa41a4194acd98409d007777	rejected	1790650348
0xce49f0c77fe42ce472894d1d54091cac50427777	rejected	1790650182
0xce4ba6aa3d7d99fdc980d89b60b2b72da23b7777	rejected	1790667916
0xce540289ae9273b35c4ae2c418cd41922bd47777	rejected	1790433480
0xce549d6df79367853cd786097461b6ce5d577777	rejected	1790668032
0xce63b10668d9d26a2c5c0a0f255292b188c17777	rejected	1790433699
0xce706100e4a22ab70d67c05e874904ee87bf7777	rejected	1790433606
0xce763ea75949b5bde625ee2f56362fb88e447777	rejected	1790650276
0xce7de646e7208a4ef112cb6ed5038fa6cc6b12e3	rejected	1790434334
0xce823b8b158213838560b232f718c787f7897777	rejected	1790433448
0xce82cf7cd900c5f154b5caf3bcc3a76fdd657777	rejected	1790650408
0xce867abdb4fd1ca37f9e18023efa654935287777	rejected	1790667898
0xce86d623b320c2a3b0dcc80b1f08b4a247217777	rejected	1790667757
0xce918774ca29ae94fcf98cf1f6f38cd491127777	rejected	1790667912
0xce9b3267fb1bdddf50c0518b0dcac6a3fb0f7777	rejected	1790650655
0xcea00d3e4b60c023812bfde21d3f63991e07d8c3	rejected	1790649727
0xcea094d3a19dbcf282ea90e15fc6c281a0907777	rejected	1790650063
0xceaa3233a033a5a32ba7d2fbd1770245fa027777	rejected	1790667900
0xcebbc0be85e4270cc1f32bd3f3148d169f047777	rejected	1790650053
0xcebfaba31589ad8e62109144812700e99a137777	rejected	1790667711
0xced5a2ba24268407abda6790744d65b192897777	rejected	1790650919
0xced9ee9607d7dfe7ffd74b6800b845e7a4907777	rejected	1790434589
0xceda52ea33d7f6fc404fecd94c7a7b2e34087777	rejected	1790431599
0xcede5622542410b5dbb625ddb2c2b99d33257777	rejected	1790431517
0xcee4282941df4379f3d64f74859c8a57f6f47777	rejected	1790433585
0xcef31abfee5f24b2221d930fcb7f842e13c57777	rejected	1790667960
0xcefbf00b3732fe91e46989037e4b2564a4fc7777	rejected	1790434787
0xcefce8849c0ecf5011a7379f6ddcb6beeb872051	rejected	1790668345
0xceff9203e4400589908267136d6e21972b2d7777	rejected	1790668063
0xcf0d782d9d6f8aa42425d9a8cdafebda2daa7777	rejected	1790434802
0xcf1f5ce2037e584c2420bd56c55421b084707777	rejected	1790649849
0xcf21e473c425721f2f2040f9dc407bdc2db37777	rejected	1790432610
0xcf240436c101fc64f270c70998a414ff662b7777	rejected	1790650205
0xcf2b2df867636ca1f7885a9a3063db71c74f7777	rejected	1790650097
0xcf2fc40db7f813c948925a8a969553a882747777	rejected	1790649935
0xcf31e9fd6aff08aac6647e5bcbcdfbbf73157777	rejected	1790650572
0xcf3492656094b4cabfa5efc9b830fe1009817777	rejected	1790650156
0xcf363b9b8cf14475ad5f536dd35650f200a87777	rejected	1790434485
0xcf4e91c778dd71737f80c6bf832b7cc7478e7777	rejected	1790432486
0xcf50723c5a3e61d0eb25e1472c668f29a6017777	rejected	1790431396
0xcf578deff746032c82c4f0513fef051403237777	rejected	1790869675
0xcf5d0fb4ca9c20b3334008e55d93f0fa288b7777	rejected	1790650735
0xcf6bb5389c92bdda8a3747ddb454cb7a64626c63	rejected	1790434789
0xcf75ce78d0e0501a66861d06840cd412d98f7777	rejected	1790433721
0xcf7c2e51cd8cbae45ca082151c9aee9d9a1d7777	rejected	1790432870
0xcf81a2e10bd8edf586b231586923d3e8c3827777	rejected	1790433504
0xcf857ea786b963c38e184c67833ca8230e547777	rejected	1790650701
0xcf8f4a115cf612d95234fc061be6583d70477777	rejected	1790649794
0xcf932a2eca3602b4992470485fe3d8c8818a7777	rejected	1790433880
0xcf98980f39c4ff9aa6fc8c2c2ff9c67c588b7777	rejected	1790649750
0xcf98e044119512d183750a244645c781a78c7777	rejected	1790434695
0xcf9ab713a2472b79f10a23f2f41b3311a0257777	rejected	1790434618
0xcfa21024c1a521d45e52ad8bad5cb0bca7981b89	rejected	1790433652
0xcfa3002851f266302128561d9fdd61fa718e7777	rejected	1790650858
0xcfa8b9d34e1a6d137579f32101a94b1da0237777	rejected	1790668154
0xcfad6765a318aa7307290b7ae06025bfd588ffff	rejected	1790650175
0xcfbad3743565f499a3ab7415b59260ede9ed7777	rejected	1790650326
0xcfbbe28cfba2795d520360f8c4fd7b29d2717777	rejected	1790433635
0xcfc294d508a3fc8cdbedc539af658ddfd6d47777	rejected	1790432717
0xcfd1b59b24a5f412a84bd7e5f0b4729413d57777	rejected	1790433668
0xcfd4b717d7910675138edb1bdb08563c41e17777	rejected	1790433539
0xcfd5d3dd0af914549be818f9be2dfb310e757777	rejected	1790650568
0xcfd6ca54fca88cd0ab8df26fe37b38349a8a7777	rejected	1790650674
0xcfd71a62f82ae942e8de553d34fb06d6983e7777	rejected	1790650420
0xcfe65ef4bb48febdb4adf4a25a2b84b5a4e77777	rejected	1790432975
0xcfe72a27e10b696a3bb50daadfea962b89837777	rejected	1790650895
0xcfe9c213cf39b20d16af990abd80531988bd7777	rejected	1790431669
0xcffab0fe40be841514d91de64056ea5286cc7240	rejected	1790650895
0xcffb3e849181b1b621b27371c64d0b451de87777	rejected	1790433557
0xd00332ad9006366cb2cf1d1deefdbda71f8b7777	rejected	1790650756
0xd0036afb2d4fa622f8cc3dc2f78c8ea7b6831eb5	rejected	1790650826
0xd0185c148ed27d3af95989b4b157b95d81177777	rejected	1790433751
0xd01ea5c67c08aa7b4196b3068a4b146af92e7777	rejected	1790649786
0xd02324b0e59c0518e6080bb8b841c2cff3947777	rejected	1790668176
0xd039fae5523547f28737ee503fccfb6e244b4de9	rejected	1790667691
0xd0460592a5fa2b4c373d18609026ea2280ec7777	rejected	1790650279
0xd04d540fb5df5fd7919bf7d55ca891ae4b017777	rejected	1790432826
0xd04d8ce21518f2a0199c787aba8d204179987777	rejected	1790433570
0xd05140cb1a703767ff8e9f69941e00b90ad07777	rejected	1790650424
0xd0585487ca87542281603849da88f8a3af097777	rejected	1790431403
0xd06034b5951d2cdbd9b565934c95d2e23c697777	rejected	1790650255
0xd062a3ed8196e3311a5533c2c10597f886297777	rejected	1790433506
0xd063ea2823a073576f762430e5937d508f7b7777	rejected	1790667760
0xd06a4cf48b56b1cf5ef7df84986f3c93df447777	rejected	1790668030
0xd06cf908ac8bba54fcee62ba015f12d7eb5e7777	rejected	1790650244
0xd0713167edd1f16a18693e6aab039f91a3c17777	rejected	1790649889
0xd0719097653b5c8b1795b0ef8e9e0d9153f97777	rejected	1790668128
0xd074ee7dbdc937c9d36761552fd6ae518f237777	rejected	1790650517
0xd07adbb8448cde2971f0fb4f622a1f7db2347777	rejected	1790650484
0xd080adcc3febab50949237dc275944bf45527777	rejected	1790431645
0xd083f83033bad6a91d45606492bee531aade7777	rejected	1790650270
0xd08bd59819478080d1a243d23242510f25f57777	rejected	1790668046
0xd09560e7a4c0fd1dfff94e3ef6b368f24afb72d6	rejected	1790668341
0xd09a7d7cdff39058a9eec86e9d292910d0737777	rejected	1790650082
0xd0a61b7642d15f69439d3d0f3ab3bd8ff58f7777	rejected	1790432848
0xd0accb59b4e3ab35aaad631e280c66bbe4b47777	rejected	1790433558
0xd0b0e0a74e8df4b4d945b68bc2846b8f3c987777	rejected	1790433664
0xd0b4aac8c17447faa781adfa5fa8e4d493537777	rejected	1790650187
0xd0bb088b293ee4847ddc1e91da3daacb50a67777	rejected	1790649975
0xd0bb198f08003ce4ed42a625c62d5bd16b877777	rejected	1790434722
0xd0bf53d44f0c5fcc862eec9c785f8c2def477777	rejected	1790668083
0xd0c6837329cd55cad956e573db6e965671a37777	rejected	1790650175
0xd0c8dbe26fbff6dc67c78f0e2595b1da0df27777	rejected	1790434175
0xd0ce6ab453e0977cabce3a6bd6ea84be4e397777	rejected	1790668166
0xd0d15811a3d8ddc111bed1da84900e0737a27777	rejected	1790650083
0xd0f31220d7ed5432667003d00f41726d940c7777	rejected	1790650906
0xd10408b118177abbb80ab8544f69001dfc827777	rejected	1790432019
0xd104ccdd58894c462e6d8429a916ee05fe1d7777	rejected	1790649880
0xd1128def3bd4a862a9f42a8f2a021637f07c7777	rejected	1790650509
0xd112d3e5346bb5a9bbebbe4bd943dc037b1a7777	rejected	1790433580
0xd11c0d95a7202e80e8abf85ef7dcb4c4fddd7777	rejected	1790650887
0xd11ed520ffd48937ef498513bc6d95e68f5f7777	rejected	1790649855
0xd121b3a76f6b2d259f7d8562de8c4e0f292a7777	rejected	1790431789
0xd12990ccc8893cd0358d928be25a41cebe287777	rejected	1790650792
0xd1321b03586f80ace1a3edd8774e62a196d17777	rejected	1790432946
0xd13b76a88d0b8bf65ec1179793eb18bc6efb7777	rejected	1790667867
0xd14198444188e568fdb029d9067262e1333b7777	rejected	1790431424
0xd147c60bdfaa9ec330f252e2f5ceccebeede7777	rejected	1790433722
0xd15b28c248a1cb3bc1e281f52b234195bda77777	rejected	1790650455
0xd16455cfa8199f2af218aa7398dc4822eb4c7777	rejected	1790650117
0xd169f2661f2c5e9ab562fbae1fa51c41493e7777	rejected	1790667731
0xd17247208275ca8bb4496adaa3bb9d72eba97777	rejected	1790433660
0xd178dcd58fffa89ba526ecacb2e5bb5045367777	rejected	1790650837
0xd17b0acb1332b74bce3e80e46f3eb07b93ec7777	rejected	1790431418
0xd181765ccfab30492a45af88410370329f3e7777	rejected	1790650215
0xd1893dd9535c52d0cf05acfbc9543b21b26e7777	rejected	1790649784
0xd18b8a13885a2615536697d350629fed8ed17777	rejected	1790432714
0xd18bb64e67c1a27727695f4cce11c150d51600a7	rejected	1790650680
0xd18df0177296d4c9fa2a70048fe3393f81697777	rejected	1790432991
0xd1a046c581423789be6a4b2b34fc2c6abd1a7777	rejected	1790650296
0xd1a0c1786ab6804fdd4d443efda013c8b74b2b3d	rejected	1790651038
0xd1b05614a38b83e37e72e535ad4f65bd85347777	rejected	1790667766
0xd1c75ca41162f0cb104bdb7050aee3f0316d7777	rejected	1790668055
0xd1ca3c8accd4d46457e0823224ce121ca2357777	rejected	1790432500
0xd1d09352728a9f1c5fe6572acace8426e77e7777	rejected	1790433456
0xd1d1393d0b80099afd0663bee9502ab0984f7777	rejected	1790431436
0xd1d9872936597c3fd2d463a25619931468657777	rejected	1790432748
0xd1db57e1b56340c1062e3bf4a5db30656fec7777	rejected	1790650726
0xd1e586de69ab1f0b192ac76264c50d200114761f	rejected	1790650333
0xd1e5982d04c6b7afd5a11a6d714fca224e1d7777	rejected	1790434492
0xd1e5d472e2ffea467a309cf70821447d8fda7777	rejected	1790668077
0xd1f53aa79360bb005ae39e2b5598dd1693647777	rejected	1790649757
0xd1fc54a2c376f49bc494f8f83039b096045a7777	rejected	1790433711
0xd1fffc25f8c98a87bb73dcf9b89b1880ce787777	rejected	1790650787
0xd21717adaaff3ad4b49c842df9d0c22041667777	rejected	1790650112
0xd21b54b2986c308619211da1dd8d0ac3c3ee7777	rejected	1790668119
0xd2226b9907f843d2043ab529435f7dfd80ba7777	rejected	1790668162
0xd2349864ab9c024cd08c5390348f1a8cd3887777	rejected	1790650121
0xd24a7a9894e26adc9786cf4379b6fa3bc4307777	rejected	1790650944
0xd24d670c81a35b2d3ea9139000dafa1598477777	rejected	1790649977
0xd2529331ea078ab30df1593c82bedd7186c67777	rejected	1790668104
0xd25a3c8748ab44183eeeaf234daf8ab369fb7777	rejected	1790650506
0xd25fc84b5e845f9ad0eefb9b40dca8ecddef7777	rejected	1790667764
0xd26a152cbf75a76da5d0966e885bf74c7cc57777	rejected	1790433895
0xd270d4e1ec6e6e0d28c0ecb8be966ec75997ffff	rejected	1790434691
0xd2745606c3cf12e79bb87f53129162c112e37777	rejected	1790650407
0xd2763bf185377c9194930e30521685384cbd7777	rejected	1790433597
0xd27a032753bf15b2e91288ab045900a3848f7777	rejected	1790433531
0xd27c7efdb7a6e0afbe27684f82527c7617df3244	rejected	1790650837
0xd2803215e8aeb09aa201798c72a9a8a8da3c7777	rejected	1790431788
0xd285e79d67ae6a7022f4276aeb758143e2ec7777	rejected	1790649798
0xd296be1642d23fb0b7318c62da85407471c37777	rejected	1790432829
0xd297a30155a31dc68afc4b13fcd5c8ed885d7777	rejected	1790432689
0xd29f00e3828e63363760dd8fa4fdc3014c7f7777	rejected	1790649646
0xd2a6d4408542cb78d5d3fcdda3c0bd6528767777	rejected	1790668138
0xd2a87746bc497c492cbb63c26bb8ca258b707777	rejected	1790431393
0xd2a99b4c1ba6da867002c245557a00ea91217777	rejected	1790434403
0xd2ad26aaeb2cda15f6b9c48a6f21a15989d37777	rejected	1790668052
0xd2b4a11ccf4fcecf97d8300519f9a99e52947777	rejected	1790668153
0xd2bbf048844b7cdccf43f27f28bb4a61b2b17777	rejected	1790649817
0xd2c14456b9c449f8a11488ce2fd8a53584017777	rejected	1790433486
0xd2c4fb8e79a45d76ce73980ae3a514b07e417777	rejected	1790650202
0xd2ca9e5200eb72bad5bb6dfffb97ba22c0257777	rejected	1790667851
0xd2cb3abb1d6205d6afd354fdc8909434c71f7777	rejected	1790434975
0xd2ce267b55af722b196e5fdfbb70b2104f3f7777	rejected	1790650414
0xd2cebc7a1a87a7d19bb07910047d6b11600ac047	rejected	1790433663
0xd2d2b164afd8f46e47383eba64e8ce25a9f37777	rejected	1790650278
0xd2d4f2a96fbbea32ab607b3795de0eaf0d657777	rejected	1790668066
0xd2d643ff9693258219a5079aaf03993942e27777	rejected	1790650694
0xd2d65e37b54e3e728fa03a7003a78686dd3c32f6	rejected	1790434363
0xd2da5b79b904ffb8ca590ce1448c38bbaaa77777	rejected	1790667930
0xd2dbd74d8d099586edefb4f082ea789432af7777	rejected	1790432746
0xd2dd4834f7c60a86b5e9f2030367d273bc807777	rejected	1790649984
0xd2f82acd3de5938331fdcefefa4f2a3dbc547777	rejected	1790433625
0xd2fbaf364703add7d98d2c2396704b00ab1b7777	rejected	1790649843
0xd2fe7ee441fa9ea8331dbf3eba600159a3c27777	rejected	1790432967
0xd3030f796ad45eb1e103dac2ba44fa102bdd7f2e	rejected	1790650844
0xd30469fc1a1120a7334733c313aa2b4465397777	rejected	1790433592
0xd31970330cf3e6151597d8571249cc3bcd9b7777	rejected	1790650898
0xd319d86e0d743ba36a4983859c7f92c727427777	rejected	1790650465
0xd32990cb7d786c41e701a2c457bad2acad167777	rejected	1790667516
0xd32c73739b4f300b7fcc276c80dddf7c9ba77777	rejected	1790650670
0xd33667e41e7406947384cd595a6da0fdc3107777	rejected	1790650009
0xd337efedb11a8fe1ac78bdc367b6d492c7ee7777	rejected	1790649934
0xd33c47e115f5e99f2353b39b38014264237a7777	rejected	1790650259
0xd3415aa176e4461a16c1ad72fc3ef8382b3e7777	rejected	1790650816
0xd341670fc7c20a3cbe2e0d2fb0979afc12a47777	rejected	1790650658
0xd348481e245138a5f968b8fbfd90bb7fce5a7777	rejected	1790650059
0xd3496f782afe0be1eeb6bd230d80e7fc58617777	rejected	1790434347
0xd34f71f0d78b819b8deeb2bf777f8aa0a4207777	rejected	1790650316
0xd350f518740e549081e8eb686e5a01c08be67777	rejected	1790432497
0xd351465a5093fe7327b79334e0b4569e8c137777	rejected	1790650895
0xd353df860824302392de696040282305bcd77777	rejected	1790651082
0xd354fbbbeaf93f335b585f4fb15c04f26a527777	rejected	1790667727
0xd35dbf1b66f6f538a4019e758379bfbe770c7777	rejected	1790433737
0xd3695226bbeb8d1872359b7bb5f47904f2877777	rejected	1790433841
0xd36eb9b33a2818ec98babaa2602461e150aa7777	rejected	1790431517
0xd36fee9d3b4c7730e4ee1f678e7d3ecdb8117777	rejected	1790431597
0xd37161006c41d861c7ddb1a3f2ed68f7b4827777	rejected	1790667373
0xd37223e21c402f3c8af75d64dfcf4472a8c27777	rejected	1790649872
0xd3779556d77e295f51bf214f655510e47fc77777	rejected	1790650488
0xd377ec7d5ffb3d7121fb98580f1b1d2c064a7777	rejected	1790650505
0xd3882abb25bc97ec2e2c7dfc86be17eb401f7777	rejected	1790650085
0xd38ef209849a885a659d21b799ddfeeecb4d7777	rejected	1790433822
0xd390fd69dc5432db51f37959475c090c59857777	rejected	1790650477
0xd39ed6637fbcd88b70185aedbbb80b9dc9fc7777	rejected	1790649649
0xd3aa4823d6c0911916963b1655d493c09e3d7777	rejected	1790650054
0xd3ac98cbda3ca5d000278aa8eda7792452d47777	rejected	1790650945
0xd3ace337a727f19bb1f53db68a5defadb21e7777	rejected	1790667356
0xd3ba2382d94ce0f60adfdea6b2df784a2b867777	rejected	1790650293
0xd3ce37051fc4e9695ce73b5db851375b68057777	rejected	1790433856
0xd3d18ac44f01099da2e3fe132d925f2f91067777	rejected	1790667873
0xd3d3cb9aa8975dbb93bbb6915d73567b63fe7777	rejected	1790433462
0xd3d95e42bec7c8a6df0edcc23996f66bdc657777	rejected	1790667853
0xd3e1df6e5d09ca6ef57d570dd09becc62e9c7777	rejected	1790649998
0xd3ea00ac944311334669d6e7974d9d20f6d37777	rejected	1790433823
0xd3ea0d2bd3f66cf333bdb9bbaaac4e87714f7777	rejected	1790668014
0xd3fe4d5c32a6b6930f7fc90177a549f006eb7777	rejected	1790432720
0xd4066e5fda8f6f31478e3187352b54f431507777	rejected	1790433621
0xd40c26a9dddb5205e498dcdc569cc2bc564b7777	rejected	1790667853
0xd4117d13a887425d28a19144e55fa26d78277777	rejected	1790667599
0xd4155eb486649870d3d5423b434ae923571e7777	rejected	1790668003
0xd418227fa2a1362ec4431ef9da836e6f9e01d3ec	rejected	1790649857
0xd42146de5cbf9684fdd22342d8ecacb19b097777	rejected	1790667867
0xd4230ae28a6ee3f5aa1d521f443b557f32b77777	rejected	1790650046
0xd424094c777fa14b9d8c378691498aad6c237777	rejected	1790649753
0xd4322d71fde30c2a1e4c902a1a165011d4307777	rejected	1790667591
0xd435dd8904f1b78b50a6c3881a840eff743f7777	rejected	1790433626
0xd43c3a21479e233e94e272695f8987c6fc287777	rejected	1790434986
0xd43cd3bf22280dd263eae13f564319bc45847777	rejected	1790650318
0xd43dbf6da6c5771f4c21e0ae86d028762528ffff	rejected	1790432825
0xd43f5b0e00e46af52270366f896a081ea3ea7777	rejected	1790649837
0xd44ca26eb6d3f6906c52e8c3f22faad79ef27777	rejected	1790668129
0xd45078831dc97da81cff561386db9ed1844d7777	rejected	1790650088
0xd454efde5640bf2cce841d3dce699e83b62a7777	rejected	1790667771
0xd46387d3978b1962bb0b0bf399f314948e937777	rejected	1790650353
0xd466c3e1e009c76cf7fefecc813d9737f26f7777	rejected	1790668000
0xd46c7af4ca7e2514069a3586b91bdfb284317777	rejected	1790433641
0xd4701f2dd66d15801c9c82f9eba5111784637777	rejected	1790650390
0xd470228f0e7604154f7072b14de4737aae717777	rejected	1790667718
0xd472ed9df557ad6c146782720208c1fb65347777	rejected	1790433866
0xd4731528f5f8d88a4b2b11936b6d4f0029117777	rejected	1790433680
0xd47a164c66c168ce368c4b17c20f518480227777	rejected	1790432745
0xd47d30ab2140fca4c8191524d76a479b6b707777	rejected	1790667595
0xd487956d510480637abf79ed7ce2bb1ea49e7777	rejected	1790649933
0xd490507b7a4a17f823120f385e37f20acf1ec2d7	rejected	1790667356
0xd493cde5fd7accedbcea496779a2e92b1df87777	rejected	1790432694
0xd49701fe33e5a44362f5c65ff45e3f6462987777	rejected	1790650296
0xd49988b1670dbcd3f4a6f7ed25adf9147c097777	rejected	1790433747
0xd4a69b0ee6c9a49a0a547c48564fa2f17c547777	rejected	1790650294
0xd4ab0f49397400fd014fcdce743d6dce89e97777	rejected	1790432849
0xd4bbccbd14f845218a870dbf99ef86770ea67777	rejected	1790431621
0xd4bfd0e02c8cf55725eeaba28a2d69b077387777	rejected	1790433610
0xd4c3892da5588ed44aca13d8a63398eede467777	rejected	1790433528
0xd4c986ff0dcad883a67aeb5e4b54689215797777	rejected	1790432971
0xd4ca0999ec031d0e9a71f956d3ce4bc664a67777	rejected	1790650392
0xd4ddbda520825b1b02a137aca07ae84f1bd57777	rejected	1790650075
0xd4e0d6745012f9c8de159d7e115a05f14c7c7777	rejected	1790649955
0xd4e0ff87fc8879396c98fe0b241e34fe0c6e7777	rejected	1790432685
0xd4e8a4ea89796e0f5eb1926ab20ddc67b0b77777	rejected	1790433652
0xd4e9447500392b121fd5f360b65a18d128e77777	rejected	1790433828
0xd4f7fb31e3329692458ea8f1b31ba4bbf5c47777	rejected	1790650802
0xd4fb467c5f034d81f098c31ff1e517e66fed7777	rejected	1790432700
0xd4fb8de086f50aa240621519640a7ebe1d487777	rejected	1790432982
0xd4fe7eb86ae86b40adfb92fd7ea491d8be6f7777	rejected	1790650744
0xd4ff905d861d62896ee5a45b8edd5112722c7777	rejected	1790650795
0xd503fab6504c6d56ff02bc2a29d2ca5b948d7777	rejected	1790667939
0xd50f5950d5d25dfc14f93550151d6ab290a37777	rejected	1790650667
0xd5163beab7ac399265055f9d0f2e1e94a5fb7777	rejected	1790432681
0xd5199999bb645d56991be5477701234a5bb6d961	rejected	1790433508
0xd51cf205551ae994635b9538c7f77f670b9b7777	rejected	1790650559
0xd51e8d0d341178cba07ab89c639ae5f766597777	rejected	1790650567
0xd5266c8c199ea12ba6849c6e77c86555c20a7777	rejected	1790650461
0xd52d0d6f28f34ef991892d3c7e0691b0d8347777	rejected	1790668250
0xd5337ac535a3bd012bd2bd4a0d9ff33d6c327777	rejected	1790432541
0xd5359f5e0e824e39181073785c9ccf483ef07777	rejected	1790433608
0xd5365f4010433f92e5b65e0e8c703f40a9217777	rejected	1790650110
0xd542d70be437a8953e0b719759fc8016bcbf7777	rejected	1790650074
0xd544204e5a334cd993db1e7ed6b0040751e57777	rejected	1790650058
0xd5445f70991bcd1c584719db7a44a2261efd7777	rejected	1790649769
0xd5487c2a6c200c94f4d5f3e919908cf193817777	rejected	1790668147
0xd54e7621165aca482ccea0ecab4e485cd5a27777	rejected	1790667736
0xd55536ce3efaaf1634220cfc99efdcdd885b7777	rejected	1790667968
0xd55f464b5667c903aeb749e9915d8302cc7f7777	rejected	1790432676
0xd55fd91019537e68e415a01009bd594997af7777	rejected	1790433721
0xd565818f0c81c942ba0dff45882c774cb8f57777	rejected	1790434997
0xd565d0017885800e6e7a9dc0cb07e2cc23a37777	rejected	1790667961
0xd5678c7e0a2d81cb5024160a8a3fb448c5007777	rejected	1790667942
0xd56b4ecf8ab0b7674c848c3d5f9fee275f287777	rejected	1790649724
0xd56ff962d09449b2e3075424633ec96265077777	rejected	1790649944
0xd5760a4594ced6fb9f5006dd4db4950d58cb7777	rejected	1790668004
0xd57757b82acb8bb993f63c5e650782bd27a57777	rejected	1790434804
0xd579efe0ffe6c6868049cb4e0b85757eb0047777	rejected	1790649832
0xd57f2e190c11cffc667aa5ad026cd4c8de0772a7	rejected	1790650929
0xd586ab26ec1d3720ec308da700883d4d73a17777	rejected	1790431444
0xd58eadb9c83c82d9cf20fde45b12d6200a267777	rejected	1790650303
0xd58fed7bc82fc41b318d8c806e742d3208e97777	rejected	1790667903
0xd5992114e11e37b7280f4f05f2224954cac97777	rejected	1790650774
0xd59bf8b02ad27252d5bbc9c91575d317edf57777	rejected	1790434578
0xd5a53264c82802ce2c8134d9eea11a4a585d7777	rejected	1790650126
0xd5a8efc840dbef7871c7daba8b52cbfa2d897777	rejected	1790432973
0xd5b12244d6b1449165e88fcda629793b201b7777	rejected	1790668248
0xd5b8e6d9a12e5e6ec3d337db680ed39192767777	rejected	1790650555
0xd5ba16c4a99f5c3863f6b964651a510af74e7777	rejected	1790668042
0xd5cb3a5e510aee5a0ba6cd2eef57e167b2cb7777	rejected	1790433723
0xd5cd864011c76dc8f4c8323b2b29b8c9f65f7777	rejected	1790650395
0xd5d0322b6bab6a762c79f8c81a0b674778e13aed	rejected	1790434814
0xd5d14196afc671cc3b4602f8a720534756487777	rejected	1790433550
0xd5e3cc172930ac2929cc0a523a26cd9008c87777	rejected	1790668124
0xd5eaaac47bd1993d661bc087e15dfb079a7f3c19	rejected	1790434723
0xd5ff038b4ea8919403066f7f4caf597385db7777	rejected	1790667852
0xd606bea30ba3dc3f591cb4f94b0ec93e97a37777	rejected	1790650799
0xd60d6f094a3e04872c6079278841db930e467777	rejected	1790650317
0xd612084e1737f1e11b4250913f6ff942b7fa7777	rejected	1790650738
0xd613cdcfe574aaa41852d10e6cc30dd4da797777	rejected	1790650900
0xd616f756a03cb2db8e1c8265abe74d33dd7e7777	rejected	1790432951
0xd618b09938f81825a77c2df69144401f75247777	rejected	1790650134
0xd61e3de63839af16b3d6e78294fc4052846f7777	rejected	1790434013
0xd61f4c5ed5d7c96cf13b5bf5d4fedf265be57777	rejected	1790432495
0xd6201dcc03c462f18e4726c7e1be9e2056ff7777	rejected	1790650350
0xd620d87b74f462e37766275af933409379b77777	rejected	1790649921
0xd6228d8775714f7595a90f31463d12c892d17777	rejected	1790650343
0xd623fb33bde2b298f4404b5f750d972c731b7777	rejected	1790668097
0xd6247adbee90edf82ae61918a702b83019f07777	rejected	1790431617
0xd62829029d9a90d0b954d1eb025a2aa98eef7777	rejected	1790432961
0xd62dfd88a5d4d2bb546e1accc33a22b01cb67777	rejected	1790650292
0xd6318da0ec90dcce9819c028996e71af1f1f7777	rejected	1790668004
0xd63ab62319e978f9cb4e2b930bf4f3ecdd2c7777	rejected	1790650251
0xd645153632ca01642d6aeb8082b885b8ac917777	rejected	1790650030
0xd64c974d94e878a93d9118a2978ac55764227777	rejected	1790432709
0xd653bae4dcd2f6a2518b823d7d936677f9807777	rejected	1790432868
0xd65abb4521d04dba2acf256f59f662e159bc7777	rejected	1790650247
0xd66345e469bc246452bed5c1e0acd8d2e5227777	rejected	1790650137
0xd6665dbd6a7bdc9d3fee6e9588693989ec427777	rejected	1790650054
0xd66bf8187731502c8e5fea1f1166e2d9ca777777	rejected	1790433862
0xd69b3a91bfcee4763bf28ef57a46bd68e70d7777	rejected	1790434396
0xd6a1996e3e9485c180e04a17779d53be7c0f7777	rejected	1790433745
0xd6a40b18d3bd7a13bca2493d85c76e427e7c7777	rejected	1790432504
0xd6a95f21c4e8a3d6567be204713b499a5c7b7777	rejected	1790649744
0xd6aa677b87543a3d2ff7a63afa7253b14c497777	rejected	1790431437
0xd6ac3dde0795ae10fb715d1e69631391ee827777	rejected	1790667862
0xd6aed8679743ae5f5bbd7d1313a62e1a88b27777	rejected	1790667859
0xd6b892a5876ed7a8267471d2ea1a49df37317777	rejected	1790431631
0xd6ba82767bacbedffaaf8596ce026ec0fcf17777	rejected	1790431649
0xd6c0890778c3d0c06b5901a1c55bb087635d7777	rejected	1790650297
0xd6c643e44b5e4dd493b02f8cf4805bb24e917777	rejected	1790434600
0xd6d3a0bfa91bbc050f26c5c73fab166587bf7777	rejected	1790433498
0xd6dc822e6ce68fdfbaada27afec8e98fcdd47777	rejected	1790667724
0xd6dce2712eef4b01509a83116211b06170837777	rejected	1790650714
0xd6ded4fe68d1d6c1ba6cb762a40ce99113c57777	rejected	1790650173
0xd6e1a1208d98dfec38ea63108d21d7fb60917777	rejected	1790434202
0xd6e81a120eda017898cca9f9812d0eebe8e57777	rejected	1790667769
0xd6f6f87de7fd92baf59d7d52a3e5d31739207777	rejected	1790649858
0xd70da79e5893a4a488912c9d3dbf9da5b8587777	rejected	1790650003
0xd72025bdd1c5047b971df42b4e17789902a97777	rejected	1790650086
0xd724ea1c8b900560c30107eadcf08523790d7777	rejected	1790650670
0xd72c66e87e05442b047f3651e6cdd7cdd84d7777	rejected	1790668073
0xd731aa0c381fead9d3ff986ef7da106b3ee47777	rejected	1790668064
0xd7322c887ca11e4be34a220330f3fe894d2954c8	rejected	1790432501
0xd737f062e92aee63c3534910e2fd756cb4327777	rejected	1790649730
0xd738105373aeec32e0c3b355e05425822aa77777	rejected	1790432993
0xd73d965d0d773c3fd9c4b5bae319c4c033437777	rejected	1790650336
0xd7478a4d0e4f81487ae9337ae228d93449127777	rejected	1790432750
0xd7479dc1045aa378ea5bd68d47cf64fc6b9a7777	rejected	1790434353
0xd74a5c26f1da97ed9bba73aa30e6f01473d27777	rejected	1790650809
0xd74bfe88c96f8e4c216f1e39dd42bf84f57c7777	rejected	1790431608
0xd74dfa440b59a57735d74a47bb6b0141a03c7777	rejected	1790650743
0xd75617335f92212b53fd20498d0af5f7a58e7777	rejected	1790650000
0xd75a1b0756c2f853d081abd668ddbdbdf2767777	rejected	1790667517
0xd75bf2ab64b55cb261b6d66b1e2a66c717947777	rejected	1790667976
0xd761aa615122cd68045ee88e34512f6a70a97777	rejected	1790650423
0xd765464cf8f9307ffeddbdfee4b30ecf17b57777	rejected	1790667761
0xd76788a958f2e557e90ad7b94864830e7b7e7777	rejected	1790650001
0xd768a31d4e25293ec9703c4dec703b7596827777	rejected	1790434510
0xd769d509d3bffcc89ff081cd9bb8e5dc771c7777	rejected	1790668150
0xd76f5d4a30499749e28a2b146f78c3db66ee7777	rejected	1790667846
0xd76f76062cd2fc1b210dc1c3aab63b8b1afa7777	rejected	1790650716
0xd782f4fd774ba19a9cbc6a88c53db9350a487777	rejected	1790650562
0xd78693a470fda7c6cd742352abf2094a0dc57777	rejected	1790650549
0xd7916dbdfe7a4520ade8a00fae4ee3ff15d87777	rejected	1790433850
0xd79170202ebb6cbf86f70603788c10d2d39e7777	rejected	1790434720
0xd7930c4b6612d72174e454514caba7842a007777	rejected	1790650127
0xd79a48f726b54bbc32b721b51af0887707f47777	rejected	1790649886
0xd79ebb11669ec3b602d20bc46597029756137777	rejected	1790667357
0xd7ae587f8a3513609b3b93460f1ff7dee7c57777	rejected	1790433476
0xd7b0037a4cbdaf5d06ea116f489a363caf487777	rejected	1790433735
0xd7bb229fdd28c6b4217cfbe6ad217eecebbf7777	rejected	1790431408
0xd7bc72879caa0a9bfbf19032ec7c2d97efed7777	rejected	1790650731
0xd7c1b9c85e53dd956749ac9e5fd74c35f0737777	rejected	1790667374
0xd7c2947e077d103819357ede787b7e6ba66b7777	rejected	1790433998
0xd7c6ef35337d3069a6fd71ed7d472a58b1a57777	rejected	1790650501
0xd7cf08c724f855ae876923d665620bf770717777	rejected	1790650193
0xd7d1490883ab2485487df3857ce5515514e07777	rejected	1790668110
0xd7db1ecef2953d2f1de278027c75e0c843087777	rejected	1790667876
0xd7df73912c095d90ba477db11aa9023721d07777	rejected	1790650064
0xd7e9a156b5fd7a56af655f9a0b4c2afde2d27777	rejected	1790651047
0xd7eaef01f13785715dda23176e396faf95947777	rejected	1790431440
0xd7edf22ecd57467af1945ba9fd0685d723fd7777	rejected	1790433609
0xd7fdbb424580fcad4bbf24a4fae58337eb787777	rejected	1790667952
0xd8029aabef4df346da107487755d29489d7a7777	rejected	1790432507
0xd80b8799ec7f71e07aba6934ac8b4b13519c7777	rejected	1790432737
0xd80f12094c63e1a1f86e8fc3af188b7e2d3d7777	rejected	1790433039
0xd810e8718139e55451f35ca2caaca8d92b267777	rejected	1790431657
0xd81116873829ab2cc96f107094787bc24b807777	rejected	1790667712
0xd82429b2c6abea8e2bb87ca879bd910d359c7777	rejected	1790650183
0xd82544bf0dfe8385ef8fa34d67e6e4940cc63e16	rejected	1790434328
0xd826cb27aa6866e4c8767f57495642c5ef757777	rejected	1790433655
0xd827f413a62c9e5fb690a6c1530db75123f57777	rejected	1790434602
0xd82989a5656bd247a47e1b9b778cabdcaa497777	rejected	1790433539
0xd83f678d71ce50d503a76d4f662df80401007777	rejected	1790651179
0xd84c0cb0d46aebedc32e3d157a984680b8a87777	rejected	1790650778
0xd84f21af0cea543e0d6a1e11932d36abb9787777	rejected	1790434787
0xd84f5568fdde889a6ca8edf1627a722836b47777	rejected	1790667743
0xd85972fe865b46c17665e5d71d31e4788c727777	rejected	1790431511
0xd8608307cbb6f9cb091c5b624018dc8a0d5d7777	rejected	1790667978
0xd86208410977822e823ef67bad2c47bec9877777	rejected	1790432490
0xd86662c7336bcd41b6ebc1119031529ea0af7777	rejected	1790650051
0xd86d8553284b2b7022854114992a74023a017777	rejected	1790650219
0xd87c4ffa546dd8bdd9120514c3feff4afa907777	rejected	1790649874
0xd87c72caaaf63f54c0ce415b38126c531e947777	rejected	1790649838
0xd87fdb1a449165893938be86c2348925d7f97777	rejected	1790650650
0xd8837586f15f3874a8ecd8b399c8a1c3e6537777	rejected	1790667735
0xd889f13fcd0081c6feae0bb10c1d6e55e0467777	rejected	1790432502
0xd8932ce03f0b0cc7085f67df8b67a347993c7777	rejected	1790433869
0xd893f800fb884bff302a39abaeb133a519197777	rejected	1790667943
0xd899af3a325fe1b97ba6caa8ed95b72f3dda7777	rejected	1790650796
0xd89a0e7bfad18a94713953403580ef8553f97777	rejected	1790650146
0xd89e881d25312e2d9e276f7cad6b93ad4bc47777	rejected	1790432879
0xd8a4a920a6a7ee0b62a4468a3611e9ac4c667777	rejected	1790432693
0xd8a5630378cfaf81b43a53ecc11059bc67c97777	rejected	1790433714
0xd8ae460a303ae1a058aecb5125f2dd1f57e17777	rejected	1790649740
0xd8b084e7e0ccb7ce9a77a511bf1ecd4adbc07777	rejected	1790432953
0xd8b28428818bf131ca907ecf8bb5854c7ec97777	rejected	1790431281
0xd8b45e33bf2d30a92b4c47381b5f19c8d3667777	rejected	1790667895
0xd8b9434c89a6d95fd99d0ac9d981d34c591c7777	rejected	1790668157
0xd8bb30e170db2d2db4a6adb389c7ed33bdba7777	rejected	1790431393
0xd8c87dc5b8b5ed21657a1cb10683be84e4ae7777	rejected	1790650683
0xd8c8df106f73c3e86d57531e0e18fa79f1d87777	rejected	1790650530
0xd8cfb13411b0b439f6faadb3779aeb4cea1e7777	rejected	1790649893
0xd8df24998b26636a0dfa66c454941ae35a997777	rejected	1790433729
0xd8e094b527a63b613249d2a2072bbb6b09d07777	rejected	1790650253
0xd8fb6255e8e3958295665e775366dfcda0e67777	rejected	1790649806
0xd8fd297e717db3ec3e5ae5456e1225ed9f3c7777	rejected	1790650243
0xd905b883bc63109c43f61b37af7718051f2c7777	rejected	1790649848
0xd905c8ba768380cd4f396e56ffae986d6fcf7777	rejected	1790649888
0xd90960dc3ded8845a8f9282d72d9a9c926647777	rejected	1790650187
0xd91d243cbee7a048c2a915ccda92bc13f3287777	rejected	1790649787
0xd91ec48e846c0303f55c1c034bb3a0cd2ff17777	rejected	1790650752
0xd922964317b9b70aefdf9c253fee215fc7f37777	rejected	1790649995
0xd92c5532791c11b62fdc42c41c9c96ed37847777	rejected	1790668130
0xd92e23b85bb1fd0c3b5699d13c62079274db7777	rejected	1790650564
0xd9336a30fe57cbd84d6adbf27f75d0167b9b7777	rejected	1790650900
0xd93624207ef4f4dff0b8fdd1190c857d47297777	rejected	1790433862
0xd9384f87118eb25976f46ceb4b76a7708e247777	rejected	1790433870
0xd941abc91c1e8c565dbcf5aef9bf1cc175988f6a	rejected	1790649751
0xd942c7fa5d00f4faaa6eda96f33425ca7b9a5157	rejected	1790650364
0xd94690cf90a1e6acde58da8ac04922589ca17777	rejected	1790667931
0xd94e83b68aa227636fb211578300e28f31037777	rejected	1790649890
0xd9591124ed87234c7d33ae4b4e1ce4c858957777	rejected	1790433729
0xd9631fb4ee53313a151334869426066cba097777	rejected	1790433485
0xd967690c278a7de57cda4026ce28106ab8097777	rejected	1790649878
0xd9723dc6ec4649baf82dafbdd113a87d43107777	rejected	1790432981
0xd97d097a89113fa59b76c572e5b2eb647e8eefaf	rejected	1790434329
0xd97d1caa97cb1cee75e045331643bdcfa6617777	rejected	1790431594
0xd97deaa158b3bfe50bb1f645d50cf8e27fa87777	rejected	1790667991
0xd9812068692cc76290037dfa87c3d8a398287777	rejected	1790433740
0xd98c4e1b3be532ea5c3a7f8dc21a148a79757777	rejected	1790667926
0xd993b3d10456edac40a1c775664b3e613d727777	rejected	1790433461
0xd99a4b9393bbcee4228d3b1d633d7c11c4d27777	rejected	1790650077
0xd99b51b9a38de794c36e1065bfa0b85a2c017777	rejected	1790650101
0xd9a1258bd93e822f61523ff041dd5b38b13b7777	rejected	1790649815
0xd9a1db78189526fa14f12eb99749a4dc7aba7777	rejected	1790433433
0xd9a2c421b715558b8783558b448d10374ba47777	rejected	1790649987
0xd9a87eca1f2217b218c2db0838fc7555f1d87777	rejected	1790432851
0xd9ae2d87984337f32589f188c4c8955fad6c7777	rejected	1790650081
0xd9b0ef20530218ef670ac5b25c1f1f88d3577777	rejected	1790668100
0xd9b4487db57823abd541243029b7ed0b3f057777	rejected	1790649971
0xd9b6b0bb7432ea5955eebdc43c5da45a9314ffff	rejected	1790432870
0xd9bfffc6fad61c4d9fc4b804f21064c611487777	rejected	1790667864
0xd9c62f337c8958a83882de1bfc195e634fce7777	rejected	1790650835
0xd9cb5cc9a66d430a7840aa75add6340777607777	rejected	1790650834
0xd9db764188e6f69634506d7edd348026570c7777	rejected	1790650700
0xd9dd5687c22df2d84097de4cf9bb746a7a997777	rejected	1790668119
0xd9dd87a14676b91389d653c28140951a9a6f7777	rejected	1790649887
0xd9de1034931caaf146287136204887c2ac367777	rejected	1790649753
0xd9df4b0b9d7c5f37d366533fb01a6bd4ad387777	rejected	1790432608
0xd9eb459374ae9b40b11e260531fe0a5024ff7777	rejected	1790667689
0xd9f107493de76d052835fbf7ac974817e49a7777	rejected	1790649941
0xd9f17f89007c4ee16588b8254df8fcc64a1b7777	rejected	1790668101
0xd9f3a785eb79c02f333f4d3a5f7393b85dff92a9	rejected	1790434698
0xd9f3b076eed904564df19dcbf08e6beb8b9d7777	rejected	1790650677
0xd9f5aca1c6187a62585be90393281cc0d6367777	rejected	1790650412
0xd9fc92bb37bfc71af15654a2935ba959940c7777	rejected	1790650026
0xd9ff7dedf49ee0d6be98982b375b6876874c7777	rejected	1790431403
0xda01003c75ba16852a75425d2a1da9c97b9a7777	rejected	1790650491
0xda051c83d02c26ee1b00648775cc6a59bcea7777	rejected	1790650829
0xda0f910d5531a8418a2d9a9c973cff5799a37777	rejected	1790649927
0xda12ca365238dbc90056b49fb7c1e2c7abb07777	rejected	1790650421
0xda1ae589cde3bd3ba57bfaa96a44b5fc6af37777	rejected	1790650764
0xda1dd7b48b41768b86e1174f002e859a471a7777	rejected	1790431594
0xda1f78f2b9b7703ec9b66c08cda8872e1da27777	rejected	1790668091
0xda2f537819b2c316afa342f0ef988eabe94b7777	rejected	1790650673
0xda35125eb0e751115af8b7d431c0527264837777	rejected	1790650818
0xda35c85cc49c1e7fcfc46357fdf4ecfb695d7777	rejected	1790650656
0xda39bec3f6b223398431657bdc5f2434d1b97777	rejected	1790432970
0xda3b1345bff602ee9e1fe59117f04700113a7777	rejected	1790433619
0xda4fff59fb156af7ac275226e236e725d5787777	rejected	1790650665
0xda5264fcaf84bda29aae28373b1e3cfa1ab87777	rejected	1790650346
0xda54f082447aefdcec986f39c3a6854a26317777	rejected	1790650394
0xda573583f963384372e6ade9693f4f2e01db7777	rejected	1790433676
0xda5fd114d83ad81d1ec372c7d4527e77fab57777	rejected	1790649997
0xda60430454c642ef4a3f67fd1b05afdb083e7777	rejected	1790668128
0xda6151b83ecefbdbfe7b9f1d2833e076bbcc7777	rejected	1790650317
0xda719ec15b709e6535d15d79457f306300217777	rejected	1790434074
0xda72382161c9ea8ebaf1df65476c0d1936ce7777	rejected	1790650831
0xda79cc8d13baafa1069b136517062bed2f597777	rejected	1790668023
0xda7ac59ce89ec76f9f07b61da8c3a7e621e37777	rejected	1790649949
0xda82753755e0b588df175409aa0567210af57777	rejected	1790432960
0xda98c54b7ea9327fa5b8e81ea7f5cc8f9ce87777	rejected	1790432704
0xda9a6736c1c67457902da871f2a377c16d2e7777	rejected	1790434834
0xdaa36d6a97bf1a26efc3dc3d76b3900f16d17777	rejected	1790649872
0xdaad419d13ed78cd758cc4ad1204499e739c7777	rejected	1790668029
0xdab2871d6e361aa7055ebbe20bb40f7da39e7777	rejected	1790650775
0xdab3ef1549d2e0f2884785c7505f4a81470e7777	rejected	1790650408
0xdabaae5d49b519281e1c2b0d0c0042bffa467777	rejected	1790650118
0xdac539fafeda09f0832fcf0fb70eac057c9fc5ea	rejected	1790650475
0xdacf0b9edc8218fc896097e0055879a83a7f7777	rejected	1790650359
0xdad30005f5a7b752bfbd82bdbe8435492a2e7777	rejected	1790431414
0xdad398f7410126c0da1fd5ee1330be16f9587777	rejected	1790431659
0xdad532552f07880405405bc6522d2e4d7afa7777	rejected	1790649964
0xdad62c222ea61f3f11a99a44c34d3f9f40a77777	rejected	1790434974
0xdad73bafa9ddc26337b01bbb40c6a80f34227777	rejected	1790650376
0xdad75a2b8920b46b5b1dc4750df62ee34de27777	rejected	1790650396
0xdaec1e0a266140bfeb9c91f4c34e2fafe6207777	rejected	1790650010
0xdaf95666f2f5f73bfd13764c43a5cd5caa0b7777	rejected	1790667728
0xdafb9b52ddd4fd89cadfc615068ea0a3953b7777	rejected	1790433837
0xdb00dc4fe5c1cb2a987292faa8e46025d9367777	rejected	1790650339
0xdb027432854b5d1461b0263e8591002b52e37777	rejected	1790433702
0xdb09d0f73871cc506d4573836fe000e908307777	rejected	1790434026
0xdb0c046bd06f55be56d9d0f9de2204a6bffe7777	rejected	1790433453
0xdb0ed3b5f572f3e7d41d707ac4066a1392397777	rejected	1790649797
0xdb12470972bfa57c1d2e479973abb48ed7e67777	rejected	1790433694
0xdb230ff9a8b30f877a30038f44c093f7107cffff	rejected	1790651065
0xdb2ef726a70fbe337f187bf73e7a6f4315cf7777	rejected	1790650285
0xdb34b24d1257b210d32863348a35fdc46d477777	rejected	1790434821
0xdb482fcf53d0646013527d7c2a47b0ab11457777	rejected	1790432723
0xdb4e35c84fd6e99ae620bfc64627ec81131e7777	rejected	1790668167
0xdb4e51323a67dc7d71b99cd52ab5ab0708bf7777	rejected	1790650401
0xdb54e4c8e898442d81f7a417b9317b7682d57777	rejected	1790650841
0xdb64ee948fb2fe0872f45219fd59781035d87777	rejected	1790668033
0xdb66d5b994aa655962dc7e896bd0fb035bde7777	rejected	1790667895
0xdb6bb5e5deec871ed2389c778d41ed1f55777777	rejected	1790432706
0xdb6de477236d6f2c6755de95707b1645b30b7777	rejected	1790434031
0xdb6e1def1aaeaa254d30fde219b116ea7b097777	rejected	1790649739
0xdb767d8da4c7f2c0db4480e65ac6aea686c37777	rejected	1790434001
0xdb79d6cf88cfef86ef4895eb455cd0b2996a7777	rejected	1790433855
0xdb82377d6deaee850ad5295aa553ae63efa07777	rejected	1790667941
0xdb8383abcba0c53e4caaa66518f7195784c27777	rejected	1790433699
0xdb83e48c64f572975751b5bef71d13ac85de7777	rejected	1790433581
0xdb858bd5000f39f2cf96469738f750ddadba7777	rejected	1790433441
0xdb8fb139c76dcffdddecd489075ef9e7c9567777	rejected	1790433893
0xdb94d4f9d28eb83e2af02fea11fd9b63d80b7777	rejected	1790650739
0xdb96fae3f97274ecbb234a2ef141d9faa9e97777	rejected	1790650097
0xdb97a9e8aafa65510fe00f33aba4db75f81f9de4	rejected	1790431650
0xdb985084aa2dab4c89ca17fb471e5b6c16817777	rejected	1790650679
0xdba6dc467ad0995311ec591c66c3bcfd12187777	rejected	1790650356
0xdbaab8fc52abf659c7828c2f1c2cf5b8b9457777	rejected	1790667737
0xdbb1a595e68e5b7afbea95485abbec54809a7777	rejected	1790433626
0xdbbf9e2cf054ef29e909e56d3a9112c058f4cc74	rejected	1790434584
0xdbcab36d2dc31dfe750ff319714ff9a150fc7fd0	rejected	1790433475
0xdbcb687ba621a67be67feed600da0dca8f547777	rejected	1790667970
0xdbd048a3a9e96c9a7a172287b1d4bf73f7137777	rejected	1790650038
0xdbd276d06ae51966f1d7541a0e291b9445657777	rejected	1790433846
0xdbda09b6e70aebc3a49cb84a6b831ab3cfa37777	rejected	1790432710
0xdbdd6fb8333db7e19ff09b0131799041055b7777	rejected	1790431642
0xdbde500e029a19ba3ac311d066f49b621ba17777	rejected	1790433480
0xdbee62a7648cc3d31f530951e850d34a3c967777	rejected	1790433574
0xdbeec9f835f9c0ea0f6204c6d379a832c9a27777	rejected	1790650783
0xdbf09d91fc97b8c10a696047eb5a98fd06a67777	rejected	1790667725
0xdbfbebfe22f970aa8b8d951ad6bc90c5426a7777	rejected	1790650128
0xdc06a7406be2a14cd00228287e5e38ef96b67777	rejected	1790433582
0xdc18e9d96c527e5f56a89b5acfbd39228f8e7777	rejected	1790668047
0xdc2d7ea3b6f8b15db44034ec206cc111ec3a7777	rejected	1790649976
0xdc31d456c64137e3982af6983a61ade8bd227777	rejected	1790667909
0xdc3214a57c61dd58326ebdc72b12434899780823	rejected	1790650252
0xdc33a744abd825ef59795903bcf9d6a55e9c7777	rejected	1790433683
0xdc3a4bb79d176c44904d6ec06456b807ed007777	rejected	1790650547
0xdc3a65cd26a20b621285b491c6bdcec1f7d77777	rejected	1790650658
0xdc3f5e7a98f5cedeee330cf78dfb3ab5fa127777	rejected	1790650733
0xdc456ad462f6b0a446f884759a6f84cbc49c4411	rejected	1790649875
0xdc4d0779660266fb453a56b45ed3fb410efa7777	rejected	1790668122
0xdc52b64c419e72af281e7da8fdaeb79bc5d27777	rejected	1790667998
0xdc58286a9e54c4ac7f2de8a5ba7986f9517e7777	rejected	1790650060
0xdc5f01f223869b1845a7f75340c7971b105c7777	rejected	1790434976
0xdc639f8420a7efa92c1790e3e787c6481c067777	rejected	1790431393
0xdc63bc5442dc6c1d2cad12a59d68e76980877777	rejected	1790431598
0xdc6b43d2f3633c57d2c7fb4589d8e08469ad7777	rejected	1790431651
0xdc730f73012a71327db179f34a4f5621f3997777	rejected	1790431621
0xdc7a4b14b54f300d764421c410a796f4f9d47777	rejected	1790431430
0xdc7b064c08a8e2795f0dd19bba65d942e0547777	rejected	1790432842
0xdc7b397e6d7ce53cf5320f9b2a6c2586c1297777	rejected	1790433698
0xdc84096074269d8f304d476124101249d105b60d	rejected	1790434819
0xdc86333c5b496fe57ac7868f28db201c7b8e7777	rejected	1790432824
0xdc8e00aa2bb014c022fe92a81f54e34d65947777	rejected	1790433610
0xdc90be2c36ee4c329e371ee671aa72174ed27777	rejected	1790668150
0xdc90f7a711c0e76a873a7cedcdbd38350a9a7777	rejected	1790649830
0xdc9224e68e0c346b01b7e0026b52c84532b07777	rejected	1790667353
0xdc93e76d696598fe7f21307fb4cc98b8ff247777	rejected	1790650229
0xdc945e41b797217125523ab00bf38f945a4e7777	rejected	1790432509
0xdc9bb3eb8f7508a157465591012b3eb590c77777	rejected	1790433735
0xdc9f64536e5a44bcc6ca5ec3a41b01b58b2e7777	rejected	1790668076
0xdca5c4a4f182bb0a17391a69cf4ae3f63ea77777	rejected	1790650085
0xdca69ca2e3b69f01060ca8f5daac8416bedc7777	rejected	1790649948
0xdcafda751e555e1202e8aa7d5511d2d80cb57777	rejected	1790650029
0xdcb2536777bdc95bf8c55bd78ef2d44cfe757777	rejected	1790650368
0xdcc5be28b37392edd6860558d1e0ee5bf6c77777	rejected	1790434029
0xdcc6622105a14e97c4b3d9e58fa5c585e8a27777	rejected	1790650880
0xdcc831db3dbe8f33d68592a0e6a1cf943ca87777	rejected	1790434372
0xdcd2c25973530badac72c1fbfc9ea6ac9d3b7777	rejected	1790650086
0xdcdb13d0128948766133cf319aa28fca773e7777	rejected	1790431316
0xdce5c8adc7ad6e4b8904e544fb613ce95d447777	rejected	1790433870
0xdce5cb30296e1aee5343e4395336655177d27777	rejected	1790650155
0xdce735c95afb65821db7a47b174c3f33687d7777	rejected	1790651073
0xdcf6a18ee59a851e2a8083ac9b7ea8fadad47777	rejected	1790649971
0xdcf7f82a172860ef3abb466d1ae731542d2e7777	rejected	1790432726
0xdd0d02b9c6715264954e886923ee520d60947777	rejected	1790649782
0xdd0d1c542542691d7bf9cf3fc428eaddb2317777	rejected	1790432677
0xdd0fbaadf8cf45be3fe3c56f9c6f38c9f7877777	rejected	1790668134
0xdd10aafffad3acd807352a74e87177b66ddb7777	rejected	1790433627
0xdd11dd9133c3acbf357be8843497b617247322ea	rejected	1790650177
0xdd1a57a68da46399fef0cc243440db00415f7777	rejected	1790651090
0xdd21b69753586ae3e905adb3806b07d5edc27777	rejected	1790650715
0xdd24c1d8ef8958da8aaf44507d4c2c6a1f007777	rejected	1790650111
0xdd2a8d62ea479886f31a83cdb100776aed517777	rejected	1790432502
0xdd2d396e1b5dd1965be096e1cb2ddc77fcd97777	rejected	1790667611
0xdd2fee7fc438aea520e2678e9ddbebc5b7b63333	rejected	1790667751
0xdd3066b8776ed9377b404231362ab9ee66107777	rejected	1790667607
0xdd3659347f8e581fe1e1c62b272ef0209d437777	rejected	1790432501
0xdd3762e3ab2e3cc084556152051e2b4575497777	rejected	1790433661
0xdd407279d930483a45336eabbde37aae40f97777	rejected	1790431663
0xdd409b64543de9f012e95bf02f777e04c4617777	rejected	1790667869
0xdd49b7596b76c1e3d9c30681efdc1498992e7777	rejected	1790433740
0xdd53db1a5a9de5ab2a720b500b501c9bc9d17777	rejected	1790649831
0xdd607e51f25e6a7a59c57593c6bd98a2e7bd7777	rejected	1790434178
0xdd638079a07b55bfddfc651111fdddcc27d87777	rejected	1790667617
0xdd6436a45e34070e4ee87d130e68311e4198e5dd	rejected	1790650301
0xdd66beff1d3b09b0d031fbade6064d7acffb7777	rejected	1790667731
0xdd6eebaf5a5b43682172f65bda0419cc78417777	rejected	1790667948
0xdd6f55dccf020ca08c6d3f4b4d39d4b437c57777	rejected	1790667952
0xdd774cdfbce3bcaefa5b7602e1d54cdeeac47777	rejected	1790667360
0xdd7e9f6e265ea358e769511ca2e6a9bcce9e7777	rejected	1790650468
0xdd814bb1c9df4942e93a8773c0b20bf269a37777	rejected	1790650790
0xdd8450192e8870c75600e58c6fd0805cf42b7777	rejected	1790650080
0xdd9abb6700ff360132f780817710fca9a0fd7777	rejected	1790434371
0xddaabc883d1fb3be1c20d3861410c61751267777	rejected	1790431615
0xddaabe36954f9aeb3fa105ccc7cfeb27701f7777	rejected	1790649806
0xddab7053cc7738af14093cc4ca8fad02f87e7777	rejected	1790650761
0xddb4c1ad32a29135e73997571e6a447335ed7777	rejected	1790434993
0xddbdd2ce51fe8345161fd17e3b5f461d38a27777	rejected	1790433687
0xddbeef7f865cf3725e6d2d93fdd5300f0f477777	rejected	1790432691
0xddbf3036f1d6a7c2386b314a9f0ea3b2995a7777	rejected	1790649967
0xddc7e6da92267b1372ea6fa9a0afba80cb5b7777	rejected	1790650790
0xddcaa9813e6b22f039017a8985e0c71afb6c7777	rejected	1790650294
0xddccaaade4e61ca240f3191f851d6a551e447777	rejected	1790650431
0xddce926f8706dcd56c759a27064f76c1214f7777	rejected	1790431630
0xddcef65ee66b9faaa455563be5bf04ced7fc7777	rejected	1790650124
0xddcf687b8b22bf0d65d6caaa97e04ea1197d7777	rejected	1790668326
0xddd797e2142bbd2199c9d1c03f75a746075f7777	rejected	1790650166
0xdddcf6d192c1744a99c41e7a419849b52e29ffff	rejected	1790432744
0xdde2369808b7de97f727c66384128d73f47f7777	rejected	1790650230
0xddf02dc3099558f5a2fa2fa7bf089940699b7777	rejected	1790668059
0xddf89d26506b23f6b029c2578f6d69e547127777	rejected	1790650338
0xde0f1fea20bb513fc4ef1c0c8d243e794a8f7777	rejected	1790649781
0xde17ecdebe41a80253ac001e7955ce6d77bb7777	rejected	1790434349
0xde18c22239361abe45a286d2205be4bd4baf7777	rejected	1790650487
0xde27f10b921e12a57f3451ee24af69dad8a17777	rejected	1790650213
0xde2be330c021408b2970c3fd2a1941f9e3e07777	rejected	1790650185
0xde2edcf1d6db0cda7a3533da8d11fa6d792d7777	rejected	1790433883
0xde33be092c91cd0744b0513030f7f9c55c177777	rejected	1790649774
0xde352cb981d2ab40bc4eeb09917950aa38d5ffff	rejected	1790433551
0xde3dcc1164ea7c75e9a4375d3beafc9be5ba7777	rejected	1790667928
0xde4091b6565102b863d5410454a71ca888af7777	rejected	1790433609
0xde4897a6aaf2c8245b3bbbf13802546b6a3f0543	rejected	1790650048
0xde4898ea0e84e89431b7ea60a1425da332627777	rejected	1790668085
0xde673878e6d724fefe4f4e310c70bf16444dc999	rejected	1790434840
0xde6d0b5696bb81a8b99010f312c81a97a7477777	rejected	1790434580
0xde76add1c4c96d9432146446cb66ed7c6fc17777	rejected	1790650031
0xde790226ae7e1b314d1589950382f3656809ffff	rejected	1790434973
0xde7a04d65115a50d21bb82c494c2e0ebeb4b7777	rejected	1790650009
0xde83e965686ee815a1f802f1213967ec3cc37777	rejected	1790434327
0xde888862ad608511b2ab842ba1b2fd4027ef7777	rejected	1790433589
0xde9b880ae3a6e68cd3a7f9cdce0a0ce4b1717777	rejected	1790667974
0xde9ec563da1cac74e7b7307f8d6cfd06663b7777	rejected	1790668004
0xdeb9be1d46bce886440c9b34302cdbb1c1f77777	rejected	1790668128
0xdebba2aeab34f580fc4489907a545f1e95957777	rejected	1790667722
0xdecd58df2844b11af142ad992aafebce63877777	rejected	1790434506
0xdecdbbc75a3442aa6cad39c86e39191d270c7777	rejected	1790668245
0xdecf6d7ff1d7452e6ce995fc0069bb89f4757777	rejected	1790433588
0xded01ca20a51ca4d4ae5c2e12dbb2589b0ba7777	rejected	1790650186
0xded3a90909a9fa8677a33248e26f9a9da8da7777	rejected	1790650912
0xded4853bbbe63fe9301d7f9d9bb8fb8edd877777	rejected	1790667609
0xded50055df89c2d321fa4842ff447a59f4747777	rejected	1790649648
0xdee1f497fbfdb6c72ac6d18db47d395993977777	rejected	1790433749
0xdee55d4219d61968bbf93fc01325d734d2577777	rejected	1790433737
0xdee8081ea9a17f2db5ed0e79459b0f7578e07777	rejected	1790668034
0xdeea573fbe7bcad1d4fb611a499e03f7abb67777	rejected	1790650075
0xdeedb15b36ce859a85e9fcd857cc2508b6fb7777	rejected	1790649752
0xdeeeeab87dea0a1194f31dad78878a7f03af7777	rejected	1790650390
0xdef5bddb1c1bfa71a515d53c868679ab93237777	rejected	1790431592
0xdef8e5c2b35813b8822d529ebb69b97c950e7777	rejected	1790432487
0xdefc265e41d21b5af9aceff1e1af13da5e737777	rejected	1790433625
0xdf002282c1474c9592780618adda7eaa99998abd	rejected	1790433553
0xdf058f8f61dfc37bc44500823cf52464d0ff7777	rejected	1790667769
0xdf16c4a7c6f4074852171c61426817723cfb7777	rejected	1790650463
0xdf1d6481e64401fb2fd6fa2d5937f57280f57777	rejected	1790650804
0xdf2525cc1dbe40dca8ddaac73d777d1b4d117777	rejected	1790431620
0xdf261564831a952531a02d28f39e858a147f7777	rejected	1790650464
0xdf2a5a5b340cc552bf9ef5c7c097b1e3374a7777	rejected	1790650878
0xdf2c3dd78d76863a32a2f209ffb3ed4286db7777	rejected	1790650548
0xdf2ded184d47d73dbdffbf346b4b113dba657777	rejected	1790432735
0xdf3101abe38e02f774db8580b70e2929bff57777	rejected	1790431316
0xdf3c7c177d32814bfe5743497d26e4a150507777	rejected	1790650559
0xdf41743c607ea8316500b5c9d5d37db596d57777	rejected	1790431677
0xdf432cbc03ae49a217a99c92d75381b335c27777	rejected	1790431402
0xdf5183802c04a58bfaab538dae5fc2fd7b147777	rejected	1790667856
0xdf62bc1a209809a373617b303b6345d6d9e57777	rejected	1790650739
0xdf683c6f089505b13d893ddde9f14a61000a7777	rejected	1790668066
0xdf6b83bf4e500511886e1076edd4ede37e707777	rejected	1790432714
0xdf6da7c8f3a400ceefb23a5016a4ea332f807777	rejected	1790432981
0xdf739c93a46fd0bf04cd452a43dbf84e19877777	rejected	1790667899
0xdf8beff30d626bd2080df2669c797cdbc3017777	rejected	1790668081
0xdf8bf709ad0b1d465126a5cea555742bf8f17777	rejected	1790434007
0xdf9a8051eb4ee08765a11ba0fae4f1bffb6e7777	rejected	1790650071
0xdf9bf776b1368324f84e296af485bb85326e7777	rejected	1790650333
0xdfa3030391b89da0b4bb2f12443beb5b54337777	rejected	1790650286
0xdfa64c8b3dd11e000079926cefdceb8194417777	rejected	1790651042
0xdfa9e1acc5abf2283fc0f8050c513d8f8684b10b	rejected	1790650857
0xdfaeacf07e43431ff5074e23ced24e4727557777	rejected	1790668133
0xdfb0b62fde82c5c6b1c5a6cff52a251a0e797777	rejected	1790433546
0xdfb14ec94b05dc686e038aec94560d61183c7777	rejected	1790433661
0xdfbaca0ea6d171ee83c37bfc40d63a1915cc7777	rejected	1790650467
0xdfc54dbf3a3b6534563e894384db11f957607777	rejected	1790433606
0xdfd371e9df2ad7c0de3d1eb1bb18486c97c87777	rejected	1790433691
0xdfddf536fd206c0a48c60bb26f19d903e6dd7777	rejected	1790668107
0xdfe1542c2a4e515ad2d9cefb729ecdd4150a7777	rejected	1790650541
0xdff49142e54f2d672ec3606546617c3ec84f7777	rejected	1790668046
0xdff6cd2e993c95198cfdd282641b17656d4e7777	rejected	1790432973
0xdffe457307edb417e49c4541e69ab5ed56ed7777	rejected	1790432511
0xe000022360ec5429fd87314e12dfd23a30737777	rejected	1790651049
0xe008da50e88a0ca3c99ad9c8398c712a2f557777	rejected	1790649867
0xe0267ece37de2fd38c8e65a2441d2893b32a7777	rejected	1790667514
0xe02d1ab3b3e35dfc7ded67d83d8d7ab0ac467777	rejected	1790433443
0xe0316285b7b9e0a6e6ad26453843b6bc5ebd7777	rejected	1790432745
0xe038c49106d8b7c5f6cf7e974ebd52dc74ad7777	rejected	1790433737
0xe041174c617d4b1891ff15737c3fb828052d7777	rejected	1790650184
0xe043ff8d9b8d0e37e26102a94db9aa8b8fb47777	rejected	1790667948
0xe044e8e6a04534591d2d1533cc6a4c51a3b97777	rejected	1790651104
0xe0481fffe27d794e886e446e4358fa38bda47777	rejected	1790649956
0xe07a2611a6ef642ab3ade0c44580eb09b2e77777	rejected	1790651040
0xe07c52c369740b72ee7c2842a0a295c5bdf17777	rejected	1790667706
0xe07e26ededfc957c23a31626b78fe733ee407777	rejected	1790432715
0xe080180c93eb2db0c8da314c6a3ce2a8811c7777	rejected	1790667881
0xe0806ca359ca88097dc27cff13310faa19eb7777	rejected	1790650083
0xe095606cec198709151612fa2f28c14d15eb7777	rejected	1790431619
0xe09d4941a5e1424b85721e32241b7db224f87777	rejected	1790433641
0xe09e05200e6850f850e5b06ba33ada9810717777	rejected	1790433643
0xe09f4b81dbd939210c34f468c16a04571d107777	rejected	1790433845
0xe0a84a071ce48e9eced6d0d42277f2be9fef7777	rejected	1790667943
0xe0ab66985c8d18fba4cbc080024341750e997777	rejected	1790434475
0xe0af6106eded805fa9fdf447fd8de88723e67777	rejected	1790433480
0xe0b570e7f550077f41dd3e292eaf13f7a9357777	rejected	1790667734
0xe0be643b2e342c9d1230d1f71fa3da22adc87777	rejected	1790650651
0xe0c05ef23a9d9be8a942cc4b5a2ed447d90b7777	rejected	1790431642
0xe0ca85e9d2530348dc8526ac5724ff78aed77777	rejected	1790650269
0xe0cbb7ffc0883810569d84d78f02bbcb747cfe43	rejected	1790434316
0xe0d54b1d343d9d602a6680852e52a3568fd07777	rejected	1790431616
0xe0d5bc6d9319a66b8f6e1ae4c9c0f49bdf527777	rejected	1790667924
0xe0de9a1cbbfa9b9e05f89dbb44ee11f351d27777	rejected	1790650511
0xe0e29406155cdeafceb70b5cecdf8b19bfa87777	rejected	1790650546
0xe0ee19b9b7030c120015794fced32e592fd27777	rejected	1790650784
0xe0ee2e2c1922cedf36a0ba45d91b87c8cba47777	rejected	1790650798
0xe0efe426c963a9197dedce94ab44c3e794f17777	rejected	1790433714
0xe0fa1ea539029ea499f6db688feb517748e27777	rejected	1790668131
0xe10144a4a8e1a6caddb711b7ff251628113d7777	rejected	1790650298
0xe102528d1e23aca55fa1970fad189392a8997777	rejected	1790433692
0xe1099586fb164f82a44e328256363b1509607777	rejected	1790649920
0xe10ce5ea92ffa808045bca974f7af1c0c2cb7777	rejected	1790650575
0xe1131b9e78107eeac008896edfea2a60025e7777	rejected	1790668115
0xe121e0f775f803efa47a63f950782ccf9dea7777	rejected	1790650915
0xe127710210cecbe5f0db76e8f3df435b0a6e7777	rejected	1790650467
0xe1376a8f4702c77975f06c3ce1fcf7d04dae7777	rejected	1790650567
0xe139171378a16cc74d510f84fee8f2a2927c7777	rejected	1790651865
0xe13b39f86115d519c6fe55eb043c1f2dc3267777	rejected	1790433676
0xe13bfc59f7f7477ad99a15a56e8538928a427777	rejected	1790432421
0xe13df1264bcab3240f0e416eb4fd6dd06aab7777	rejected	1790667858
0xe13ebb823f9f5cd03463ec174d28316a7c917777	rejected	1790433605
0xe1429a43b5ce9e5efd8f79ac6fffe93079177777	rejected	1790668349
0xe143074cb59ebf10129449948f81c8f078f87777	rejected	1790667961
0xe14625a2b027e1c3f94044f1a2577b0054957777	rejected	1790434370
0xe148d6cd4de94f3081425c26e74819f2d7567777	rejected	1790651016
0xe14a110008bf31ba614a47c473f8ce61f64e7777	rejected	1790433466
0xe153468c9ff7c89f2118d70a4c59f96aff6c7777	rejected	1790433524
0xe158cddea4a4c0c839d27f65cb6642ac38db7777	rejected	1790668110
0xe15ff9172651e475e94982b1fda8b38f8ac27777	rejected	1790649947
0xe16347308d85dad4ca93bd27d0f7e01d4c1a7777	rejected	1790433830
0xe166e93dc4c4f32c48bf218cdd8a26f2bede7777	rejected	1790668349
0xe1697aa9f0139a07a43bd3c113f4859bf59c7777	rejected	1790667600
0xe16c36618c96b9286e5ef2151ad7b9c4b4887777	rejected	1790433530
0xe16ef5550158e2b194e0ca2f74c22cf2b58a7777	rejected	1790432683
0xe170198301fd0e6b9d0a275b40e217b2b2f27777	rejected	1790650657
0xe17275bda40e1baa6a391949ee545f214ed97777	rejected	1790650848
0xe174554a4cf6548487f7be8557f9049a99677777	rejected	1790650239
0xe17d9c58e68e02dc8a9f2a873e83ce9a12427777	rejected	1790667521
0xe18102869d32181aea317a40c5c4ce90ca591913	rejected	1790434619
0xe184126103795ad4b410011498ddc76f45167777	rejected	1790650838
0xe18b5dfebc87c65f26b9995946e0380583937777	rejected	1790668350
0xe18ec5bcc83277ca65507f8f04d3badd834f7777	rejected	1790650869
0xe19a89fc8030d346c0f7f1855f3ed08218af7777	rejected	1790431654
0xe1a28f0a5b755894b633c8b1834e415a86f47777	rejected	1790432978
0xe1a34d926a68e7ea18d32e3c932e084db4237777	rejected	1790434389
0xe1a665d9f3dac76eae2858d4c53c1dbcba257777	rejected	1790650046
0xe1a95e9ba629c1d1a988edf1bc37bdcf0f8c7777	rejected	1790650233
0xe1aa8a064822eeafdec703b01706f20ffd527777	rejected	1790433523
0xe1acdf9f6ba015ceb60c3a9f15a1f7b6c7617777	rejected	1790431594
0xe1b6bd69347a759eceb15f11a1250f46baef4f39	rejected	1790431410
0xe1bc4812dabd9b99fe093bb814085f8f550c7777	rejected	1790651184
0xe1cdfca23a07774436329f541fb86231c5947777	rejected	1790649985
0xe1cf7bdb63a30a622a4bbe64b77bb0609b057777	rejected	1790667928
0xe1d04fcdb9c3b5343fd08f58ba097913069a7777	rejected	1790668335
0xe1daf667fe1046367ccd28a95d5435f8b8407777	rejected	1790433740
0xe1e7c448dd1e37b6dd7276925a89fab319376237	rejected	1790433669
0xe1e86a0549fbee5227787e0c864580c480d77777	rejected	1790432489
0xe1ea25acd65b91a80c459e99ed5c726575c67777	rejected	1790650422
0xe1f0e51928e3674f8ca1d33343e4758e91127777	rejected	1790667716
0xe1fbd4c51bb34aa0d6257aa8584d0f3b814f7777	rejected	1790434219
0xe1fee3747f9a337bec1f82fb3c886e6a5f7b7777	rejected	1790432673
0xe21341e8b8cabe078b4d917cfc49b9940baf7777	rejected	1790433722
0xe2154cbf602f853ff57eee645df8c62955667777	rejected	1790649765
0xe22b2952394210f72f2ab1c39d3e96e50a6b7777	rejected	1790649868
0xe24ae2881ab68029e43af1a9ccee623595ff7777	rejected	1790432959
0xe24f17ae23b528ae7a86ad8b931bcb335a617777	rejected	1790668349
0xe251f76391a8cc01f5eed7fb42534773e3b67777	rejected	1790650931
0xe255de04c14c5e9895be089d949dd15f8fea7777	rejected	1790650675
0xe2588e226a7e9ecbe88b53f532675b7da11b7777	rejected	1790433464
0xe25c192b2781cb2cf7b56644e87bfe8629d87777	rejected	1790667998
0xe2605f4398b188fdd7c9a31572c1e44329b47777	rejected	1790650499
0xe26188e80ffa19e08148aa54a521fbf0e4a57777	rejected	1790650826
0xe26a492ced210bd84e11147e8aec84b23390f22e	rejected	1790649923
0xe274af5edcc762a8ceacf7758c4f382fbff17777	rejected	1790433582
0xe27729fd8f0441a5933bccbcbf0117d588357777	rejected	1790650202
0xe277b2762a4355bdb04da7b98833c8aa7dff8888	rejected	1790434616
0xe279b85d2e7e66c63022bc2b9341dbf531d17777	rejected	1790433861
0xe280d54c23406c7d70b976297caf4921398e7777	rejected	1790650534
0xe2827d1ca174b8fad5095632c84067df9ddf7777	rejected	1790667730
0xe28410fe1d2178bc6860fa1e4a83b145ff687777	rejected	1790433510
0xe285359867a0407bca84f55bbace1b87c7e07777	rejected	1790668059
0xe288a216c8af7c63af769a89c9621ed9f1147777	rejected	1790650754
0xe28cd11c99af2df76bb8ada4cd0ef3904378280f	rejected	1790434325
0xe28f299453c4cb8bedef0358b8a14fefaad27777	rejected	1790434602
0xe2913df2f464fd5695eadfb1113b2fa8da257777	rejected	1790668010
0xe291e08e946263034bc9ff622b99344a03a87777	rejected	1790431291
0xe2943610d74f5c1d7a543fe7ff04b40aaebd7777	rejected	1790431640
0xe29b03f539a22bba60b608c50c8e282e80c67777	rejected	1790650484
0xe2a21306dda22b4119f444a1fe94e3c186db7777	rejected	1790649811
0xe2b46ecddf0e2008c3558525dfb44a4744bd7777	rejected	1790434977
0xe2b5fb30737e66751223348cd52387cba6647777	rejected	1790649731
0xe2b642d0aa8baeb7e3f24697aea221e226c27777	rejected	1790668160
0xe2c03f2d992ae219af32edffbbaca383a1397777	rejected	1790668003
0xe2c80c9aafaf25ff9a9a62c3fc82df7c069e7777	rejected	1790650687
0xe2ccc72597958486f63efc7a0964c7d4e7177777	rejected	1790650302
0xe2ce47242816ab9760f8141190d667a6879a7777	rejected	1790650112
0xe2d573db8999c35e6257011279ad445fe5247777	rejected	1790433661
0xe2da24d00dd6badd57c192daf9eed144c33f7777	rejected	1790649869
0xe2db0000757af2a2202dcfe3a51b811a7d617777	rejected	1790433841
0xe2e539cb9ec5a570fa92ac34c9336a3fd0907777	rejected	1790650947
0xe2ec8a333b545c8183188d24534d14aabf727777	rejected	1790650047
0xe2f19a275c3587fc7f0a05490bccf9e59f487777	rejected	1790433649
0xe2f4cbabcc8209ff895da629e5c3b4cb87167777	rejected	1790431646
0xe2f5a33234af2631b61d6544e6c2fcd597da7777	rejected	1790433550
0xe2f83bcfae33a14c11ed7ee3b18d98f205897777	rejected	1790432173
0xe30401d680f20d559a593c89cdecacfb46557777	rejected	1790433879
0xe309f366f2856f519181c29cbe3bbfd8c5767777	rejected	1790650086
0xe30b96b0aaa815da97b95275636a514c17dc7777	rejected	1790433691
0xe30b996c43b10bc14aeb3402a493841f68297777	rejected	1790433513
0xe31643f5909c63654849391f46359d45b0207777	rejected	1790650370
0xe324d3f730b498a5b094577a51d413ba344a7777	rejected	1790433541
0xe325b5f800790fe51ae5833ad1cc3e7c5f2b7777	rejected	1790667905
0xe3271fac3523e941db309c2a7206479272847777	rejected	1790668129
0xe32afecb718c1230eb0300e057d1beb390a57777	rejected	1790649985
0xe33458118fba631fe1c6c3ab1e3b0dddcadf7777	rejected	1790432729
0xe343946ef50cebb39479b41c7e3e0d6fd3497777	rejected	1790434504
0xe35943646d0f81623ad3c6e8d35ed4a135be7777	rejected	1790432673
0xe35b28a232b29a06ed7536a5259eb78c9e667777	rejected	1790668017
0xe35f49c8125db47739a7c4215666199b01127777	rejected	1790433693
0xe3630b94b92029b3a93b0b5786e24c073e637777	rejected	1790667955
0xe364dd9c1f86ebd4e76f2a7bb34ff1935cdd7777	rejected	1790650124
0xe36909d37855c88fb80fa43f01635880e6757777	rejected	1790650539
0xe37ab14b884ea6d9857fe7f0a0fe7ea4b3887777	rejected	1790433462
0xe37ca9288f6bfd221fffac11656e1a05f7f37777	rejected	1790434822
0xe38e232fa0a2e2d09388f368c1fedfb07dc87777	rejected	1790432977
0xe390705e7eb034a713f4d8cbb9b9effe0a9e7777	rejected	1790667515
0xe3931d20e8a874135700a4d8c7cd97964d517777	rejected	1790651036
0xe3a4ae1d7565ba125583633ee76ab0897bdb7777	rejected	1790869675
0xe3a5da6095873ffcdf5ca4ea5124d4d44fbd7777	rejected	1790650819
0xe3b88c98828f2f6d197ba1ba4230cf2194817777	rejected	1790668137
0xe3bc6e2ec8e199a5784ccd3a6251df0a7eab7777	rejected	1790650362
0xe3be72de42deba561de439a1f458ac9837d6d273	rejected	1790432965
0xe3c0aa8ab263b4e6abee8c901ef49da6ae0c7777	rejected	1790434175
0xe3c5e506a5f9975f3a7425facf7610ab78477777	rejected	1790668105
0xe3c6e72d1d2e353a9e85be788cbec85f45547777	rejected	1790668332
0xe3cb1f47e67b609e8757d331b9fd1f4d6f567777	rejected	1790650434
0xe3cc32af7e0d4ff4a592396bb9f1c8dc1cd47777	rejected	1790649915
0xe3cc61428ffecb4f81715764a165bb79f8b17777	rejected	1790668328
0xe3d57665f8b74ff3fd4bab7b20118e6ff4f77777	rejected	1790650217
0xe3d82b3be2e4f87ae535ffb928ea3cd830dd7777	rejected	1790431512
0xe3d833096cacbd1c2cbd13fda9b4b6c41cc27777	rejected	1790649880
0xe3e49481838bf9fec0c1ecbbdb6141d01eb17777	rejected	1790668132
0xe3e9ee610df757fca97bede681657a93eac97777	rejected	1790432687
0xe3ea3ca5a9afaf04e0126da2163dab31dc6d7777	rejected	1790432944
0xe3ec58fa99bfb4d8b8797bf729838d3829727777	rejected	1790650260
0xe3ec5ff1ecea910faeb88e971ef40a41b8f07777	rejected	1790432677
0xe3efc43c46ba6579efff58dc509ab7498c377777	rejected	1790649761
0xe3effc6c9d09255b897c27018b408d9495207777	rejected	1790649984
0xe3fdf0609fbd8596ec80436d04a1eb8336ff7777	rejected	1790433619
0xe4053b8edcd1a5243196d8530182ec8760837777	rejected	1790649750
0xe407ce7fed26c9d47f8524799a74df40950e7777	rejected	1790432708
0xe40954e7decf2810aba2edd3f063938d7a087777	rejected	1790433451
0xe409b62e945d0132911361332526f2641a2e7777	rejected	1790650906
0xe4154c05fde00b13e738d68e89820b9559ec7777	rejected	1790650709
0xe416ab14fe17a73273a7c37c09ba39fe4e7f7777	rejected	1790432969
0xe41dc67c8cfbffb8e252ea14aa40f3395c827777	rejected	1790432740
0xe4221877b95c9bb77724344646156661ab237777	rejected	1790432864
0xe423fc77b98386c71530ededd10ea1c9323e7777	rejected	1790667878
0xe42878bf80881a5289879a65bda832a05dd17777	rejected	1790433570
0xe42b42f149940c1b32cc787110d62c1459aa7777	rejected	1790650940
0xe42df269f322b52543c1e60509d4e20881947777	rejected	1790668044
0xe4356080370a8f530966443d0040410fb26f7777	rejected	1790668037
0xe438213209413dd8ad395530b177b4ce955e7777	rejected	1790434397
0xe43e5a97d15ccf0b6f310045f068dce85a387777	rejected	1790668335
0xe4407a780821ef28ad69d78cc7bbf7eca9917777	rejected	1790432693
0xe440fe9fd43a17b2c77a603e93b9637c67707777	rejected	1790667967
0xe4470bf55e70658bc876e36de6f7533ad7927777	rejected	1790650095
0xe44782f305811282a0bff7914f080acf02f57777	rejected	1790649819
0xe454672c8cb778665e295ecc7d5a3e5da8f87777	rejected	1790433467
0xe457d2c6c118d3d2fcfdc615c91c8c8121d07777	rejected	1790650079
0xe458cc085bfa3cb8305bb52450452892c8c87777	rejected	1790650038
0xe45e9a6af70608e4f339de2c16e4d608adee7777	rejected	1790668048
0xe461fb44f646224ca2a984c337dd890e7e407777	rejected	1790433670
0xe46d09d5c7771b5dcf277a38fdf86dd5f2df7777	rejected	1790650241
0xe4742daf4d4dce03f8f23b50a36f1b9958c67777	rejected	1790650163
0xe47c1142de5ace1649fdc1349cf92d82c64b4b2d	rejected	1790668343
0xe480b779e32c252b9b70efdba49097fe97157777	rejected	1790650181
0xe48d52ffe22de3075858b3d46ebb3f75058d8888	rejected	1790649834
0xe48ea147af6937375ce96fd2a3e6cac8724b7777	rejected	1790650399
0xe49372a28b8c590b4aaaa4aabbace9d3c17c7777	rejected	1790433485
0xe493fb6e105cfc3b9419dd3d24c8860a387e89c9	rejected	1790432966
0xe497a61d78c2ae09965bbddd3855baae7aa97777	rejected	1790434341
0xe49fe48b89489d13af36b3a926be9ba459237777	rejected	1790667700
0xe4b1b3d7880ac8dc739315db4d944a7e75267777	rejected	1790433584
0xe4bf985f7260a5b5ac72b00e3208e832d8ed7777	rejected	1790650815
0xe4c1f72db4ed3a37a08a7b38b81af5d5bda07777	rejected	1790650674
0xe4ca57c350cbed8b7d848011bea6e04543e47777	rejected	1790668144
0xe4dbe4c28556ec6a1adecf19af387d7da6b27777	rejected	1790434507
0xe4e526c2e96b630ff3016f985d8bdd5c2f597777	rejected	1790650007
0xe4e84569ee40881c0c1bf42149b1dd6a626d7777	rejected	1790434145
0xe4ea18c14f0b69cdf4b994348bf932fa4d077777	rejected	1790650655
0xe4eb159e568ec18e565195de753410559e8d7777	rejected	1790434402
0xe4eb8815519dcb2d52b7ca95b1aeab6d7ed97777	rejected	1790668171
0xe4ef672d81a67cdcad90ffe23964ba277ea77777	rejected	1790650675
0xe4f1a66edd7daf49671ae285663a8c9414fc7777	rejected	1790649722
0xe4f7e874d4e881e411f2f3c7ee4ee16b02547777	rejected	1790668068
0xe4ff1f8a30c77ace78adfbde1db5a20885b17777	rejected	1790434807
0xe4ff9feb4d80367807df2eb4d622d6d390867777	rejected	1790432854
0xe50359f055ebf18bb434f39e3432f7f2b8437777	rejected	1790650249
0xe507f31e5ed85e21cb7d9522e36ead9a940d7777	rejected	1790650908
0xe5082f1da7c2ded4e65f58c22eba2912639f7777	rejected	1790649943
0xe515c8c64239b7616b79ea7ffae07b8a17d97777	rejected	1790434722
0xe5166cb3dd8ef93663d569c7f3f4d6d0a7e17777	rejected	1790433631
0xe516f9088e3c0983b52543cc8c61c4e2475abe58	rejected	1790434598
0xe517a61ed0fdc1f7b4224a6ec3a6c0d5cbea7777	rejected	1790432493
0xe51b82f4fbf027266b00b6a242d7c6b154b87777	rejected	1790432705
0xe522576255001845b271d97f349619c13b797777	rejected	1790650588
0xe527ada42afd6b64e94b30eae4fae0b9194d7777	rejected	1790432691
0xe52b47a0a82f117367348768f9b91d0b1b417777	rejected	1790650450
0xe52cd0c211bdc48abe5c897604406190918b7777	rejected	1790433933
0xe535818387417829cdb8227610b57e6137e17777	rejected	1790668157
0xe53708b603ee4a14454697576ffb85f123707777	rejected	1790668162
0xe53a2ee8bd4a834939d50cb4e7fccfff22357777	rejected	1790650540
0xe54492c2ab4a2b85a6b7be1c154c9b18d6097777	rejected	1790650810
0xe54ab3496914200b17d446b0f907bc9d02547777	rejected	1790649977
0xe54c4a0cf1576a8015649497cc772616bb587777	rejected	1790668334
0xe5519299b6918d12548929a6aaa94e189e8e7777	rejected	1790650479
0xe5626ce6d5d03274333e920ea162480520d67777	rejected	1790649875
0xe564a06ee5f71494631b7ddfe6545c42f7bc7777	rejected	1790668174
0xe56d0e2cdf5680763c9976b1b0b9147186ea7777	rejected	1790434344
0xe56d61faaea345ef8e1f8a3698665e10d9cb7777	rejected	1790434718
0xe5728edb96e9c118b548376426a6461e17cd7777	rejected	1790649772
0xe5794691fd32c2fdb02f878cdc38afd42d177777	rejected	1790433538
0xe57da468e3dd34925cc3cf2bf092e335cbc87777	rejected	1790649932
0xe59649a11725cf9e084ad982286ae04d583a7777	rejected	1790649912
0xe59e7f353c332c2e882d6c1b31a6f54eb0e27777	rejected	1790650405
0xe5a5249f571828ff87a2fb65e5a08da162217777	rejected	1790667890
0xe5a609bf1a68839733b6ccff93660718db9c7777	rejected	1790433458
0xe5a84aa0c2960253168ae2b7084c933ff2b57777	rejected	1790650389
0xe5ba42bc69e508f9d182340e29919c2851027777	rejected	1790650394
0xe5c4245a07f0f734c4a47444b09a601502947777	rejected	1790650467
0xe5ce216b73c5f358c5a226c00e401483cbd77777	rejected	1790668102
0xe5d3373d43170892ecabe17f73d4c257ed887777	rejected	1790668245
0xe5d44d95969c29b8e0536401056312946e3c7777	rejected	1790651072
0xe5df17879dbc1ba16bf254ddc61765d28dfe0d09	rejected	1790431408
0xe5e3ffa61111462e0bec9a60d446a62c103f7777	rejected	1790649836
0xe5e92364dcac0bb4d3afab3cb557cb01a31e7777	rejected	1790433461
0xe5e9f01f7ffe84fce3d4f5b770178f6dc9027777	rejected	1790650023
0xe5ecbeca74eb6cc85e8d6ff863ff7546ff337777	rejected	1790667875
0xe5f69232e5312dff8b3f0f82cf2bdfe80a517777	rejected	1790433895
0xe5f6dfda0fc7178a784ff43b0d599fb4b5327777	rejected	1790650486
0xe5f75d0e38a58b27d285c79c24ca0a617b8e7777	rejected	1790434390
0xe5fa214f42f765844cde4194f7c82d4058677777	rejected	1790667444
0xe60932aea0d2690dd7f1e898ff6db155c2327777	rejected	1790433695
0xe60e07c6510d259d6b1b42e747ea940d65947777	rejected	1790667726
0xe610b3d56bdf3619b830335c8913047e68de7777	rejected	1790649783
0xe6138f3f96278ab36024f120651c5d859255e013	rejected	1790650869
0xe6183d30e668c6afafc92a50b0eb627da5937777	rejected	1790667756
0xe61e6e535e2d8e7a18260815e7bab3818b637777	rejected	1790667951
0xe62024cfd18e7a1df6d489067a6cf15591827777	rejected	1790433531
0xe62b0ad504fa7b683c671e568dcc3f70f3d97777	rejected	1790650113
0xe62e724e5e237bc886e5f54bece0da9b6c097777	rejected	1790433278
0xe63330bc83dea309c3d0595f0acd7f6e59057777	rejected	1790650556
0xe634833f18a7ecbac9cc9df35a816e8df19f7777	rejected	1790650651
0xe6390024c2af35fe97e520676738705384597777	rejected	1790668102
0xe639bf1adc62d936aefa98ad2e3f11d12f507777	rejected	1790432871
0xe63cb4a6f64655c25418fc886cc763909b4b7777	rejected	1790431789
0xe644098cf6940cb10603484be214512c338ea730	rejected	1790667356
0xe64e029bd8ecb93f8d1dd95a10ec60f9d3497777	rejected	1790649923
0xe65b3bdc00190c7bc492e9050e03d04531927777	rejected	1790433742
0xe65e0f2f09640ed4aceb7c6a16bf082c5a0c7777	rejected	1790667937
0xe662939e514ebe75d79fa8e2c1a0afc5b1a57777	rejected	1790650148
0xe67c83e0398ed65b3d19b7c850f94fecf7bd7777	rejected	1790431596
0xe681fb9e3c9947593aefe7cb4f39dfc1be477777	rejected	1790434401
0xe685323b89611f83193d915c844d3ee2bbbd7777	rejected	1790668251
0xe685a3856a66a07cf94c7c96c39ca26228e57777	rejected	1790650356
0xe6876866419849ffea18f77ceb7ad1a6546c7777	rejected	1790432503
0xe68789fc1852d1836723a59c98b1dd1498d77777	rejected	1790668058
0xe6935f38242c858e3eed7f70898d34f67e1c986f	rejected	1790649801
0xe6951387e6f3d7c55c293c97d246050ad25a7777	rejected	1790434700
0xe6ae63ee2652ad3e350ba4026a042342d5cd7777	rejected	1790649852
0xe6b4958afbee6603cff729769049bd5df60f7777	rejected	1790433616
0xe6b714ed03b1f1f9fa5470be6032682674177777	rejected	1790650703
0xe6bf02c9444f8d90d41a1548f43aceac424d7777	rejected	1790650827
0xe6c0fd2dcdfc0335de890f0571973cafdbc67777	rejected	1790650282
0xe6c2b9a3eb88f3d2941c8f9ba016f85185957777	rejected	1790431411
0xe6c2cc29b2241a6256065f22c385c9132a4c7777	rejected	1790668038
0xe6d0af1d64da20adb5a6e1d86ee1999fb3bc7777	rejected	1790650308
0xe6d1ff4eaa7647e06b242ad46e16561d8fcc7777	rejected	1790668090
0xe6d5d7ccd605c3fab97e2d9e708f7efddc167777	rejected	1790650069
0xe6db2aad2235c32ed206c77c68ce4cbfd7a191b5	rejected	1790433198
0xe6e274b2d50ee13f3140b7aa84e21ce66c987777	rejected	1790668094
0xe6e5a80d63e15306955739feb940d53354477777	rejected	1790432968
0xe6e74e45a6c9f8f49e369e4a8574f6bf6e8a7777	rejected	1790650430
0xe6e7a0c1af21d013b25753f5e9bb17a6bf3c0162	rejected	1790433509
0xe6ee3ea25791c099ae72a3e90464c0e644607777	rejected	1790652123
0xe6ee9fd885d1cb6192896ea1647120c28bfa5f4f	rejected	1790649859
0xe6f28d52d243bcbd2455f498eac614a5c6a67777	rejected	1790667840
0xe6f7621111f1392891368a734e7e8cd949a87777	rejected	1790433721
0xe6ff6812b9853c191196f8b3a7ebfc62c8b17777	rejected	1790650067
0xe70503ebab84a427eeb69c381254d0d36c1a7777	rejected	1790650714
0xe7055098925ab7a6971001ec1936082448ed7777	rejected	1790650552
0xe709d52b2c4296be0731b35dbe86f31880187777	rejected	1790650826
0xe70cc1d62bf623a15e998c31a861be47b4d67777	rejected	1790431649
0xe70de982a42ec4e22f55faae7444ed0364047777	rejected	1790433548
0xe70fbab8f903265bbaf9d2e7d7360ee69f687777	rejected	1790649729
0xe7106749d6c63c7be0f61e798c499801c9507777	rejected	1790434708
0xe710c62787e8e5e1cab0f4ba08179768b3cb7777	rejected	1790649873
0xe71428026cc1b4e413173e6533ac73f188ec7777	rejected	1790668172
0xe7152490d985453c18a1b719cbc72c812bc27777	rejected	1790668137
0xe718ac156f25c390de9a726064b3a6a840c07777	rejected	1790649859
0xe720feb737eeedfe96a9042bad2d5cc76d577777	rejected	1790431669
0xe72afb012777a8d2d06ff3a4b41ec100d17637d4	rejected	1790434318
0xe72d49839a156c88f7236c0cfa35a2df952f7777	rejected	1790649982
0xe72d53f5bea0a217a1ff4635f9a296993b697777	rejected	1790432727
0xe73bffc9b15e0565ec97289d5511cfbc57717777	rejected	1790434340
0xe74120c025f2e783a94c1175f91508d0cb427777	rejected	1790433899
0xe747e54783ba3f77a8e5251a3cba19ebe9c0e197	rejected	1790434388
0xe7579886e2d49c6322dc1a47c31c3f207c587777	rejected	1790668160
0xe75f317628c08e6426b15a7b9783ec2d52347777	rejected	1790650052
0xe7634904606292c62d9880bd75ac368c63c67777	rejected	1790432692
0xe76df3eb4de32d436f1c3451bf263ad8dc717777	rejected	1790432689
0xe772f709df7afe85f8a0db311825d4ae17097777	rejected	1790650441
0xe775a0a053ba966fb34eef4537b2a9ca41927777	rejected	1790650487
0xe776c45d9d3a079c58385f272407f0456fab7777	rejected	1790650420
0xe782e8675bdb69ed86c6a333e16be86be15a7777	rejected	1790434690
0xe789a4e192b392981c34e781ac986dd9616e7777	rejected	1790433592
0xe79165554c0dbd2c117a6e6a43763d57b9b07777	rejected	1790667701
0xe796809a42853e51d528c229e2f1456b29107777	rejected	1790650417
0xe7981902fb19046b502587870f057c86585c7777	rejected	1790650489
0xe799612da37341513c623d2b5250c71e71967777	rejected	1790434325
0xe79d672745bbd11ec1db1e4a5074d6790cff7777	rejected	1790434019
0xe79e987449c6edf2dd6629abbc656009ddb67777	rejected	1790433846
0xe7a4468a2380db3a88f642929af3bbbe8a517777	rejected	1790650425
0xe7aad0eff427ea7ca90a1890c1b4abd2991e7777	rejected	1790668050
0xe7b2673769912600c19c2f44f96b428b09cf7777	rejected	1790650363
0xe7bf3f46282a91fdb2013bbdc81095435aa27777	rejected	1790650181
0xe7c7793d13dd5b4c60d40736eeb1159386d87777	rejected	1790433717
0xe7cb9c600fab8bb88f3b497d5deea72ee72b7777	rejected	1790650689
0xe7cd1ecec5c2ccf123a27165abb9d4f208ead0ca	rejected	1790433564
0xe7ea491acea9a6ce0a52476859a3ee6c67407777	rejected	1790650263
0xe7ef10b099b6cd58d597a214a1e79960088c7777	rejected	1790668016
0xe7f8ee176da6f0cfdb88652c0fdea87415187777	rejected	1790650448
0xe7f98283e5b71f95246f8566218e56d950df7777	rejected	1790433597
0xe7feb5c9fc644876c16242a82db52be374897777	rejected	1790649648
0xe800a8c655713d6753aeda616100192e7e1c7777	rejected	1790650842
0xe8065d36616b9803eb8a01b0142f1916743e7777	rejected	1790667946
0xe807105a5155926d3d4b91b6e3bbd8125a057777	rejected	1790432483
0xe809da921eabf95bd2d5e097049590c5c6ec7777	rejected	1790650233
0xe819cc670f8fc6480e655ea3df860df357727777	rejected	1790649883
0xe81a37039078c779735f4814bc3acab1780a7777	rejected	1790431522
0xe81cc3f6767dada36f0f99a920201ddb4bd57777	rejected	1790433362
0xe81e4366cc0f0368ef06590b710a6c60ea5f7777	rejected	1790434793
0xe827553b47662a356a829f8d05b0ab68ba617777	rejected	1790668038
0xe828e7c81b6f80894670dfcdb81d544e9d0e7777	rejected	1790433538
0xe82c2be2f3347c967b057a0be92b4255ce8b7777	rejected	1790650322
0xe82c8120d9a5c38cf0ad8a0a05c8ba11ba7c7777	rejected	1790433671
0xe832189a1394b7c6580bf63586b2209358037777	rejected	1790433615
0xe835cafc447793d7f5bf6194b55d205fd909d428	rejected	1790433603
0xe83688958d30201d477df7074d080642f33f7777	rejected	1790650756
0xe83a43eae3ab087626dba4033aced45a05b07777	rejected	1790668125
0xe83cb753a51e5e7253b9b58f3684c153ba9e7777	rejected	1790650650
0xe83f8b30702420f3aaf9ec2476d145f459897777	rejected	1790667901
0xe8410f3715381214c374f64a7c0115d4cc017777	rejected	1790432829
0xe842acaad9662fdd8ee8f09a621cb8f8e6787777	rejected	1790433684
0xe842e73e333d9f1de7982fdedb7e168dc3697777	rejected	1790650058
0xe84a1a978b3613f770dc5bcbc81f140dd5bc7777	rejected	1790668120
0xe862d419481fb0d747e36939c454ac78d13c7777	rejected	1790434476
0xe86f21c0d3b65a1a36ace5a49cc8f840a81c7777	rejected	1790650404
0xe873b3c17d7bde4a624b76e9ac8eb865a1e37777	rejected	1790431607
0xe87afb3076aeb0f9b14e368de8145ae6a2826a14	rejected	1790434337
0xe88b8a2e9f02acb9e85fce130e1528c6b7ad7777	rejected	1790650658
0xe88cb31b18864c5291ee8bb41de676565e217777	rejected	1790650124
0xe88db78adb6f6c01b30612836f890b3de0fa7777	rejected	1790434037
0xe88e02552a2f1722ce4019f049db219348547777	rejected	1790650188
0xe89571dd1ee2863f1f31464fc345725f9f767777	rejected	1790667901
0xe895c8b0f7998d8b0e75997f13b31d58fb0e7777	rejected	1790667767
0xe897ddaba402e65e21df69b62ab6a96fb3c37777	rejected	1790667860
0xe89da7dd2f00442b1a39c2a4826804821f5c7777	rejected	1790650493
0xe8a2c9d2d3e20e65f1f0cc702a7c857013497777	rejected	1790433592
0xe8a88b80cceae2b5f1d5e4a7885a11ea1d867777	rejected	1790667928
0xe8ae76f6a58adf5b8ad2e3c0b4cbdc6c286d7777	rejected	1790432689
0xe8af7881ce04f4219fa74ea46d42619e2b2f7777	rejected	1790433674
0xe8b3ca37466a33e42d25d881d19bea5b09a87777	rejected	1790650290
0xe8c8098475ab84460d2e73414c7551597f677777	rejected	1790431400
0xe8cd442e372d11b0a9bbd7a0f77e3ce42d477777	rejected	1790434023
0xe8cf6ac921881efe746cbff1304b6da3add17777	rejected	1790434789
0xe8d4fc4d62aee43da656ec1ab7ef46d3d5757777	rejected	1790432949
0xe8d85c78046e353a568bf4a5bf2733e673887777	rejected	1790434019
0xe8da9249acb7d345b9d482612eb87922592b7777	rejected	1790649732
0xe8db1eb559939f48f7fd95ebef624f51572c7777	rejected	1790649754
0xe8e4f54aa9fa436e420db3c58e20668a73ed7777	rejected	1790431623
0xe8e675af3164d802529f473609e48458c0177777	rejected	1790650737
0xe8e7caeccf041ec024a89ef2d3a06e5f38497777	rejected	1790433502
0xe9067770e7eeb02a020e05c0a86e3cb127c27777	rejected	1790649950
0xe91b4ed11ea8ae0c5f40112e953218b62d077777	rejected	1790650004
0xe91da728da7e756083a7853f08becfd0cf1c7777	rejected	1790650579
0xe92881aa8f1acf10251fa5cb9b11f8651d167777	rejected	1790650367
0xe929944be337842c10104fdc3d8cb94df5387777	rejected	1790649975
0xe92f7fe3eaf61df28b7b75f3faab199333c42302	rejected	1790434040
0xe93246e9cdf5d5d6a0325907b144b058688e7777	rejected	1790650015
0xe934a297862310b50138f8c9043051394ef57777	rejected	1790432695
0xe9363174aa388d43c75d0c7b49664835a2dd5999	rejected	1790434400
0xe93f0ca35f1e63800dddd364d19bf77ede5c7777	rejected	1790667592
0xe9465ce72817b010eb5b517d8f8d470a36597777	rejected	1790432608
0xe949804d0f3cada8b205ee53f21156b10e637777	rejected	1790651101
0xe94b4ced1f61980c1d4d690c346ea8bbca7a7777	rejected	1790649822
0xe94d459c365831c2529b0040a80ab8b5ae567777	rejected	1790667986
0xe9549431140f3f5c0f15b55f6b2dd8249aa67777	rejected	1790650304
0xe95a250f108582039fa421fa06df5fd74eb67777	rejected	1790650792
0xe95a2f919ec2ee9e943e00c2daa0e5ab09ac7777	rejected	1790650096
0xe961bffc6abd605ccbdbd094a244cd2ddd7f7777	rejected	1790650854
0xe964a27ea96ccc1df7a1d186b0ae61887dc97777	rejected	1790433918
0xe966e88e65f17312fc8fd2c10c5b683c24c87777	rejected	1790433606
0xe972da94617c729f40ac23a9c90dc75bd1277777	rejected	1790650519
0xe974d5dbfb484847d42a879c0c0d51c025d67777	rejected	1790650685
0xe983eeeb6c3ae3e6f41a31892ea0a0050d3c7777	rejected	1790433631
0xe992547523fd2d8f9625ee86f1cbb25347417777	rejected	1790650416
0xe99f39183800ac5193d67ae8dd04574f87dfa590	rejected	1790650020
0xe99f6f632de87b73b7177aa90b4f158f4ec17777	rejected	1790433656
0xe9a6d7a9981a0d377c136ca937041afbe57f7777	rejected	1790668081
0xe9ad48bc15cdb0f050d939599e17618749877777	rejected	1790668095
0xe9b86632c3bf5c0b1e8da87aa9b16423ae257777	rejected	1790649862
0xe9bc5c6a86caa44fd7b469bf3cc7c563e4f77777	rejected	1790434576
0xe9bc79ef0bd94f1fe2c10073f8e584a7d8347777	rejected	1790650879
0xe9beed41eedd3103627e5b0d7be31ffd65ff7777	rejected	1790667363
0xe9c00a6d66cf208eb3ef6154ea0a14547a977777	rejected	1790667966
0xe9c6614423b1dae4a4402256afcce21553a18888	rejected	1790651060
0xe9cdf41e5a430a86dd04aea26efbae0629bb7777	rejected	1790650171
0xe9ce377cc3a9ab616ca0e6eb2ac3803b58eb7777	rejected	1790433546
0xe9d0741ba9be89d7ca4af936048875d1d7207777	rejected	1790433672
0xe9d3d1ee2882ce0b8d63125cda695b2eb38e7777	rejected	1790649859
0xe9d56611a2ee2257164105f1bf40984e84257777	rejected	1790668329
0xe9d6a25c9438714893d74bbac3d50064e6ac7777	rejected	1790650255
0xe9d6ae11292ff4b9d7e90ec5def42d2d563d7777	rejected	1790667879
0xe9e34dd3980c3cdabe949fcd2f6056470a937777	rejected	1790649998
0xe9e6273c6bc18eaafe9956b5eaa27a3b31c17777	rejected	1790432823
0xe9e7cea3dedca5984780bafc599bd69add087d56	rejected	1790652131
0xe9e81cb1969f1d5c370a4811d71ce7b370247777	rejected	1790650287
0xe9f28ac8457204ba59c6f26b89b78ad724024c0c	rejected	1790650386
0xe9f5e4b1115ca043c624499fbf328d53596a7777	rejected	1790668163
0xe9fa10cf58100447fcc9701e8ccd218e6f687777	rejected	1790650450
0xe9fc3d7cb10bdc5bb515bc675059c426fdbf7777	rejected	1790650722
0xea08ff75866b6fae45683b17e2ad706de41e7777	rejected	1790668149
0xea095d0c51c951c3b3bfd93fae9d379fa3da7777	rejected	1790433520
0xea1458bd19b9423f0cb55e89654bf115c31f7777	rejected	1790433446
0xea16c4717159d95887f9099a95f6d4914a707777	rejected	1790649749
0xea1d0edc1ce887a83da5b2ddf0cf13e409437777	rejected	1790650335
0xea2821704170cf5c90c36a38c8dcdb4390047777	rejected	1790668254
0xea313ffb6ce3ee0a77b49b6754371db8374c7777	rejected	1790434509
0xea3507bd26c612e2e9ce2a09048ba3510e6d7777	rejected	1790650478
0xea39d12f3112681dfcfbb6515347f52301b67777	rejected	1790667878
0xea3facd003e426ab04c8e9288eca96555e0c7777	rejected	1790667758
0xea400411c25979916b2d4381a57d81390e9a7777	rejected	1790651047
0xea4811170c326d7627a638356d0cf13923217777	rejected	1790433710
0xea4d53b99e0a231124abab7eefa6dc30b2f17777	rejected	1790434819
0xea604a76fa8b3554894c9d5448755d6dbd8e7777	rejected	1790434397
0xea67753053f11f571206134e76d831d062017777	rejected	1790431657
0xea72c01ba4cd2aa3124a7e338da998536dca7777	rejected	1790650295
0xea83509b0f8761ba87614ad6f1f0612802e37777	rejected	1790668107
0xea83abd74c93e3c44560b38b55e03e007a227777	rejected	1790651043
0xea841eab9e9aca1d00697bd733729959274e7777	rejected	1790667770
0xea87201dc65504954f2d55a59eb7cb8041ba7777	rejected	1790667942
0xea872ffb2b4cda5edd4037b1601dda4bb71d7777	rejected	1790433866
0xea8c9d6b93b7508209c175bbc423a7e893837777	rejected	1790650312
0xea9798e190ed7bf220711b002e775b5b29187777	rejected	1790649964
0xea9e09da4961e02bec1d66a35f5fb4cb766e7777	rejected	1790650065
0xeaa7dbc48143c35104073063a30e29fc2f5c7777	rejected	1790433500
0xeab06287714673d3a7f76862d8bbc686a66a7777	rejected	1790433446
0xeab3e41469bafce1e78b98ebad6c99580db27777	rejected	1790650019
0xeab702666ccb63d0dfd0b12a8ab97c58f6067777	rejected	1790650157
0xeac80241c21bdd5b006f659d879608e421ea7777	rejected	1790649744
0xeacaf0e68ee6df23401a61bf795109aeb5537777	rejected	1790649922
0xeae4bcdb85564f3ca72b272cdc4ca165932a5396	rejected	1790668145
0xeae950469a676be925786a434d6c6f811a1e7777	rejected	1790649979
0xeaf0193cf1e68922004037470c317cee0f977777	rejected	1790434974
0xeaf111d2e93b4ed9e7cbc55343a780562fb87777	rejected	1790650869
0xeaf79aa693224b336e100c9c066e361416ac7777	rejected	1790649969
0xeaf83b28d07c57848997a7d45b3ba466143c7777	rejected	1790433432
0xeb0ccae17ac948bacf4c88c9f7e67e7b822a7777	rejected	1790649970
0xeb1da883d6e0bf1c6a3e65217c3d2bb710907777	rejected	1790649731
0xeb21fca71f06dd6077e63ed7f070cd7a98b57777	rejected	1790431642
0xeb2cb3899bb5b0526b37c1f4ae1643a0ce5b7777	rejected	1790667726
0xeb2e927784c2104e66244a72bf351018b9ab7777	rejected	1790667737
0xeb309d7ef9aebba49e29cc771f29a1cc254effff	rejected	1790432836
0xeb30d5465b953c5c849e0afb9c15aba0daf87777	rejected	1790433709
0xeb38afc4303d32dad3f33c0309cfab9301027777	rejected	1790433453
0xeb3934b015e6bbfe5fb4b14d6d87e5345ab47777	rejected	1790667844
0xeb46396dcb992d29bd76926fd6daa9b5fc6d7777	rejected	1790650346
0xeb559aef6e550251695f050503cb9023dfbf7c56	rejected	1790650088
0xeb59153a30d3abaf37f0bfe0667bb75e30627777	rejected	1790431631
0xeb5eda78bbb18ba322362e56e64b6349e5277777	rejected	1790650375
0xeb5fea4b2b00b28a0bfc549b21f4debeb29c7777	rejected	1790649878
0xeb6aac081a308cfc084e46ad59dfade58f757777	rejected	1790433581
0xeb712b2e2d0d7be5a0e626852734695331c47777	rejected	1790650491
0xeb76299f3658382e887d9b250c760fb3f1dc7777	rejected	1790434037
0xeb89c508049a96c62e30421956da62562e2d7777	rejected	1790650196
0xeb8b5873cc529e5ab6026f979b56a219976d7777	rejected	1790431420
0xeb8c64b1a2ce702896cf2b8e23a0fb7b9be97777	rejected	1790433487
0xeb91a62b2ec8f9c8af36f7532de54515d66b7777	rejected	1790668159
0xeb9496ffaa403f5b3ca78dd8f2e49f6efaa17777	rejected	1790432751
0xeb9e0b89fd3a8ac0437fd75aee4a44d538d07777	rejected	1790431628
0xeb9e5111219e378c39d1e9f878bd8ed837ff7777	rejected	1790668016
0xeba3d6ea0ac59b2ea62a8e2337583c1a9e907777	rejected	1790649755
0xeba8ca951073b49eb69e613c642e3f4517847777	rejected	1790650337
0xebaed2823f76229df693776794042c9dfea77777	rejected	1790432960
0xebb573abf65bb8a921b50674584584b6c3c27777	rejected	1790650293
0xebb5901cf7d99b813c9444e134b8aef6578266f8	rejected	1790431622
0xebb63620bab7512c0b687a963f0bdea5fc907777	rejected	1790431410
0xebbb85cc4e094f4aa1a5d2b7e2b1f459fa0d7777	rejected	1790667723
0xebc2e1c2090c2bb5e0c623582e2c628eb8ba7777	rejected	1790431594
0xebc8b18293d63172257f6000460c6f3f254c7777	rejected	1790433508
0xebce75bc13807afa73f7a054583b753c62be7777	rejected	1790649841
0xebd1b4aa6d0c99fdabd18896efab5db2d0827777	rejected	1790433601
0xebd1e82cb83dc6ea0e4598ae86d30babe9f97777	rejected	1790668141
0xebd503032d33ed75147d4855d3a1ea6c18197777	rejected	1790650111
0xebd94b46d335352222f2f496cbd6e46198b27777	rejected	1790667996
0xebdd10dc22bb903098f86d321481740c83787777	rejected	1790650216
0xebdda3b5d92951674bb89776f3163efbc18e7777	rejected	1790432829
0xebe7d416a7d0dc28e239a873163a139460087777	rejected	1790650335
0xebfe5e54d05be918d6d5d1e45cf1c4ec6b987777	rejected	1790650653
0xec01c935d33319871b2ff39b4f35919d34997777	rejected	1790650141
0xec028c01d149f94bc73dafc7531bc0084f6c7777	rejected	1790649935
0xec08e5a79aa323f438fb94a1c3199859e90c7777	rejected	1790650554
0xec0ac8091fca3bdc1a6e1ebcadcf573ec0777777	rejected	1790433635
0xec14f11487d2db37d04ec631521eb067a2607777	rejected	1790434487
0xec1823f4e4d89d165e631f8470cceaf944a47777	rejected	1790651046
0xec19888213fdfbdd430bd4baa23398314a9a7777	rejected	1790433843
0xec2a8490b214d1cde5068e59ccc531b8110b7777	rejected	1790434706
0xec2a9b25c11c93b98455346954f63d93e9837777	rejected	1790649748
0xec46528a7d20abee9db23af13e32c335dbf67777	rejected	1790650432
0xec46931990f59aab40c29b59388685d452177777	rejected	1790650680
0xec4861c01742eb7901476327121572e5ebeb7777	rejected	1790667699
0xec4c74744d87af01bb09ce21add3865426577777	rejected	1790650913
0xec60e27a4c1da75fac722fc4f50473f79ad6fc1b	rejected	1790433662
0xec62251bff4804a78989d4a1db0ad237d9b27777	rejected	1790650867
0xec648facc7db72a3a824952299c92ba29b837777	rejected	1790434346
0xec6961e4b02f54c49dba7d261166d022538c7777	rejected	1790433746
0xec6d5ea19e6951a4dbdddfaa13db78b1744c7777	rejected	1790668167
0xec6e920976bfcb049a7c2c3daf983f69788d7777	rejected	1790650430
0xec76d81c078906d113eed201395707f5d6577777	rejected	1790649926
0xec77bf5b7e4b417c0bb431efba48b823f9637777	rejected	1790649939
0xec7a7251a7f8afae5a5f48786a28d370dc417777	rejected	1790667875
0xec859bdbaf0949c8a277ab8a85d53b54f1637777	rejected	1790649952
0xec884f64c761ab1f8b87fa86f513bc721c7a7777	rejected	1790668076
0xec8918c640f545dbb0da7939483f5dbecdaa7777	rejected	1790650801
0xec976853185e70108fa4a6850c67163ef4817777	rejected	1790433720
0xec9b17c81d11eb0ef58f90a557c0ce8ff8c07777	rejected	1790650150
0xec9cdc101373429b0c1c6bd01ae5615176037777	rejected	1790667939
0xeca0b342084d3672d5948669ba493b7c65767777	rejected	1790434205
0xeca41281c24451168a37211f0bc2b8645af45092	rejected	1790434378
0xecac667c5a1dbeea208850f789e07e72d9e67777	rejected	1790650581
0xecaefb9d992246c3b7d4e48f42a7d7d559617777	rejected	1790432955
0xecb3797c5510e7e96ed44d121f81618e93827777	rejected	1790668065
0xecbd338de764128cbfaf08cdaea0e632a92b7777	rejected	1790650447
0xecc3e20d4cae22dad5dfef317ac5b61acb5f7777	rejected	1790650773
0xeccbb861c0dda7efd964010085488b69317e4444	rejected	1790434336
0xecd0cc30a117bb6842bc58c345e0607461947777	rejected	1790433576
0xecd320a73af9d794710653600e78128a2e497777	rejected	1790433703
0xecd3ec9a7ec14508734de615b61900a2e01f7777	rejected	1790649813
0xecd4de0b07a5c4e8af70d8366ba6e073fb657777	rejected	1790433666
0xecd7625dadfaa6fe5bb1d6ed5184edd5a3697777	rejected	1790650830
0xecd794149128e7344154d8993fc0186d57de7777	rejected	1790434833
0xecd8817f1f73a52721c0c5c68508173c5cb17777	rejected	1790432989
0xecd9858022d8455b2408854e5a4c5b227de87777	rejected	1790650273
0xecddd95e3dc4cefb9a9dfb6f29ccf39ee879f848	rejected	1790434789
0xecde930d2fb17832805266b30eadc2f9df4a7777	rejected	1790649652
0xece2fbde035291fabd22e26e496d256660ed7777	rejected	1790649941
0xece81a5f32b97c94f8e50041c9b2ed288cb57777	rejected	1790650018
0xece87cc562d65d9896a477e240d7cccfb2987777	rejected	1790434598
0xece8916fbbf994fd8f5e5d0d25a46051cdbc7777	rejected	1790667606
0xecef5da41dc07b883d209f2c6035905f338c7777	rejected	1790668149
0xecf5cacaf26ca35a6b3724e95bcc23b7791e7777	rejected	1790433732
0xecf6284adb459072466ccb7f903a90184c5e7777	rejected	1790650840
0xed005f71aa0ce1ec37f47fd9b1705a64ef397777	rejected	1790667720
0xed04998b6f8f980d9dfe7f152a45661b2d647777	rejected	1790434379
0xed08dcf347a0deb782814c3a54de10659c487777	rejected	1790650047
0xed1699722ffbbba0bca18ca7e722dc06e2907777	rejected	1790668005
0xed261a6f2b5ee2d29f45675f4e82afaf37b68945	rejected	1790650104
0xed2636fae0502dfb8f0bf9b12f6525ce8d167777	rejected	1790649725
0xed3266f4cf4ba161474f19001840c1ee66227777	rejected	1790433726
0xed332e773ca93dec3fbf193efbbd4780eeb37777	rejected	1790650155
0xed3610f8df8720f161910e065e4fb452ac057777	rejected	1790650289
0xed37b6eb0ba88b49585f39fa984528d5df437777	rejected	1790650720
0xed3ebd4b6c010c4ede1de1e9286f6f58670b7777	rejected	1790432832
0xed3f22fbab8442d7b77094ca974183ce39697777	rejected	1790650192
0xed40305f300a7c52c9e33ae317a1d1017fff7777	rejected	1790667962
0xed4045456c175c652b92674d690aa94bcf7b7777	rejected	1790433451
0xed417fab25950a381d553327fc3e30b71c697777	rejected	1790650337
0xed431f568c443a9a7097353c0a408a518f3c7777	rejected	1790431723
0xed447a6b19abd61ad3f5f9dfeaa17a790d237777	rejected	1790650784
0xed44ed83cb89d25e17decd769539e20789557777	rejected	1790650364
0xed52c45a03f0fb8c950bd3ddb530b8e90b627777	rejected	1790650754
0xed6857544f9c58cdcafa0a2e213aeb9945157777	rejected	1790650737
0xed6e9407e0faeb7e6f956ea37763082e17fb7777	rejected	1790649996
0xed78dd4f64536cbfe12ee942b4750465728e7777	rejected	1790650322
0xed83cfce9dc99fcb2e2a96516420b742e0167777	rejected	1790667887
0xed84564e6db3454ee60151aa1126606474d37777	rejected	1790650198
0xed84720cb7f257e46cf066ff776e191213257777	rejected	1790650352
0xed85b37bc144e61456e3b1780d2f3ad6e1a87777	rejected	1790650469
0xed888a4cd37ab9359aa95dd20931c20e7b48bc8c	rejected	1790650406
0xed8c6853b7d20d0ae46fdbcb27ee3bf7be46ffff	rejected	1790431421
0xed8e57ad6d6dd7a6b8426dcbf3cac62c09bd7777	rejected	1790649894
0xed8f7e16a3dbf44a1f47f6d5e027db6cecdd7777	rejected	1790434398
0xed909fbf64eda74091693f3ffeebc9abe35c7777	rejected	1790650224
0xed90c36e9cca586dcb6bcb9760973aaa2c3d7777	rejected	1790650738
0xed95f07796b5f9da0fd644f77ed6b96fa26c7777	rejected	1790433526
0xed9d3e24cc371b5c2b1e75ffd5bb315a49757777	rejected	1790434492
0xeda1ea9100655e2e7ab5c518d569b9576ea67777	rejected	1790650082
0xedac7906a13b67867f4540198bc8568016bd7777	rejected	1790432856
0xedb29fa3e9291bd19722cad6a7b370aabe48a1d2	rejected	1790649808
0xedc20a0fafd363374c208cc07f8812b2b3e07777	rejected	1790435002
0xedc6e743eea5462c222b95e03fd166c4302e7777	rejected	1790650340
0xedca670813eec646d1fe610a596dd4bef4ec7777	rejected	1790650728
0xedcdff7cc94bbe062180ddc5b076c3d786917777	rejected	1790667992
0xeddd55c39984c6700444c9acf07b7d7572e37777	rejected	1790433830
0xede00776439f9c49c592e43eee34777a51847777	rejected	1790434599
0xede01148a423553ffbbe17db090d9b6980ac7777	rejected	1790668169
0xede5b5eb382c4567445935e47c9c4ea2bafc7777	rejected	1790432502
0xedf8f575345d5843c500a6c3f5f71f8c58767777	rejected	1790434345
0xedfcd7cc635912e65eff46418353ce5a0f147777	rejected	1790649760
0xee041e1228c40ec9258a6ab1e954d34b77947777	rejected	1790431408
0xee1b25c139ee19289bf7d2771791d57f04427777	rejected	1790650752
0xee1e6f8060c6471cd96719d802ad2daa1f457777	rejected	1790433535
0xee2580f1b3dd0d3dfa8279c1173adcbddeeb7777	rejected	1790650947
0xee2edcded8a0536791052f007b1cbe9761f17777	rejected	1790650419
0xee337a57d2debc10b506198077a3db36de847777	rejected	1790668065
0xee397f56cd97298062716c7a9c4c081ffb427777	rejected	1790434392
0xee41d59e3f9c4d828fe22a483c4d614c48387777	rejected	1790650580
0xee44e244369ea22d143a63e02dd4c8162e617777	rejected	1790649790
0xee45151de9549ebe79b869eae04c6b420abe7777	rejected	1790650655
0xee454a8c045f2212a1851bc39a98c65de78f7777	rejected	1790650750
0xee4a26ca1a4b4291e6118e4f089946a594c37777	rejected	1790434697
0xee62e7e69272d372462c685cf5b2691561277777	rejected	1790432981
0xee64b0c5eaf8eb66e9e6835c94098ab393147777	rejected	1790650141
0xee689c4811e1862dadabc60b29a156b3c6657777	rejected	1790667843
0xee6f4bcc88c2c8583d5a65c7d0c877b464100711	rejected	1790652091
0xee77f8277613a41bdd9ce5a724e2dbd0f1b77777	rejected	1790434021
0xee7a9b02c10e991ea08ccde5b7a6a76d18ef7777	rejected	1790649938
0xee7b9724735e3b7568ae66b52ab9afd946087777	rejected	1790667733
0xee7cdf3e586edf26414071688f6ed2d30f167777	rejected	1790650810
0xee86e3dc3aef7c234567668d7b0ad49bd4e07777	rejected	1790650393
0xee887970393f69b2e678fd8fc4515a7b109d7777	rejected	1790650195
0xee92612f8be50da9f1f68b5ffc068b8457c97777	rejected	1790667860
0xee97b1f852f398ffc63738e8efc6483b63a17777	rejected	1790649653
0xeea15974633c61944fa2bc3b9cc1a05318307777	rejected	1790432019
0xeea4b28746c96d9aa3f12c4dde62e8ffd69e7777	rejected	1790431598
0xeea5e75f79e63d915d2ff43a6bc6dcbde2987777	rejected	1790650462
0xeeb0c98bfe097b8545798e51f48ca6c8bfb57777	rejected	1790667918
0xeeb15cf928713f9062a7012dc22a386b79837777	rejected	1790667882
0xeebdabba6356d83b48ab49f722f42092ec4c7777	rejected	1790650524
0xeec3c2f65ca3233423d1ed3a548b6f28d05e7777	rejected	1790650750
0xeec6afbc749e62c6f4d74a2e0611d009418e7777	rejected	1790434578
0xeecafcf2df4f91be08579a4d7b5f34a16d697777	rejected	1790667751
0xeecd53bdd07eeaa3e298be9ab25707e91ab77777	rejected	1790433910
0xeed22a9ef4ccd6a945aba4e21739708cb3227777	rejected	1790650328
0xeedb2652d3c778043d13880810ea371373b47777	rejected	1790650785
0xeee853a8257fbfa33d25e2de1e42bf8f50a87777	rejected	1790668145
0xeee8c5d3464fb72500850ff3aa9be3fadb9a7777	rejected	1790650650
0xeee9eee593cb8f7946260b4066cba7907f40acfa	rejected	1790651104
0xeeea2177b7b1f1c03b8404c6286d684794e27777	rejected	1790650762
0xeeea4db392e152cd226a30ee7438ec690c275e2f	rejected	1790651029
0xef07351509e7b0149d8be1532e44638237d07777	rejected	1790650484
0xef074d84df55a321d26ec7cc40c063beca947777	rejected	1790432704
0xef0bd471f65cdb4a02d086b30f6b8c1b21df7777	rejected	1790668349
0xef0ccba7f72c31566fe1054f4ffc7d0954317777	rejected	1790431651
0xef0dc7b1966d111da04a48a9ccecaaa413c77777	rejected	1790667976
0xef18e8a68bc1c5ba226d13f2b1d20a3913897777	rejected	1790433756
0xef1a2d6104e6b5c97b6b8b71fed9e121ab587777	rejected	1790668329
0xef1aa3e81ad9aaa5c1f9a870fc17d6e871b27777	rejected	1790668123
0xef2910ee795c4bf8a8905d3ee263d8eb61467777	rejected	1790668105
0xef2b6f64562ee3b60828617eda0df118c3019af2	rejected	1790649776
0xef2d548b05bc8c97ee8d7f48b8d874ec0b917777	rejected	1790668004
0xef2e68c492273a01d2fd950f1410c6cbee177777	rejected	1790650064
0xef3e3239677f91de86199d4ce1cdc8e201597777	rejected	1790650363
0xef43fe8e6bd77e85cb569a7ca79aca006e887777	rejected	1790668098
0xef4cdb32d6cdf4320fa53a8f2fdb8fd519027777	rejected	1790650189
0xef54a113d83f1bea0e77c495ad4f120e07907777	rejected	1790434477
0xef59d6375446bdd4e81c25a72868c01f43117777	rejected	1790650779
0xef5c2a6c2b3b246f26bf505355fa6fb7551c7777	rejected	1790668142
0xef68645375626de18d60b824152bc30c37bb7777	rejected	1790650916
0xef6ab52cb58eb95474cc9730631b094952757777	rejected	1790650232
0xef79fa0762d27714b8392a1d08fcebd0f54d86ce	rejected	1790649973
0xef7c8d88b310a0075d9a2a02f768a1a16de47777	rejected	1790668063
0xef7cef2a5862e1fccc38e47b28ea88000d8f7777	rejected	1790650701
0xef7dd282bd961065151671f93ddc0c06ce297777	rejected	1790668253
0xef7ef7eb04c56530b7ce100588121adc710a263e	rejected	1790667928
0xef8f743ae497f1a3e46565af0c3203849ef67777	rejected	1790667714
0xef92d0545ff03f409e87bc206683c34759f77777	rejected	1790667937
0xef93d6d083e89466f53f48a6a4a6a73a15b57777	rejected	1790650254
0xef9989bc6587370239321c10027c6e3534d77777	rejected	1790434329
0xef9c2f91c7627b471d8469980f623193032a7777	rejected	1790651038
0xef9d986b36f9f4a94d707703be6e320112327777	rejected	1790433692
0xefa0102a5e67284263f0db06466fdf8799347777	rejected	1790432873
0xefadf7dcd1a90efccdba1de16d5cb1ee3d9f7777	rejected	1790434353
0xefaf3e6f93b4802ef93c8effd6466cfbeb377777	rejected	1790432732
0xefb9b65b7056ad06e513a3b3b2b80e000bc77777	rejected	1790668143
0xefbafb6a83baeacd382a3c05cb32354d66237777	rejected	1790667966
0xefbe675b865fe98f8459d21bb3e3cd0671f87777	rejected	1790667709
0xefc0741ddce04a4b5997b5c7aae0b7df38187777	rejected	1790668322
0xefc2512c4913f8649e6585b42f4cb9caa48b7777	rejected	1790432946
0xefc9eda27d188c29ad3901c2793a5507f93f7777	rejected	1790432716
0xefca215fc3abdf1c7733d54f40c6bbfc8ed47777	rejected	1790433539
0xefcca602071f3b5012ebf1fea489bb7ecc8e7777	rejected	1790650067
0xefd0298e29c8b87c03ae444c9196c5c0a3bb7777	rejected	1790432512
0xefd0fb3182861db08d2d68a2aed8ba52ea927777	rejected	1790433524
0xefdc9697f18687b8c9784299f30e1f642d7a7777	rejected	1790650905
0xefde72e082d60ecd7ef3c1b2498e08192e7c7777	rejected	1790432983
0xefe8f16e074c81a2f4c37c970de5b4a5d6f57777	rejected	1790650785
0xefe9830745f24f36f7492869e7f1199a8b6c7777	rejected	1790650816
0xefeb024f14d74e25597d5ba57ae123934d157777	rejected	1790433441
0xefec5288b37ab34dc99355051cd017eb1bc47777	rejected	1790651032
0xefed215c591e3244037a43d0b875d1c6f8327777	rejected	1790668137
0xeff410d75aa163adf2b388988685b3bffb4a7777	rejected	1790433582
0xeffce3ec4bbce4c75c5efe8615abbe5f12457777	rejected	1790668162
0xeffecd27d31525e33d215f339b9d5c21aca27777	rejected	1790434367
0xf002350f74656b744baf170d844299e568d77777	rejected	1790651026
0xf009b58cd2dc87f19ea709fba1be9cc7720f7777	rejected	1790650473
0xf010fd9f6e9ab5aefe23ee97a82cf5acf05b7777	rejected	1790649825
0xf0122be18104e3d8325c7c07197056e86d037777	rejected	1790432166
0xf01a9befb329a8ce6acc7ad8366c4ccc31147777	rejected	1790650186
0xf01d092638840d8272ed94c219e718adf45b7777	rejected	1790650260
0xf01d144517a661386e27e349f46d029ac4657777	rejected	1790649896
0xf01d95c5630c484ebddcc8b233ee34229a7c7777	rejected	1790650452
0xf021472c556a2c144e2247f21b0ede660a0f7777	rejected	1790432495
0xf021cd6146f367f335254bfe303b9431f1bc7777	rejected	1790431634
0xf0249cb46495c8c99cc3002468c53e57852b7777	rejected	1790433568
0xf0251912e401f650fa65a1aebd91105857e57777	rejected	1790433522
0xf0254b822077ac8d5441061222d7e6d25d837777	rejected	1790650548
0xf025f50f8e56f52a82103f4ba4fcfbc78e497777	rejected	1790431440
0xf0260007440c93b2c8984b068cba58f77c867777	rejected	1790432742
0xf02dd0820c5d0fcada82ca8435e28ae0a19e9a37	rejected	1790667615
0xf02fa75b5eed173ec445b7cca0024937b61a7777	rejected	1790431316
0xf034e5c005534e5abe4392bc87162f95d0dc7777	rejected	1790650767
0xf03e39e3fb974f4a38da45f15010bc9929e17777	rejected	1790650335
0xf04bce72bec5c9ed7dbf265fd5fcbcdefb347777	rejected	1790649900
0xf05272256268f3e877a5f84acd95f2b09b877777	rejected	1790667868
0xf0535c8eb40f04b74d7f70d8cf9e6e9c68297777	rejected	1790433516
0xf0602029b69d53715f65ee95c20d7f272c667777	rejected	1790651030
0xf0607cdaf99e4deb5693719903afdfdbb0ca7777	rejected	1790649651
0xf060d5d05a3059567b9393caf3ae4a690ad97777	rejected	1790650479
0xf073d2a1034a418add7a2318f0a1ad6cefd07777	rejected	1790650475
0xf075b0eb94359d0ae475ac57f704cc22b7c37777	rejected	1790651039
0xf07ed98807776e039596bbc55388f6a9b3c87777	rejected	1790434324
0xf0859f9cab44b0c291b207949f3f340000d67777	rejected	1790649781
0xf088e50e93a93a00db40f10c8bd148379dc07777	rejected	1790649782
0xf08d1886e2a69dfabd22a45eed8e1407b338b97e	rejected	1790434320
0xf08e1904cc8adc0e6de266556d45ce2e65d67777	rejected	1790434691
0xf09099ec4eb59191107efac5994ac1fb1d027777	rejected	1790667697
0xf090d14629b56ed736245038a987a13a8c7a7777	rejected	1790433431
0xf0a258a3239914839a986a18175f95062a057777	rejected	1790649934
0xf0a49e8a55ef4d507fc83cf6acc2e4575ca67777	rejected	1790433579
0xf0aa2bc8b7050ae38acd16f6fdd3246f54547777	rejected	1790650692
0xf0abaffcc5c449abb7557d12060d79d4c4b07777	rejected	1790433838
0xf0abc23b49a1cae667848eb74cc5cf9b73347777	rejected	1790650029
0xf0b3d9258d6de789c96f268d99d11488a7f47777	rejected	1790668025
0xf0b50f01fb1c32959e6100ac381429bdceae7777	rejected	1790650715
0xf0b654b8a8aeba15aed670431ef1fcb787bb7777	rejected	1790434581
0xf0bbad884004020fc3300b2c9f1f403e81227777	rejected	1790667715
0xf0ca4c54ce7c0ca6b627752715ae07b592097777	rejected	1790431643
0xf0cbba420af7a02047ba025da499a6a9008b7777	rejected	1790649930
0xf0e1119704c4ac7b72510d23df4744daa1fb7777	rejected	1790650183
0xf0f1e9cf87cbcbce1aa8b47b22d5e6bbc6927777	rejected	1790667517
0xf0f62725237ce945ba14edce3b15a948e2157777	rejected	1790650279
0xf0f6af5280b66ebd16a49b77b1c35702193f7777	rejected	1790650090
0xf0ff7835782e3a5caee0cb7f1ebab3fe9dcc7777	rejected	1790649649
0xf102485f64093cd7a6ef874749009f9c23d57777	rejected	1790650796
0xf109accfe208109ad8c080fd00e3fa736be47777	rejected	1790668168
0xf10db8c3718d6b32285119763c816b7964ff7777	rejected	1790650326
0xf1111f499a61af61f6accf0b36c20de223397777	rejected	1790649734
0xf117c9145a68d55313e6604ce672ab497e147777	rejected	1790667357
0xf11968a3e8250123b54ee2a17b9606cca9f17777	rejected	1790668143
0xf11cebb9c59aae002f102b1cee7511a6bcc77777	rejected	1790650470
0xf11da556d2f3b980e95a3988b8ab19457aee7777	rejected	1790650416
0xf11eb79840a5a0b3afd93a345df34cc1c6207777	rejected	1790667523
0xf1264a77cbdcb66a5f132d81a00cfe128d427777	rejected	1790433444
0xf12f51137dfdc397db413a7d0b13f20228d25e3b	rejected	1790651096
0xf1310cd49a7ec240bc65f4d6bb5053fe8f177777	rejected	1790432835
0xf13c82fc81267d0e3c51acdb9948e3469f797777	rejected	1790650125
0xf13f7b446eec442ba19e0337359440cc84c67777	rejected	1790667374
0xf14ccad337d585ef2bc40714c703b10815287777	rejected	1790650806
0xf151b0ed578521fee544590262e6ab06e8667777	rejected	1790432165
0xf1562207121e73ff3bd23b652922f18e45237777	rejected	1790650188
0xf15b12797190b9c47da643ebeb0df368cccf7777	rejected	1790432956
0xf15b273a11c8deebae803456df6776b975607777	rejected	1790651089
0xf1611c8cdc7782c7fdbfc9a9fe105ff90da77777	rejected	1790650696
0xf165da3f477ea37f5ca887a626b4d1b5d3267777	rejected	1790431644
0xf167ae1c12d63cee8fc1a6f7955c0d3bc58b7777	rejected	1790433463
0xf16a0c8def9b1df145aa173d5aaf895cb9bf7777	rejected	1790650224
0xf16aee8478527f395fa453dc9b8c65a97fae7777	rejected	1790650236
0xf16bbd4a83ee9136b4de01b7fc07708391e27777	rejected	1790433921
0xf16c108850bc1b9b6d05cd81b1d5afdf41417777	rejected	1790650451
0xf16f74661016b5a8f9223ad0403165caeeca7777	rejected	1790650780
0xf175fce6134ee254cc0f894df0c23f8f7b73879b	rejected	1790650323
0xf178ea64892b8c5a4c85fb04a1007e273b667777	rejected	1790650816
0xf180707b7b1e83f09ef6e614cda4b0ea22297777	rejected	1790433740
0xf18098063b0222c95dae8538c5d898e1209f7777	rejected	1790650380
0xf189aac6438add6d88d669a265a781ed4e8a8888	rejected	1790434001
0xf1a340f90a11b9921634827d22f55a05c2c7b22b	rejected	1790433491
0xf1ad638dd55e6e02511103c4b7281217df597777	rejected	1790432710
0xf1b0c437262615efdf35a5ada1b36509dca06b63	rejected	1790650357
0xf1b253c804e7f3a406ee74b3d7b84de046bc7777	rejected	1790433501
0xf1b47e3b894f74a11a383362160d149903617777	rejected	1790650226
0xf1ce2c5357ef1fb3702a26392748b16b73107777	rejected	1790650263
0xf1d0b971f60bcee52f5e9dc05c88eb4925a77777	rejected	1790668136
0xf1d87010aa9ef205421e802da5cf590688227777	rejected	1790668353
0xf1dec1adcf15c9f5894c9882cd0f0ec62a047777	rejected	1790668043
0xf1e019633b68f44378817f17dc67d025ad487777	rejected	1790650742
0xf1e8596a5ef8fddf1b3132e01ddc901d4b9d7777	rejected	1790649956
0xf1e92ff2526c51b1f512e266af885699008a7777	rejected	1790667884
0xf1f1362053f7492a4a848236827d9b8d18167777	rejected	1790650507
0xf1f38eca4bfc4b8711e205dad7cbc6db230f7777	rejected	1790432718
0xf1f44a0f8ee69a1c1e2d058c8573704a9a667777	rejected	1790433520
0xf1f5f7e8543947c915a37dc6436a565f115b7777	rejected	1790650542
0xf1fbe63b6f2d6a3312920430cb1f8ee68f207777	rejected	1790434583
0xf206bce3876aae0ea3442c611cc5291f98df7777	rejected	1790649725
0xf209cc66677be7e6030737652169d10cafe97777	rejected	1790432824
0xf20d259afb5dfb08ac5eae624ec4569710717777	rejected	1790432686
0xf20fa6d8739d1853af0379a5dd10e5a643c57777	rejected	1790651048
0xf20fee422012e4c5ad76d2d69ddbd45b34607777	rejected	1790431444
0xf214eac7bc66abeca0265729b0d09ad1fb4a7777	rejected	1790433592
0xf218f32d49a0d9bd8648caeab01ab65825a67777	rejected	1790649861
0xf219b3d983f1ec8cbf41cb04d55e647e2b157777	rejected	1790650482
0xf225e70162837a811c77dc2bb413a5c06e97ffff	rejected	1790651054
0xf2264516311ac5ce18b671335491a27699447777	rejected	1790432742
0xf22a63fca19185c7e730b143a1f088a554f47777	rejected	1790431389
0xf22d6ae23dc53f0a82e4ef4ec8eed50e73a07777	rejected	1790433998
0xf22ff7127908fdbe15dd2f03a5ce05fff8fa7777	rejected	1790431291
0xf232d306ca2e84a8695f48f5fde13eae2cb77777	rejected	1790651017
0xf239fe2b7c864360ed79da8c4200504202577777	rejected	1790434316
0xf23c49c4efe485bd6cad58706824948c185d7777	rejected	1790650425
0xf2407ee9b112cca95d45bef4c37e4e94b54a7777	rejected	1790668099
0xf24c868caf6219aa1793df9abdd4b54dddfa7777	rejected	1790432736
0xf25eac9c578c9045585900a28f31ee70b1bd7777	rejected	1790651051
0xf262ffab091c8121371d535a34bbf26635397777	rejected	1790667708
0xf263bdadab68a500ed44c72bef2ead3707217777	rejected	1790649890
0xf26cb05bd0cbc788165e48c79612284daedc7777	rejected	1790650730
0xf26d5b148121129f0c5c9d6f30f152a4f9b57777	rejected	1790650288
0xf26f93566890090f1d25b47fd73487c932917777	rejected	1790650726
0xf27769eec0ce0ac1a3766de965508ff92db57777	rejected	1790650573
0xf27887cfe8620a446e9dfa6ad5293295b2e17777	rejected	1790649862
0xf2873cee566d8581102058d0cb7cce680f097777	rejected	1790667849
0xf28a2eca1e19c3648101b1cbf06e640338ee7777	rejected	1790433609
0xf297a975d30915e9e9087b6c6f0df0e513d27777	rejected	1790650813
0xf2998c65bd100fe0a1d087850c5495ecc8937777	rejected	1790431411
0xf29d78aa922a741da3eb9debf7eb600644e9b1ef	rejected	1790433453
0xf2a18eacea9e5b392c0652b279744a7daa917777	rejected	1790434993
0xf2a2b1bf43cf0ed3be9b15ca442d6902c3ed7777	rejected	1790649883
0xf2a88f1e1a53b00ce93e0a8681f5f29b4e257777	rejected	1790649896
0xf2a9badaeebe0184fded614b2cd64fdf95377777	rejected	1790431667
0xf2aa70b60079c914f15871302b0f2281142c7777	rejected	1790650744
0xf2adb06418265911679ef0607b917cf123247777	rejected	1790650200
0xf2b4a48280b1f9363ef76cad2e9e337529567777	rejected	1790667934
0xf2bd119f2e35d2958942516c52694dae36a87777	rejected	1790667621
0xf2bf9cb3ae41856f13a76130eb610ba6609d7777	rejected	1790650785
0xf2c01f9af8c8de77cefaeb581a4ecdca0b317777	rejected	1790433818
0xf2c12d55c1aba78013bf5ebc3704b6a7a04c7777	rejected	1790649646
0xf2d9ea4d97a7fc618e042efc5268d9903d447777	rejected	1790650674
0xf2e5b2e69197383647fb35cd5c7565be5a617777	rejected	1790434373
0xf2f7ee6e571643299103e7fe9c3ac76372657777	rejected	1790432690
0xf3014b9118f6f872f81395509fd09c40c9be7777	rejected	1790649926
0xf308008a8343d41a6af130c84f8143601d597777	rejected	1790668103
0xf309dd979d43c780cc9053365d8c4d09b6a77777	rejected	1790650845
0xf30e335aac785312a847304c6c6e503723297777	rejected	1790667594
0xf3148fd2ffff4656e36b31070532879895fe7777	rejected	1790433883
0xf31b1d8ca41df0704e553d6b244464ff6af77777	rejected	1790668128
0xf31ded479e808f440db6eed2d37e97502813624d	rejected	1790649738
0xf325284f03be78dc25e337e0f9247b8fe2ff7777	rejected	1790434004
0xf32fb87da22564a1d9561f73f7aad34d578c7777	rejected	1790649936
0xf33c1a9bcbf9a50ef92498e6fbe2e51a985f7777	rejected	1790650544
0xf3458f81777a7a05e1026861a62371d53e417777	rejected	1790650388
0xf34697ba3bdedf53692d652f1ed99b5293237777	rejected	1790668336
0xf351fa75cddbbdaca3a3912ec3c41c0cceb07777	rejected	1790432844
0xf362098427eda5be8f2ed8c029c1de9510767777	rejected	1790650753
0xf3766677896d06bcb2ef614da847687139bd7777	rejected	1790432870
0xf37c5075b1ac455dac691a4f527c7271684d7777	rejected	1790433490
0xf37cf24279e499626a90fe60cf1a13dde5837777	rejected	1790667694
0xf37dc7e3b66d20759a58bd4d1dba05002c427777	rejected	1790650240
0xf3854bb165098f9943e5b02871e24f0db0357777	rejected	1790650064
0xf38aa222adbe03534f44c73a92eee920f4327777	rejected	1790650685
0xf38b31f80928df527eb866f2845a7d3792997777	rejected	1790650225
0xf390344879f7b92574f70a2eeb710fbe0b307777	rejected	1790650365
0xf39185bb45b32ef4c93197c9c4b7a6ae1a227777	rejected	1790667917
0xf39a164b1b74b538cbda7b2c5cfe7f8c0b757777	rejected	1790667973
0xf39a3b25e695fdc9670036428d8577e9673b7777	rejected	1790432988
0xf3a4877afadd73d7a76da1f9a03e7065e63f7777	rejected	1790431649
0xf3a8b27d1c5a136c24a24e70343600e95c067777	rejected	1790650262
0xf3ab19dd36cc266fd7eb4552508c5e31f1e07777	rejected	1790432693
0xf3b2f6f87d3a4aaebf31e1d3eb12296c22797777	rejected	1790651036
0xf3b7a4e987e26f1b8b8378731d9b23190ba57777	rejected	1790433526
0xf3be6ecb7ea2e952740f0c40ae2c702567e87777	rejected	1790650261
0xf3bf1ab33255108f18bbe5e7abd1d64e2f707777	rejected	1790667864
0xf3c7cecf8cbc3066f9a87b310cebe198d00479ac	rejected	1790434822
0xf3cff9220436fd513d877fb9c4b157447e577777	rejected	1790434495
0xf3e69d8040c8b67290b5270a1c8cf4fb31f97777	rejected	1790650808
0xf3e82ea164cb344b2b11bad4c24b0ea4f7ba4714	rejected	1790434178
0xf3e930f99ac12787db1b079094aa7ea1af287777	rejected	1790650365
0xf3ef5d6adc1c890720f4ad65241f98c2ce2a7777	rejected	1790649773
0xf3f26c731f1a39694417f74f97d579737a047777	rejected	1790650505
0xf3f746d5f85fb85d36882d84fcd65ece520a7777	rejected	1790650845
0xf40118f1b548963ead00ba5efdf10e6231657777	rejected	1790649723
0xf40592daacb3e5abf358789f5688c0b4f64d7777	rejected	1790434979
0xf40830ad6179647c82f20f814a2d035361457777	rejected	1790668139
0xf40d6eb6daf82eeb9341a6f87d245cd653c47777	rejected	1790650242
0xf412268f2951738c0abd72811a6ae8b0b0eb7777	rejected	1790650747
0xf417b3ee7a32dc6585cbc429e1d6dcdf068f7777	rejected	1790650345
0xf425dbb19d7bb0f4f039ae08a172ab5822e97777	rejected	1790650283
0xf42ac02105673943fe69031553dcfdd8b1677777	rejected	1790434607
0xf42e1bb73960d48181a83df9cffdf095158a7777	rejected	1790650134
0xf43cb627824bd1bc0498f3093983a8eb3b547777	rejected	1790650753
0xf43ccdd90f6492bd0ff78b23a9c107027a897777	rejected	1790667734
0xf446864b21cb7a98e0ddd4ebe21398625efe7777	rejected	1790649957
0xf446a66383aaaa47468376f2d18284a5f8a47777	rejected	1790650451
0xf44f7194bdcb7f57d8bb027cce77c7c0d2837777	rejected	1790650297
0xf451c7a89df569c159c17e7fd736e7ecaab27777	rejected	1790433893
0xf456d0ae0293678982606570a0a7b9b24d0d7777	rejected	1790433677
0xf45befa2d37c0cfa62c264857501e532e8837777	rejected	1790433732
0xf45d09e54612913275240a6d62d8f9d1b5de7777	rejected	1790668079
0xf45f1d03caa9d14cf99793940c2793812a7d7777	rejected	1790650840
0xf46675a35ae615fd6c677db6a34615072ccf7777	rejected	1790433592
0xf466a09743b94b4f80c3ee4f6ac63a2e99cf7777	rejected	1790668029
0xf479c424a50a61ab72b4b3813296ebd899a37777	rejected	1790433659
0xf47ae7913cfcc1365eec2e8e3084482d3b2728b7	rejected	1790650782
0xf4840a4bd61faa5d0b52ee47d32fd4d266df7777	rejected	1790649759
0xf487eb02171f51b3844f9c387eb9e7ac104d7777	rejected	1790668089
0xf48827269acf7d2768f7480ea540b00cd83d7777	rejected	1790434212
0xf48b83d5376d239e7f22fbad8b943964b8687777	rejected	1790651086
0xf48be276182838c9deb10fdfa4ac4578818d7777	rejected	1790650492
0xf48c7ff4afccb4559f533546422ca416f2e07777	rejected	1790667608
0xf490d7b130701c38b35094714e6429bd98fe7777	rejected	1790649776
0xf49725118cb0707b8706ffffe895f3ab16da7777	rejected	1790434595
0xf49f41d11a7aba1602bbf6e39f80d204cdd17777	rejected	1790650372
0xf4a8c036fea893a4fa43c8a6d9260e4c91637777	rejected	1790433734
0xf4a9a11c3a555f786505ef73db9eaf0b0ad07777	rejected	1790435002
0xf4aa25d1dc7092dd543aae0f63b9d6ebb8f77777	rejected	1790649986
0xf4abc8c84194603db625a1b8e102770c3af87777	rejected	1790649757
0xf4abdaf94ea81fe4db609aa32f760cf9d2917777	rejected	1790432872
0xf4b32dd2b5cc467d27ca40a50674ec11408c7777	rejected	1790433728
0xf4b494023109c80e3915b3b5c8d4fcf101607777	rejected	1790668012
0xf4b65330857f6c028f5dff7d1001882a1b007777	rejected	1790650060
0xf4b9abbb7acafaace3507982c4c27cedf3567777	rejected	1790667738
0xf4c036a77fc265ad25021922cecd64fde0bf7777	rejected	1790433846
0xf4d98fde25a36446ec0beb08e39458ce68ef7777	rejected	1790650055
0xf4e379c4cb24fe71c888e30709f104919fd57777	rejected	1790667726
0xf4eb2ca33d602f5899ee6c7e2e0f805deac27777	rejected	1790667877
0xf4ebb441c1f16325ec7ed294de7a207da12c7777	rejected	1790667437
0xf4fc7d51f53fe78965c28eb4f5d0366903fb7777	rejected	1790650535
0xf5004e3d62856b14d64f0ccf88970d3f93ff7777	rejected	1790433487
0xf504490e1859e2435e595f3a05be6872d9957777	rejected	1790651029
0xf508ac878f9671cc19e21d6b8e089e531ed8f14e	rejected	1790667871
0xf51ce2baf7092a1c55a18aefcd4adb213f157777	rejected	1790650010
0xf51d04ec42d7e0536a906cd894db3d5c717c7777	rejected	1790650378
0xf51d07fdbf878b55404a276490ff82544f167777	rejected	1790433842
0xf5282029694911be85600bd72757cac1a3057777	rejected	1790432951
0xf52abe0b05042b93af0fbb647bc0da9fc8417777	rejected	1790667857
0xf52cfcbdd8e6d2bc4d3a59773bbb53b29b8b7777	rejected	1790434479
0xf531bb51bc34d96c1bd8bafb9e00b0ef06067777	rejected	1790869675
0xf53311981bb172001adcc221fc1b9de37a847777	rejected	1790431272
0xf539d813948e029ff89e8b9b4edf063585077777	rejected	1790650033
0xf53c454fb4c50d8fb98fd59e132bd99199e77777	rejected	1790433679
0xf53f9527e06a6cce11a34e44b3feb4e0d2117777	rejected	1790668114
0xf55438d38f24b454832266e1b973d28baadb7777	rejected	1790650167
0xf5598f0bf145e06c948f8011df9a9d1903417777	rejected	1790650752
0xf55b106688eb85e2134ca01dea563f71b1c17777	rejected	1790649949
0xf55baa7c51602502f3d980fd00f8a53b9db47777	rejected	1790668034
0xf561061d3019e993046c2df26197d8ec038c7777	rejected	1790432689
0xf56456ce5287aca1ccd456fd560ca1217b437777	rejected	1790433702
0xf56837fae7a6f960fd147c6159b7a3d51aaf7777	rejected	1790432702
0xf5756002b6c04b3c084cd76fbd3015575ffc7777	rejected	1790650568
0xf576e470da2dfcdd521aebc3332144f2b4157777	rejected	1790431614
0xf578b84ba599b44baea6d766e5cb3421a77a7777	rejected	1790650494
0xf57cec4d422a95c7881c54b6cc9e2121448f7777	rejected	1790433434
0xf58305b3fcab84d15dac364d3fd88282c6067777	rejected	1790433495
0xf584bbe501c2e328b70a0ede4f93906f8e0e7777	rejected	1790649960
0xf5b21d9449cbc7572f115d2b18880b7a64a37777	rejected	1790431627
0xf5b441067d1aecb01724673eec3f365e821f7777	rejected	1790650477
0xf5ca77da5949825487f1bacb0c938ec7b4157777	rejected	1790431619
0xf5cf11e81cf792dec15afa16cd98276436227777	rejected	1790650264
0xf5d5ca0821e7c903594bad0acdfb432bbcab7777	rejected	1790650743
0xf5d88ac00502e4ff87928aaa64f2fbc52a4c7777	rejected	1790432678
0xf5d9b30a1e898089dec6d85659c540af32d97777	rejected	1790650835
0xf5dc1e9ed7e3944b50f2c251b19f0495c4767777	rejected	1790434487
0xf5de0cba2768232d7b3456cf81813c45c9897777	rejected	1790431632
0xf5e2aeced81621d4d01a4532b285029a2c507777	rejected	1790433438
0xf5e622edd212f0b236a436ea33def94a6edb7777	rejected	1790668116
0xf5e9b5dd8245e3d8dad1ec819942797b530a7777	rejected	1790432690
0xf5f4404083e1ec54b037cd785f91b02bd5587777	rejected	1790650669
0xf609e7c374ee82001c3c9834c63d8c8cc6ed7777	rejected	1790434596
0xf60b887f15ce1588f00d586ade4f7a08c17d7777	rejected	1790435001
0xf60cb3cd2176d5496f5ebd90727c717b85ec7777	rejected	1790649929
0xf614a4dc570dfa0decf7466cdbf372ed2b727777	rejected	1790668042
0xf618c7432439ae9706d3c0792ef2b37602837777	rejected	1790649913
0xf61fb552e6032b3b33213d2f02c4da7551d27777	rejected	1790650510
0xf6217485ea4beca4a903b6e15dc925368ec57777	rejected	1790650775
0xf6242a7293fda4fa4e27eae4f385498eaff07777	rejected	1790432871
0xf630d1c6c1caee8c2fe768aad6c03c271b5d7777	rejected	1790668134
0xf6341f561db12da4157d6079b1b56854b69a7777	rejected	1790650492
0xf6345f3a2e7e7410c3090776ed3958f6689d7777	rejected	1790650019
0xf637cbb61be40295fe890e1632c138a517ee7777	rejected	1790650456
0xf63a51376ab49e85d43d9d5c6a86bd86ffcc7777	rejected	1790649835
0xf63c2a7848e19e6252f43229440f17050ef77777	rejected	1790650144
0xf64eec948546a22609b75ece8a647b0a32ed7777	rejected	1790668076
0xf64f54e2e7b27825bccf42e7e83d0a0488627777	rejected	1790432981
0xf64fb03ca16f3ad871fe716489af376e50ba7777	rejected	1790667607
0xf653765e89240611f7c045d7141551ac9e737777	rejected	1790432677
0xf660cb724a25c8108c1e88ed127001fca1057777	rejected	1790434812
0xf66f4aa1c238eb2b56da734062b3606a08697777	rejected	1790667995
0xf6723fe3a7b9df1ab42d6bf0198387ec5e417777	rejected	1790433653
0xf67c5848301cd8e9ce0f05ec3b31aa996ff97777	rejected	1790649856
0xf67c63da0895e5a4bcef0fb6ba452f9fa7e77777	rejected	1790650139
0xf6814086091193053b0ed78f10c27b498aea7777	rejected	1790649847
0xf68cd682d9989a0bb4c47d8fcac8af506a0b7777	rejected	1790650062
0xf68f04dcae3e6f5081a7b81020434393a5357777	rejected	1790431666
0xf6922a84b27e407d638eda8df47e68e854837777	rejected	1790433557
0xf69306a4769a96eb4ca6b2e1bbff6cdd1a810951	rejected	1790432747
0xf69e40069ac227c11459e3f4e8a446b3401616b6	rejected	1790434829
0xf6afd1d863cf1bac62432ca32159d73ff5657777	rejected	1790433431
0xf6b065717a8d239ba22085c4c0ecc153793e7777	rejected	1790433997
0xf6b5c247be77a620b9fd1718f0c0d6906a607777	rejected	1790433456
0xf6ba91744bc0a7b40ff4911e9a066738fee77777	rejected	1790668092
0xf6c08c972407735e4e7f7dea4d48c7e2b82f7777	rejected	1790432733
0xf6c345653e2ad6838313ecc3058d1a9332027777	rejected	1790433686
0xf6cfe069985893252962f91c48df0e232b057777	rejected	1790650179
0xf6d353977afcbe634785699d72ed3948dd307777	rejected	1790650047
0xf6d778524e87b14b59e8a74c954a890aff087777	rejected	1790650934
0xf6dbc6c76ee1df501efa0b21e856a532872b7777	rejected	1790650099
0xf6dea00e6eeebb3ddbe222dca225c4f43bfd7777	rejected	1790431617
0xf6e1fc2acdf8634be8bcb2364309bcc4b96e7777	rejected	1790650357
0xf6e3e2844e6892363e166f91a751826e31d17777	rejected	1790649992
0xf6eb97aa31888090591a0de8bfb3de279eff7d40	rejected	1790668143
0xf6eda5c9ee8da36bda6c88e26a90d09e6b927777	rejected	1790650142
0xf6f0ce4caa4c23482fcef744f5bc9d5cd0a97777	rejected	1790433997
0xf6f4139ddbd32a04d0e5099f57a93bba0ba87777	rejected	1790649972
0xf6f570ae993c2ed7fc078d4ab2e7e753d0657777	rejected	1790667613
0xf6fab9250bde78cf900f859ac35fea2672bb7777	rejected	1790667891
0xf70593b2e6606335745a2f0ba0da1b93c5e17777	rejected	1790649942
0xf7077fd124d4fa7ae8a14b12448b528a5a3a7777	rejected	1790650176
0xf70880b705d924848b9f4be3d0b32135ec617777	rejected	1790667598
0xf709b45c7d9f53e3a2b37f52292b0b7ec19b7777	rejected	1790431426
0xf71388e979b3d50d912badd2c9a2632998197777	rejected	1790649882
0xf7175a0db42bcb56b8dc47d09b725af1d4167777	rejected	1790649988
0xf71c2aba3848adb72b5a87a4b048289d7c6a6c73	rejected	1790433523
0xf71ca71fab20ecf639d6cc0e44942b5acbc37777	rejected	1790433626
0xf71eec0e5790eafb1f844fbb50808357af7b7777	rejected	1790650465
0xf72265021d5acfea7dfbdef87b9bce2f67d87777	rejected	1790434795
0xf723798c6503fafbe36598605e67b8ad7d5f7777	rejected	1790668325
0xf729299517f5f953ecce863fd23a9c7cb2267777	rejected	1790650513
0xf72c2c31fbb8fb874cc2b942de099b0fedbd7777	rejected	1790434608
0xf734bb81d240a3fec1069520dcac59e0a60f7777	rejected	1790650094
0xf735ba4474b87f290fd252b945f8211f5fdf7777	rejected	1790650095
0xf73b7707a165edb89aaabdf34f6729a73f77d96d	rejected	1790650250
0xf740e1d213e919144ec892ad9f13af758b9c7777	rejected	1790667770
0xf741948cbc073fbcac441ac3d3228663019b7777	rejected	1790668056
0xf741e9543b7893d6f4f900c9edec26341dc17777	rejected	1790650213
0xf74548802f4c700315f019fde17178b392ee4444	rejected	1790651350
0xf7483c344ac83e5ebc3c4450804b20dcde117777	rejected	1790434602
0xf74ac839be1d421838eb4ee928760f16a3737777	rejected	1790433470
0xf7527f16bafea77e5a3782dd3099c616bf077777	rejected	1790668093
0xf7538864410adcaf6f131ca495eb8c4f665e7777	rejected	1790650867
0xf753f9e10e8c52dc465a93feb8bb924e2a907777	rejected	1790650858
0xf7562a82054c052cc296eb008b7f5b18c3977777	rejected	1790650368
0xf75b63f90de3170a04e30116dfd92e59d3b27777	rejected	1790433676
0xf75d1c5d33738f33997da0fa87a921fdb73f7777	rejected	1790432716
0xf75f61b1351ea5a11d8c6517536d95f264292d67	rejected	1790434489
0xf7654a059cef7e4864aae81cb4265c9053337777	rejected	1790650372
0xf76e106254a2fac844827a2fea2b8f9ed80a4444	rejected	1790651055
0xf771d34d154e896adaa8848c3dd39d0cdf647777	rejected	1790650562
0xf7757eb185edda69e923f113e650242509667777	rejected	1790433850
0xf7815beb95e20876ba1f4a8affe7cf3d59e37777	rejected	1790668002
0xf782be2cbd48aec235a25ac3e81a570387e37777	rejected	1790668041
0xf7855f55e4a2569b19bb8b8229499890678c7777	rejected	1790431615
0xf799a2338b968ea83640ddc8a1cc43b458eb7777	rejected	1790434383
0xf79b7db89c8ea7465fbbb1ac20eaf71755cd7777	rejected	1790434802
0xf79f2d0da1bc1967e7718e10f6f7385102b87777	rejected	1790668338
0xf7a09cab0560ebcfe1b1cb21d6dae4406df87777	rejected	1790433708
0xf7a217a30d5dc42dd34befee96dac0e0d8527777	rejected	1790650212
0xf7a71447421b304aecb02318e37430b7d2167777	rejected	1790668007
0xf7aed9d7a5c743b74bc2eb3fb1c01729ad8c7777	rejected	1790649912
0xf7af886247b4d63469fe9c4204d60c95afee7777	rejected	1790650102
0xf7b3d6f36448601f8abf02de6baced479b6f7777	rejected	1790649855
0xf7c70b60758a93c1f5ba899ebe576eb9a1ab7777	rejected	1790432493
0xf7cac4b18797c6a391e73a2e3220ba5c6cce7777	rejected	1790650358
0xf7ce56778b9af203cb563c2c4bda2ecbdcf97777	rejected	1790650436
0xf7d218214fd2043666e72654c69be1fb57737777	rejected	1790650255
0xf7d29e343071ea42c0a9bc63ebcda905b85b7777	rejected	1790667516
0xf7d698610c61e0bbff22332c2f1f0122119c7777	rejected	1790433716
0xf7d9deaf3ee10dc721570de4c580a8af05be7777	rejected	1790650007
0xf7dc0382a16f36f730bb04bc8a88fb8df8cc7777	rejected	1790433432
0xf7ddd57374812378317140b0a503cfedae047777	rejected	1790433886
0xf7eb59f2529c4bcd46b9dfb6edfad91a976c7777	rejected	1790432997
0xf7ee33b4be38d32ebaa96f1946e8cf39109cffff	rejected	1790650482
0xf7f6b78fca30c5a21539f6b8c1f93be6d9907777	rejected	1790432990
0xf7f7cf740fadf75d60c09accc40ed7d54f7f7777	rejected	1790650801
0xf7fa8204de15b551c3e7e772224d75bbb6657777	rejected	1790650723
0xf7fc0e5ad8fc95b0c4ae59db1ff068bc64417777	rejected	1790650168
0xf803329acaeb5f81b3fb78f978629858a2717777	rejected	1790432749
0xf80470ecbbbdb24062897e4f62c6b923cabd7777	rejected	1790433706
0xf80564cc344212bd1ef0ba26aa971653abb17777	rejected	1790434836
0xf8082906ecafbc90bd1ea1dcff1e206d3d377777	rejected	1790433893
0xf80facc8e4ae26465585cb2523299d6715507777	rejected	1790433631
0xf8115c5178412c0ae0262d839ee6952109517777	rejected	1790650369
0xf8204db4d9ecaacdac2ece8277c5574085157777	rejected	1790432987
0xf826ceec274671c653488835da1bae98243a7777	rejected	1790668116
0xf8279d07b5b6b094e366859d05f4e43239e6554e	rejected	1790649840
0xf82b572218409141b4ad40d67752bc643d297777	rejected	1790432875
0xf83124947d6d3d6d2e7124f53cf47c3eed6696b3	rejected	1790650864
0xf8349bee93a4d9bd30f58fea8ae492dd23f17777	rejected	1790650479
0xf837589c53617f83549e71eb2dd8073ad7e67777	rejected	1790650798
0xf840452823b2ce16d4f6fafa75b5564b6a9f7777	rejected	1790650817
0xf8421716f447cc839a5436f7a1b4277725967777	rejected	1790650831
0xf84601602ff1b2fdb63eaa9851ab0705238e7777	rejected	1790650762
0xf84855b96c39510eeb9958348fa0563beb2d7777	rejected	1790667963
0xf848900c2d0c8653a594c2aaabf1bc14391a7777	rejected	1790433278
0xf84c0ec08204767c378f804f3885dc45db4c7777	rejected	1790650036
0xf850247ccd8a59d9968aa39636bf4ea826907777	rejected	1790434702
0xf85df307a97688139a2b81ddf8b2a037b0607777	rejected	1790433578
0xf85e51a5eb460aac002a13942300f6bfb7d77777	rejected	1790650247
0xf85ea06ec9f4134900ae3a4a86dc7cc603527777	rejected	1790667607
0xf85ee15c061a3ff4ba403ccbadb6440d6d347777	rejected	1790667693
0xf86264aaad4db04206ca1ac2c88db360b56a7777	rejected	1790650457
0xf8719a6743d0da3cd9ff985be9c3e318fbe5ff38	rejected	1790431409
0xf87628f9943975b9d7886a3920ce04b8f7157777	rejected	1790649833
0xf87927192e54294be4748b271a8d61f309597777	rejected	1790431600
0xf87cc84fb0d59a41a3dfd162678d582a72b87777	rejected	1790434316
0xf87d8bf22f149fe68c4955328ef82b822a5f7777	rejected	1790433910
0xf87f39967a66e47d86fa011abb38f008c2947777	rejected	1790650931
0xf8848a8740cc18df8c29bbaced152c1f34d17777	rejected	1790433524
0xf888f3199a1d49197794d69bd9a89d59db677777	rejected	1790431442
0xf889d89468768268ca84f6843fd0bd485af67777	rejected	1790650687
0xf88a8b5d011d7175bd576d4e95a16a6e76d87777	rejected	1790650871
0xf88b2332e6cf916863c3f39f922543b47a4d7777	rejected	1790649928
0xf88b6ffed76dad3da6248c429fa6cbe10ffb7777	rejected	1790433579
0xf8914b184a72b8c51a51c1afc92f5e64ce5c7777	rejected	1790432741
0xf892eb253c2d27dee4b7f04402a81590cbf57777	rejected	1790433534
0xf8963f8613aaefdd11b748053d23372bc7a17777	rejected	1790432421
0xf897ddfc84528a28d8007d59617a8825fb317777	rejected	1790649973
0xf8a0bf9cf54bb92f17374d9e9a321e6a111a51bd	rejected	1790434037
0xf8acca25bc43d9cfbab10c5940ec599d5ed07777	rejected	1790650813
0xf8affb7ce03be6e59284f52559798892e97d7777	rejected	1790668133
0xf8b59d7442e23942542017f117f611cb07c97777	rejected	1790667908
0xf8ba0b1677ded77dbda37d1d42a1b3af08a77777	rejected	1790650101
0xf8c7761dcb0e2168f70864aae286122526067777	rejected	1790649733
0xf8c89781d0b584d95306d7e2bafe4bfeb3dd7777	rejected	1790649836
0xf8c98a17800bf449555480292310403a1a307777	rejected	1790650828
0xf8cb0879d8eb0c654d5993a2550ba30784087777	rejected	1790649886
0xf8d1fc671c0003a7b1e8d24c0019b51cd5917777	rejected	1790434194
0xf8d400b708d9ae0c57e031e9f8cea8c794ac7777	rejected	1790650043
0xf8d6e8236f282b2e1122f4e7e0210eefaeee7777	rejected	1790667884
0xf8d922c52fdeee72905bc6eccdd9967dc9447777	rejected	1790432708
0xf8dd76fcc76fa44d688a2ded321e567bcf747777	rejected	1790432482
0xf8ddbf57ed4b0fc971d635a3b9389a1203227777	rejected	1790649869
0xf8de332494ed1fd7b7bb8744c5664d44d2d17777	rejected	1790433700
0xf8df9fe561435a5c242c72ba84507f0334857777	rejected	1790433747
0xf8e614a4124c00652b9be5e48f42c7d065926299	rejected	1790667355
0xf8ef73ebf21a7aceaeebd7b6457f3192ed547777	rejected	1790650165
0xf8f4a6059ea3f87406e08cba42dd900871547777	rejected	1790650684
0xf8f9429950b25e90556ec79306aa3262dcdf7777	rejected	1790650298
0xf90619a3317079f40de2878451f63a4f595c7777	rejected	1790433686
0xf9087eb4a569af3cc0f2e6303956d35112f37777	rejected	1790433873
0xf9136709f442631897d17f3b35efac8a35547777	rejected	1790649919
0xf918ff574849277ef0b8eb5e5f7e55996f798888	rejected	1790650892
0xf91b720dbb1aa85a9a9f535806d28bd862187777	rejected	1790433618
0xf91be85eeaef2d3c0c31b8e8a42940cf26c97777	rejected	1790650415
0xf91d16ac428822e6b7a3c4707d3bc256c99c7777	rejected	1790650399
0xf91f52b81f7c9298aa4bf6e5af58f1cba73e7777	rejected	1790434004
0xf91fea6c4a71c159a059403e3369d10d4a807777	rejected	1790650323
0xf92c12335092c8bb848f527c00773efeb0037777	rejected	1790433603
0xf93b6c336315ca0d9fc80317ee2f763d74397777	rejected	1790432720
0xf94b02f1b4c1a2542a282f0127b54a7860757777	rejected	1790667984
0xf95274dae2b1f94c716d1177889f2e775c777777	rejected	1790650222
0xf95b625fa70ae3d9a8423a48cc8302b43f207777	rejected	1790433658
0xf968c0018772a6cfc5bd9ccbcee5dfcd9ce4ffff	rejected	1790431424
0xf9910b107284842f94fb7e9abe64fda2f45fde69	rejected	1790650159
0xf99123a16b08982d0da870d58ff06657f83c7777	rejected	1790649922
0xf9a0264441e8a45720f04d2e751cca32f3e27777	rejected	1790650174
0xf9a0751df83ae354cbd757e14848b0e2a1db7777	rejected	1790650139
0xf9a49f93b707b5db9e69ea5ae4493dd1d8d07777	rejected	1790668027
0xf9aa4171b61fe02c3aa9ac6fb8a018694e217777	rejected	1790433586
0xf9af370f99e6d4de0e91ad7ac5dd9ea08cf37777	rejected	1790668060
0xf9b5502ed12ebb3dde3609821edc6a84f1127777	rejected	1790650718
0xf9b9b3307093e7a01d5dbd6a40da0d303a437777	rejected	1790432982
0xf9bf46be36e7df523507267b6ae29d6091a77777	rejected	1790650856
0xf9c6e80e9a5807a1214a79449009b48104f94444	rejected	1790434499
0xf9cf1299b2c2b73517fa84e648e4bc46e4567777	rejected	1790434582
0xf9cfe67477b3ab83a4ea8ec917b2615e61717777	rejected	1790650202
0xf9d25a11c4fe40a3e6f7d990ff889e14a3ba7777	rejected	1790649772
0xf9d2da1fdd122af74a486fd701ee991e24598899	rejected	1790434367
0xf9d86cbcddd8d7091e659ad19b34069e827d7777	rejected	1790650526
0xf9dc34cd31bc05ec5957ee2b023422f250777777	rejected	1790431672
0xf9e29e70f3552f2189b84f84a4229e3966f07777	rejected	1790650936
0xf9e81bfd1734bd0f352b2552b1015c1fdb937777	rejected	1790650005
0xf9eb0a01b22cfa35b6d371cd4d8ef6e615777777	rejected	1790432973
0xf9f600d39ab8b7910bbb531b77e35acd14377777	rejected	1790433494
0xf9f6d643928a122abf2377f07d434bd1ba237777	rejected	1790433735
0xf9f7b5c1c5c9adff358292fe112e175e295d7777	rejected	1790649738
0xf9f88eb822f0ec12a8c9f19b6d0c4aedc1b97777	rejected	1790650730
0xf9faf2f8c415a2da72c8a6d452c24db6fc477777	rejected	1790650821
0xfa02fcda860d0cc4e5c50b448fd762f1970e7777	rejected	1790649807
0xfa09324c78a141e5b304cb1bb153bc85c2b27777	rejected	1790650812
0xfa0d26ac44dd19758e4224f59aaefe6cd3a87777	rejected	1790649957
0xfa141b2d84f1ea4e6c6cb016b90542c615a1bbbb	rejected	1790651100
0xfa15e42c18cf57aeef4b1bac1cee7754af7cfe42	rejected	1790650814
0xfa162635dac1752aeaf42099010d7f5b92817777	rejected	1790668168
0xfa1fb379db3a22816d3fa9aa603b4dff0ea27777	rejected	1790650814
0xfa206d6bd33a66913d4361ed272f86a789247777	rejected	1790651020
0xfa247a19f5f1908b598ac9873a1432434a167777	rejected	1790432739
0xfa24c7b58145dbdae8456731ed4442ab68987777	rejected	1790432955
0xfa27e5de305f44db83aa875dbfaf7f51c1b17777	rejected	1790649958
0xfa27efb8bc4f76c7e08f1e193e9df128dc0a7777	rejected	1790434799
0xfa2880d8ae6669cebc8ffda58caf772cee937777	rejected	1790668067
0xfa2af5e47c40b3d83f3363799fa3cb629aa87777	rejected	1790667886
0xfa2e92619d465a3a51889b7d70f2cf9b19d7ee4a	rejected	1790434007
0xfa2ea4e2f6adf64178626dfafb2d698549517777	rejected	1790432693
0xfa32eb2ebcf6a5c7eeb6f33876121df035767777	rejected	1790434036
0xfa38e153cc518e53be457d8ddafe2f4322837777	rejected	1790434797
0xfa41107581ff460df2a6c7895d08cddefba17777	rejected	1790433836
0xfa419b814397733e5749df239c7641ee8e977777	rejected	1790650420
0xfa4938c2d7435f5be241b84a2668a6321b6b7777	rejected	1790432730
0xfa4c6372575356a1acef2046cca063bbce6a7777	rejected	1790649647
0xfa54df3c13a5a97a5d651b59f358add3a1507777	rejected	1790650302
0xfa573d80c7a6d134b12144c99a704e4466357777	rejected	1790433608
0xfa5902c140aa98d12a8b2a878beed98e75ec7777	rejected	1790431396
0xfa5d9994baa98028ff8bad3083dc85fa27057777	rejected	1790433624
0xfa5ef696432abe44b2ec8fa88a9d753ce0218888	rejected	1790432860
0xfa67ace328c0a2d583b41fe824c5ad5e9ed07777	rejected	1790668344
0xfa6ae331f3de24fff9c329dfdf0c665c99657777	rejected	1790650391
0xfa6ccae83ed5c7f33f2902d85cb49cd14a047777	rejected	1790668111
0xfa6d615cfe482e0941bc55f33f9a54bc81597777	rejected	1790433545
0xfa6d9b504848606eb9aec04ccc161d169b3f2159	rejected	1790433924
0xfa759b861a0a67030fb733984d9a43f787e47777	rejected	1790650299
0xfa7a42f812983935af65643c998113912e157777	rejected	1790650495
0xfa7e801020ca6363c6df454ca6b2de54326d7777	rejected	1790433455
0xfa836353f03484504b9d7a04960d3ab566917777	rejected	1790668149
0xfa8553b275ecfdfdb75ea368a753d1ff40ae7777	rejected	1790649946
0xfa8b1c21d540cdbf8a4d6aec2af1ff2b74127777	rejected	1790433478
0xfa9812e59a5897b5a311ab5ba11e9bb9bc877777	rejected	1790649721
0xfa9a1e901085e269f6d428f79cd5252d8b919344	rejected	1790434821
0xfa9e2378690cd13c0e36c16616d1d83ad92d7777	rejected	1790434508
0xfa9e4c195fdefd2131d0addc6e3f111229ae7777	rejected	1790667763
0xfaa99496ca334339f381b870bf89bbec638d7777	rejected	1790433679
0xfaaa4dad0ffc63c88b398eb8f2ca834aaf297777	rejected	1790431519
0xfac24a7a4330cf522496c6df253e6cad95c27777	rejected	1790433133
0xfad1a6e975ebb6299cab3562c3faaf3725d87777	rejected	1790431619
0xfad3557279ea014798e4a30d4f43454b74c37777	rejected	1790668254
0xfad3c4a10df005ed01ef0685cc9fe0248aa97777	rejected	1790667438
0xfadcdd7afd9b6193d3ee49ba6479ab605086ffff	rejected	1790650258
0xfae01d0cf4481766c99d996c010178eec9417777	rejected	1790649817
0xfae61359a2242dcd857b5b003e5a0222e27f7777	rejected	1790668341
0xfaed8487db03a0ef263f030e8918e2e4bade7777	rejected	1790650418
0xfaee69b5be3cd1059247bbeb2acb47fbb2497777	rejected	1790433690
0xfaf884429ca70c383ec4a300b1eead66d7ac7777	rejected	1790650576
0xfafd3b2e75db711f0c2cdd73382bda8657c57777	rejected	1790431640
0xfb0189e4e33fa8abcb4b00429551e951372b7777	rejected	1790434402
0xfb03a6f481f1299416be45ba8043d44f388b6666	rejected	1790650942
0xfb09377da6a427519bc1b0f987dfacfec4f27777	rejected	1790651863
0xfb0b54f21ad3d5ea610cf21693036c7f0c0c7777	rejected	1790650651
0xfb0fa042d4f899b90b40574eb986581c44957777	rejected	1790650336
0xfb11549ca5efe865c6a14373b739b843bd877777	rejected	1790432979
0xfb11d734cb9e5bb82772af3a92d573a6ee177777	rejected	1790650057
0xfb209a2519b435476c0a1dd4c598018da4827777	rejected	1790434991
0xfb33ae582b93d4b358b9e06a4898ac12dbd47777	rejected	1790650359
0xfb3556af23bb7556637ab5597f58df4155a67777	rejected	1790432987
0xfb4a853b1253838ee72a14412b5ebd9b33617777	rejected	1790434012
0xfb4c05813ae0ff02b32d2363fbe8e2702e157777	rejected	1790431511
0xfb4c5a7abbe97aa22849ad99738452a7a9517777	rejected	1790434995
0xfb5060dc2f5b727f9c0c388dc7ea460adc467777	rejected	1790433682
0xfb53a634c2729c8e63a5cbaa028362f9c4207777	rejected	1790650248
0xfb584fdb7c5f5e42909d9d45a338dbd1af717777	rejected	1790650067
0xfb5b838b6cfeedc2873ab27866079ac55363d37e	rejected	1790434981
0xfb60dfb63d162d8ea5c422f12d6b831f86517777	rejected	1790667617
0xfb71447b6d149bf289155242186d7661e2fa7777	rejected	1790433591
0xfb744efeeaa09f874a2fbe5f9231d0db90727777	rejected	1790433616
0xfb774e9788696653b9e476dd9c2d43a757d67777	rejected	1790433847
0xfb78f157649da73f6cb3b30cf4aa2f65f1f17777	rejected	1790650759
0xfb7f2678e5d78fbf19063a39400c4d70ac387777	rejected	1790650195
0xfb84c415a1854630da9437a5686a50ad1b067777	rejected	1790650540
0xfb8b435da07550548d55f30fcd2fd22a3fa97777	rejected	1790650717
0xfb9248c7d540c9910915ed5280abc4ea4cdc7777	rejected	1790650107
0xfb92e2789dc83e9cdce196b9ca74d13639987777	rejected	1790434332
0xfb96a6c562d3d8d935afdec032c2eeb368887777	rejected	1790431395
0xfb9dfdb13d5e39a8aa5909527a717e3280477777	rejected	1790649992
0xfba36f2dc2d43eadb6c2089d9b0f583c9c4b7777	rejected	1790432944
0xfbaddf42c75c44f4df55a4a851cf1ee3bec27777	rejected	1790667952
0xfbb27baaa58742273a2bd6583d565d3ad237f851	rejected	1790649814
0xfbb43da523abdbc619b042d3682b61898fe87777	rejected	1790650093
0xfbc0e9e64579857f7e36004995252fb76ff57777	rejected	1790432843
0xfbd40546da5f1ba8477f2f02a8090edf07d57777	rejected	1790667444
0xfbd4182528d7d002457f28ffdf23e6efe1db7777	rejected	1790667356
0xfbe4a75172704e66661dbbc8559d7138d2ab7777	rejected	1790650730
0xfbe8954a110c9c46bc16cb841e0a678f89497777	rejected	1790432162
0xfbf0f6be893688db50e6ba621e68bf8cc0b87777	rejected	1790433823
0xfbf189c0d78919bcf151281ec15abc96d9b47777	rejected	1790650320
0xfbf8554797db017c95c83baf77327acf81807777	rejected	1790434699
0xfc01af0eb940131a316c0ff4580f71adea8d7777	rejected	1790650435
0xfc0afb9a5be201beb6f4e402285c22602d517777	rejected	1790650903
0xfc18c7bc986fba433af59e2df2d2deec934b7777	rejected	1790668171
0xfc1a47b8c316c68e3dd1cd8b122116bea7207777	rejected	1790650127
0xfc1eca20770a7fb9bb7113c2a4a7d887edbc7777	rejected	1790650788
0xfc2525bdccd6db390364d98c4334d53d92ca7777	rejected	1790433630
0xfc2c9436335e4f88dea3cf8ddb7357f700d07777	rejected	1790432851
0xfc34c4b60712df1bbc17a67013f6dc05fcbe7777	rejected	1790668015
0xfc47a5e0d25b93d2885fbc658d563de981bd7777	rejected	1790650402
0xfc4b90ac62f8f59a0391ed6f31bbf61cc9187777	rejected	1790650301
0xfc4ec483ba4d6f42dc39b43a233f8c2ad4787777	rejected	1790650294
0xfc51f3e85e538a2d9910b8690717e47ba2dfffff	rejected	1790651055
0xfc56796f4481556c0c4781daac88db1ccedf7777	rejected	1790667353
0xfc6234a1531e1e26ded69ca7336dbfba07c37777	rejected	1790433697
0xfc62e46ccf094e8c56c6ab1fc8628f343d8d7777	rejected	1790667709
0xfc62fcfcf619bedbde6e6744f25a63c0f6947777	rejected	1790432862
0xfc6e68a944896f4727d187150620ee0aa3097777	rejected	1790433663
0xfc7236c9a0e4e97d13a13ef9dc62c14b7d297777	rejected	1790433704
0xfc851e3b720f228ce420b84a4644c1482ce27777	rejected	1790649989
0xfc85af14b90c853d7417fa84177438e94d777777	rejected	1790432164
0xfc879e1c5fd9fa9b9f0a4bb0efb27992961f7777	rejected	1790432680
0xfc8ac5637afc573c282112c7a1f2f680c60e7777	rejected	1790433658
0xfc94a0e276ed1b6c48d58fae3a1512c14f877777	rejected	1790650389
0xfc961d5b104181395c802c73f28b910b29cc7777	rejected	1790667434
0xfc96e96f0b3d474bad2c1191cdd7acd78b557777	rejected	1790433480
0xfc96ffb815d0a1d2796ae89c17f218d8a2937777	rejected	1790433559
0xfc9f7e93de07f9d9703d11e6bd50d262fc927777	rejected	1790667915
0xfca2587c3b1149bdb3c0fb2704140281b26c7777	rejected	1790650123
0xfcaad0d54383d4a97e70c0366009707cee64dbd7	rejected	1790649654
0xfcb675fb8cd1267b4b6aed21f1d8fd070e447777	rejected	1790650131
0xfcb95c1f74d52d6755f3dfe7b1c2143795997777	rejected	1790649951
0xfcc3adb58324ea2c36613ce96f83c7811e547777	rejected	1790668041
0xfcc4863cb54ccde5f8f372601511ce0612267777	rejected	1790431606
0xfcc86b5e24bc08c61c2ce6fb51610896a9147777	rejected	1790649875
0xfccdb7e5844899f3ce1a80a4e702fcfd8a667777	rejected	1790650889
0xfccfb1953a8455348e73ac34cf70e889e42f18e8	rejected	1790650905
0xfcd4cec75b29b68c71991b7a5187b0f829557777	rejected	1790431403
0xfce0f6afc4806c6f22eaa71f89b5bcf72ec07777	rejected	1790432969
0xfce886d0e0bb01b3611c94dee215bfd280037777	rejected	1790649823
0xfcf1abb5938d9d90318679a7ed176b0b0dc57777	rejected	1790432844
0xfcf61d59affc15e7c1f8b2e5898ea06540867777	rejected	1790667742
0xfcf6e237ccf1f01d5e8e187015d0169e16397777	rejected	1790668026
0xfcfb4ae930b7739c6823ff738dec66ab2b24685f	rejected	1790433500
0xfd02939030dfce7f630dd5a54934f626e1c67777	rejected	1790650296
0xfd0452b7495a6610165d130d7b60597c2ba97777	rejected	1790432862
0xfd06eeadc43ee0687d5611d698fb2ee39f9baaaa	rejected	1790434332
0xfd085a13e9b5aec0c4aab410d18b4fe1f9c27777	rejected	1790650299
0xfd0883e4f77bb0858279c9582f0e7610c3b67777	rejected	1790434201
0xfd0dfc22e77fa8c8e6e0a965120131deca5e7777	rejected	1790650474
0xfd14e33bab54666fe05ee7e0c8ffbaf2c0077777	rejected	1790650424
0xfd1a5b582c857e402bd820695ad828bba9447777	rejected	1790433622
0xfd225ce2f6df8473db54c1a83b20720cd8c77777	rejected	1790650668
0xfd256fd2a0a26e63a7a5d561b4e517758b917777	rejected	1790650174
0xfd4c45a0f87772d7144e04d7e402820d1fac7777	rejected	1790650800
0xfd4c4bf1299451e21e61c872a01ed07a16a67777	rejected	1790667917
0xfd548db865d8799389e1ec8f638423240f0f7777	rejected	1790650529
0xfd621bdcb4181c888885b040696d05b3d16a7777	rejected	1790650564
0xfd6bcc1e41fc9ed8830b4b3930c0821ded107777	rejected	1790434982
0xfd79c25c8a260a0d7b7871d69aec9814bbb97777	rejected	1790668329
0xfd7a1f43834bb28f9adee5de12f2b7b035c77777	rejected	1790650649
0xfd7c6d196b0ed886282c24bf2a6e6dc9f0c97777	rejected	1790649884
0xfd7ee6f3152eac17a169a98db333892559257de2	rejected	1790650869
0xfd81a336253cf1d8b2c2d9f1a11f1530a1d37777	rejected	1790667858
0xfd8798e5e14de062e58c3a102d6bba732cab7777	rejected	1790434405
0xfd8a160f4a7ed9e0eb3ac6eb629c55f34b2c7777	rejected	1790433718
0xfd8cbe88bcff4c0fc1c9e4f326ede47ed3da7777	rejected	1790433488
0xfd92cbe97118e173edf64c8a590fbec5c9317777	rejected	1790433656
0xfd92fac38e22d895a12c49e8ec8b5c3a18527777	rejected	1790432844
0xfd95f32cdff02a4ef462adf3c29e9cf989797777	rejected	1790650558
0xfd984fbe897fe257641053092eb201a1ff867777	rejected	1790649816
0xfd9db9fa19c2dc299a1fbe48453b7678ff53ffff	rejected	1790650438
0xfda101f7a851310d8426b00a0514497891bc7777	rejected	1790668022
0xfda2c4adab1b1fb07f9c66be7d41cc2936787777	rejected	1790667723
0xfda69626e40555865f1a09e8f024b5ecff3a7777	rejected	1790650034
0xfdafcd8c2c20305d4d9d233e7f5e86f70de77777	rejected	1790650196
0xfdb057dc731c2d25333b8a1d8e8b5caf4d227777	rejected	1790668327
0xfdb5a60611458d8a966c364cbbf38d1408127777	rejected	1790433843
0xfdb64344f6b1920062c4d137a5842a28c2d57777	rejected	1790667844
0xfdb878675b5d8480ee8ef196023d026a7fc07777	rejected	1790431314
0xfdb8b3c3334cb459198a0fd233fa552675de7777	rejected	1790649925
0xfdb8f6982b58a59a8aee68fa2e7e1f26bff27777	rejected	1790649976
0xfdcae3f46fc804de4c160cb981868f52d6267777	rejected	1790650851
0xfdd1db3d3611ee114c862e5859568bbfd9f57777	rejected	1790649795
0xfdd5de0b8d1455d5baa27a8784a28046d4f27777	rejected	1790668118
0xfdd9e80e424d03f4e9bb70a263f7451418fa7777	rejected	1790650466
0xfdded59403ba4113b8cdd32d0911172aab527777	rejected	1790667847
0xfde0613a99f42f14bd2a225fd42cd08654b47777	rejected	1790431412
0xfde091fbacee54988d5ba5cdbd9c9b9f10017777	rejected	1790433570
0xfde16fa45323a775a83bcaa9206242f8d9dd7777	rejected	1790650084
0xfde3a05c3607309443641ad390168db987177777	rejected	1790650559
0xfde6cbd98af56bb0c39f22e01cb367a9f4437777	rejected	1790652085
0xfdeea6c2e2269c84b3edcab7f25643705f3b7777	rejected	1790650409
0xfdef372ef96994766d9b9573bc5dc7addbed7777	rejected	1790433716
0xfdfa1a8956889ea636aa71e038ce6b99a5c17777	rejected	1790432699
0xfdfef980cc6d68b6aca9180a8bfcefed65e37777	rejected	1790650072
0xfe0020c3ba8521f6138908b1c1bfa5f03b87b1b8	rejected	1790434187
0xfe0680eb2ae44f6d95f8a1b913e8ab02c4697777	rejected	1790433668
0xfe12970bef7cc94b013bb794b5b41bbc139c7777	rejected	1790650667
0xfe18798ad999f103643483dc0f0d27f269757777	rejected	1790431515
0xfe189e97832da1573e4e4ff034f4ffc3a15c7777	rejected	1790434328
0xfe1dd1581e808ac33e2c0ac6b67171fc62e17777	rejected	1790433866
0xfe27325ebc486fc2edfcf88dc3de2086164a7777	rejected	1790650813
0xfe31d4609f1983132d56b2458fbb80b583f27777	rejected	1790650288
0xfe59bb8ba987d163df3a7350ca2c7ce852817777	rejected	1790650573
0xfe59d89d575da6b5efefd9e108e90e3999137777	rejected	1790433589
0xfe5a13cdc309e4544324cdfcff8c3a84dfe97777	rejected	1790649856
0xfe5a750ee21975ec1aeaa6ecccfbd61a798d7777	rejected	1790650240
0xfe5d92db80d432df601388aed3b76355c93a7777	rejected	1790869675
0xfe5dae9a0cfeeb037739d7b2eb5de427a2a37777	rejected	1790650948
0xfe61340a910d86d0e1134769b2ce25d75d887777	rejected	1790650468
0xfe61d7c1703182d024b4165b6f20758bb6a87777	rejected	1790433880
0xfe66750bd37ea15e2d0045bbfb95f33b69b87777	rejected	1790668009
0xfe67652f0141ef8e13198d9998e5c26fd4217777	rejected	1790650830
0xfe69ba9a72b9e5a0af0ee5a145f7cd9432cb7777	rejected	1790432483
0xfe71db3c09b8ae0e24529ecdad522aaaf7e07777	rejected	1790432515
0xfe74db5a0976bf6e2cf7dd9dbe84468f63517777	rejected	1790667938
0xfe79750aafe6f12cb0d4fc92caf108a157327777	rejected	1790668325
0xfe7c5e5479a5b25147bfcc24e9ad5a5748657777	rejected	1790433486
0xfe7c96cfb45fa4b22ac5c6675c46dfc261907777	rejected	1790434315
0xfe82cb85feada9d0af09e586a174043414c77777	rejected	1790650017
0xfe871f6455cf57643ea69d0b62f84e0146c57777	rejected	1790433756
0xfe965c50167610d58b3d9c5743c99582c9bc7777	rejected	1790667980
0xfe9a3855ea58eec5bcc2cda59f4592cbe908d101	rejected	1790434974
0xfea02bc3ac192aee214d27b06fb81561d05d7777	rejected	1790650728
0xfea0b28e9112ee4f10377bcc6b727be1b53d7777	rejected	1790668175
0xfea7926d6738157ef4ba16afd8e6dda0d1db7777	rejected	1790431609
0xfeaec0d8ca06ae81dc32567657536a86f5774fc9	rejected	1790431641
0xfeb0c4c2952b534d176c27939116d0534c957777	rejected	1790668164
0xfeb5f46f83ad074e3e59a9edc672742f4f4a7777	rejected	1790650911
0xfebee22ec6a2e1ebf6cece8c9e8c5f9d887e7777	rejected	1790433362
0xfec02c245bafc7b6b746356e2171e8872fec7777	rejected	1790650130
0xfec3629e8945261a6812bf9d6546647d09297777	rejected	1790869675
0xfec62336cb2c58f272c0a53b78189737169e7777	rejected	1790650549
0xfecdf79772c996c0cfd935c4b72015dbfd397777	rejected	1790431399
0xfedc9b396a5dd7ca9a2036b7dfcad40fad1b7777	rejected	1790432510
0xfedf19759ba9c45b1a8345a2bde916b38acc7777	rejected	1790650874
0xfee65bca77018cddbd5cc215420d7590643f7777	rejected	1790650578
0xfee65f03acfe8ec75b878c50fd1bd6aa980a7777	rejected	1790433418
0xfeec5d2c7ec92b60ed8fcb205e311589284b7777	rejected	1790649828
0xfef37680d0b695028166d0dd831d3d54f3107777	rejected	1790650669
0xfef65a839104e27d47aff7821c6adfacb1f27777	rejected	1790433670
0xff03e0f6018ef7e86211e79b25820b9035937777	rejected	1790432489
0xff2043f8f9ae3460757db20f823552562f597777	rejected	1790433545
0xff21ee58f9b5b99cfdb54e955c27fde0cc6d7777	rejected	1790650459
0xff23f74e5662c643d829b192123855b875be7777	rejected	1790433698
0xff2cd2dcdf243d0df059539a6b7dbe53c0a97777	rejected	1790434003
0xff2d0a7ee5277e3e6fa9a6583cfadfd78e987777	rejected	1790650192
0xff2dad5c1a95d96f63ddd7e89301904217967777	rejected	1790434021
0xff2df8d9d67672e515f86c1622ab61523a277777	rejected	1790433476
0xff2f4d00a17cd5e77fcc2edfb9b17d6446cd7777	rejected	1790650029
0xff32dcaf3bc280d5835b480b15555cb267307777	rejected	1790650510
0xff3b012756e6ffb371c4e97431c86ad958137777	rejected	1790432868
0xff3c3089fa5599b30bacb69267553b932ead7777	rejected	1790650016
0xff401bdfd3591b4dc5ff7863b2a84a059c1f3333	rejected	1790650492
0xff42f2badffe2876bb0acab1cc8c3d2c5d467777	rejected	1790433927
0xff45c0725e97c4dffd3055e9a5941ad5adc57777	rejected	1790651859
0xff4d4b0580133ec494147fb9f77dc93e094c7777	rejected	1790650794
0xff4eada6ec0bbc042a7692a2eb66b41f0afb7777	rejected	1790433839
0xff51a3b576569c238558a483fcbad5ebe03d7777	rejected	1790433451
0xff67686017001bcbb766aecd7bfeb8fad1427777	rejected	1790433910
0xff67c5237ea3899f05002072e48653a74bcf7777	rejected	1790650763
0xff6de18e50a4da9f28fb3f4d3ce3be849e5f7777	rejected	1790434335
0xff72090b66e77a52b124bbfb30f6d84e195f7777	rejected	1790650816
0xff7b6b4a25b3c0271be4a8e758cbe97e8faf7777	rejected	1790650227
0xff7c46732094f7858d6e08b1a6204f196ea67777	rejected	1790668083
0xff81466d467cbe51a25ab151588dc51687e27777	rejected	1790650339
0xff85778b06c131a600d520d0c167768335df7777	rejected	1790667600
0xff8c3250e1bd8b8b9d75b00389db6a8872a47777	rejected	1790668254
0xff9596a22d4f8f63af76feb387c70eb9f0a07777	rejected	1790650664
0xff969db248aa9388e0aef8906dcf39ce751b7777	rejected	1790650483
0xff9b43e90ad5e6f5bff8b6a4edf8bbbf9e257777	rejected	1790650018
0xff9bcb11e33bebbdd00a5326c6aceda413437777	rejected	1790650527
0xffa280f19e22d64e8a33a6beb7309937e20b7777	rejected	1790650822
0xffa3723014011cab2657a6e9c5a546a1ffff7777	rejected	1790650307
0xffa55b672444bb84cdc98afc51c5aecd76873333	rejected	1790650506
0xffaa9cb770b1a93ded553c2a62c0ef9f7aed3333	rejected	1790650888
0xffb0dd329deaccdaf5f7961f94a3a30b89887777	rejected	1790434694
0xffb96da0f99bc041d827ee796a5ab6c766ba7777	rejected	1790433874
0xffbc2374c0509f540d9fbcfaf8fa5b3d29387777	rejected	1790667859
0xffbd501e08ff28f67d310d5987db6e566e6c7777	rejected	1790667995
0xffc211aa1376249ce0cfb42dad08191126a67777	rejected	1790650754
0xffcda1e610926804e8206d685f9dd4c5d5d07777	rejected	1790649831
0xffcea4d60f60b43c2ae8e02bb06145c6593c7777	rejected	1790433476
0xffe1026523d6f5cc15cab1bd6c951a50c71b7777	rejected	1790433494
0xffe455ba6c0e3b12ffae70b3eaae0651dbf87777	rejected	1790650452
0xfff0765f484234f8c34b379b46d5d28744497777	rejected	1790667355
